"Time (s)","Acceleration x (m/s^2)","Acceleration y (m/s^2)","Acceleration z (m/s^2)","Absolute acceleration (m/s^2)"
1.790422700E-2,2.614158690E-1,1.002114105E1,1.597807288E0,1.015108833E1
2.005543100E-2,2.518445849E-1,1.002114105E1,1.583450437E0,1.014859640E1
2.221047900E-2,2.422732860E-1,1.002592659E1,1.588235974E0,1.015383641E1
2.436785800E-2,2.327020019E-1,1.003071213E1,1.564307809E0,1.015462431E1
2.652447400E-2,2.321037948E-1,1.002592659E1,1.540379524E0,1.014622320E1
2.868397900E-2,2.273181528E-1,1.003549862E1,1.521835208E0,1.015277738E1
3.084347400E-2,2.177468538E-1,1.001156998E1,1.469193101E0,1.012114003E1
3.300093300E-2,2.219343036E-1,9.958928108E0,1.441077471E0,1.006509852E1
3.515837300E-2,2.075773627E-1,9.949356079E0,1.412363529E0,1.005124597E1
3.731849900E-2,2.267199457E-1,9.930213928E0,1.359721422E0,1.002543729E1
3.947650900E-2,2.219343036E-1,9.911071777E0,1.335793257E0,1.000314662E1
4.163650100E-2,2.458625287E-1,9.882955551E0,1.340578914E0,9.976492902E0
4.379628100E-2,2.315055877E-1,9.830313683E0,1.345962763E0,9.924730611E0
4.595364000E-2,2.261217386E-1,9.782457352E0,1.317248821E0,9.873335168E0
4.811084600E-2,2.404786795E-1,9.734601021E0,1.317248821E0,9.826262336E0
5.026833700E-2,2.356930375E-1,9.705886841E0,1.302891970E0,9.795780625E0
5.242632500E-2,2.213360965E-1,9.624530792E0,1.322632670E0,9.717506873E0
5.458382600E-2,1.926222295E-1,9.366703987E0,1.351944804E0,9.465727741E0
5.674156100E-2,1.776670814E-1,9.256634712E0,1.319043517E0,9.351830173E0
5.889901100E-2,1.728814393E-1,9.304491043E0,1.323829174E0,9.399785383E0
6.105591200E-2,1.639083475E-1,9.328418732E0,1.333400369E0,9.424660128E0
6.321333100E-2,1.639083475E-1,9.333204269E0,1.337587833E0,9.429989878E0
6.541372200E-2,1.447657645E-1,9.285347939E0,1.376471281E0,9.387934632E0
6.761434200E-2,8.255238086E-2,9.128020287E0,1.391426325E0,9.233831083E0
6.981522100E-2,9.212367237E-2,9.051449776E0,1.396211982E0,9.158964882E0
7.201839200E-2,1.112662554E-1,9.137591362E0,1.467398524E0,9.255334381E0
7.421678000E-2,1.405783296E-1,9.195018768E0,1.557727575E0,9.327092131E0
7.641476400E-2,1.746760458E-1,9.199805260E0,1.614557028E0,9.342040619E0
7.861523800E-2,1.698904037E-1,9.214161873E0,1.648056626E0,9.361929951E0
8.081330500E-2,1.651047617E-1,9.276374817E0,1.676172256E0,9.428040240E0
8.301351900E-2,1.794617027E-1,9.309874535E0,1.671386600E0,9.460417724E0
8.521675300E-2,1.794617027E-1,9.385847092E0,1.666600943E0,9.534353194E0
8.741650100E-2,1.752742529E-1,9.462417603E0,1.699502230E0,9.615423848E0
8.961718300E-2,1.800599098E-1,9.519845009E0,1.689931035E0,9.670353534E0
9.182063400E-2,1.896311939E-1,9.562915802E0,1.685145378E0,9.712107576E0
9.402127400E-2,1.657029688E-1,9.634700775E0,1.747358680E0,9.793272122E0
9.622264100E-2,1.758724600E-1,9.649057388E0,1.799402595E0,9.816979643E0
9.841873600E-2,2.045863420E-1,9.691530228E0,1.837089539E0,9.866230876E0
1.006191790E-1,2.243271172E-1,9.706484795E0,1.908874273E0,9.894946726E0
1.028197770E-1,2.195414752E-1,9.711270332E0,1.975275040E0,9.912551710E0
1.050206460E-1,2.099701911E-1,9.706484795E0,2.008774519E0,9.914389019E0
1.072257270E-1,2.105683982E-1,9.682557106E0,2.042274237E0,9.897834875E0
1.094218540E-1,1.770688742E-1,9.668199539E0,2.061416626E0,9.887106464E0
1.116224830E-1,1.722832322E-1,9.658628464E0,2.056631088E0,9.876665264E0
1.138228430E-1,1.579262912E-1,9.644271851E0,2.099701881E0,9.871457250E0
1.160234420E-1,1.579262912E-1,9.649057388E0,2.133201361E0,9.883309023E0
1.182284300E-1,1.914258152E-1,9.663414001E0,2.142772675E0,9.899984280E0
1.204305750E-1,2.153540403E-1,9.634700775E0,2.156531334E0,9.875447523E0
1.226317440E-1,2.159522474E-1,9.629914284E0,2.190030813E0,9.878163769E0
1.248323840E-1,2.542374134E-1,9.615557671E0,2.213959217E0,9.870420528E0
1.270332830E-1,2.925225794E-1,9.596415520E0,2.246860504E0,9.860281051E0
1.292323570E-1,3.068794906E-1,9.572486877E0,2.261217356E0,9.840720704E0
1.314324160E-1,3.457628787E-1,9.558130264E0,2.304288149E0,9.838046045E0
1.336330240E-1,3.505485058E-1,9.548559189E0,2.308475733E0,9.829899646E0
1.358333740E-1,3.601198196E-1,9.572486877E0,2.313261271E0,9.854611561E0
1.380340040E-1,3.840480447E-1,9.567701340E0,2.294118643E0,9.846389296E0
1.402348930E-1,3.978067636E-1,9.586843491E0,2.265404940E0,9.858898411E0
1.424354910E-1,4.223332107E-1,9.548559189E0,2.284547329E0,9.827131037E0
1.446334440E-1,4.223332107E-1,9.572486877E0,2.279761791E0,9.849273282E0
1.468314380E-1,4.360919297E-1,9.591629982E0,2.231905222E0,9.857532288E0
1.490345270E-1,4.408775866E-1,9.634700775E0,2.212762833E0,9.895360096E0
1.512351360E-1,4.648058116E-1,9.687342644E0,2.184048891E0,9.941364167E0
1.534384110E-1,4.839483798E-1,9.725627899E0,2.154736757E0,9.973210845E0
1.556420600E-1,4.695914388E-1,9.754341125E0,2.150549412E0,9.999627477E0
1.578402720E-1,4.695914388E-1,9.768698692E0,2.159522533E0,1.001556428E1
1.600377990E-1,4.456632137E-1,9.792028427E0,2.121835470E0,1.002918851E1
1.622386770E-1,4.307080805E-1,9.825528145E0,2.078764677E0,1.005225225E1
1.644388600E-1,4.211367965E-1,9.835099220E0,2.017149448E0,1.004865288E1
1.666343750E-1,3.822534084E-1,9.849455833E0,1.954936147E0,1.004886428E1
1.688381490E-1,3.439682424E-1,9.868598938E0,1.936391711E0,1.006266227E1
1.710384880E-1,2.769692242E-1,9.868598938E0,1.884347796E0,1.005070762E1
1.732390960E-1,2.285145670E-1,9.906884193E0,1.808375716E0,1.007317210E1
1.754218450E-1,1.806581169E-1,9.921240807E0,1.736590981E0,1.007369866E1
1.775764170E-1,1.274178028E-1,9.939785004E0,1.655833244E0,1.007756642E1
1.797394520E-1,7.896314561E-2,9.930213928E0,1.608574986E0,1.005996508E1
1.819063220E-1,6.939185411E-2,9.934999466E0,1.570888042E0,1.005866387E1
1.840630090E-1,4.067798331E-2,9.906285286E0,1.532602906E0,1.002422139E1
1.862201240E-1,2.093719877E-2,9.868000984E0,1.518844128E0,9.984226023E0
1.883772090E-1,-7.776673418E-3,9.835099220E0,1.504487276E0,9.949508486E0
1.905350860E-1,-2.691925503E-2,9.796813965E0,1.490728498E0,9.909619567E0
1.926617840E-1,-4.606183618E-2,9.772886276E0,1.476371527E0,9.883880855E0
1.948492550E-1,-6.999006122E-2,9.744172096E0,1.453041553E0,9.852163123E0
1.970023920E-1,-8.015955985E-2,9.734601021E0,1.433898926E0,9.839966906E0
1.991703820E-1,-8.973085135E-2,9.710672379E0,1.400399446E0,9.811540566E0
2.013176290E-1,-1.136590764E-1,9.686744690E0,1.400997639E0,9.788193677E0
2.034714970E-1,-1.184447184E-1,9.658030510E0,1.362712502E0,9.754412737E0
2.056343290E-1,-1.381855011E-1,9.624530792E0,1.329213023E0,9.716866546E0
2.077920240E-1,-1.190429255E-1,9.610174179E0,1.329213023E0,9.702392810E0
2.099511630E-1,-1.190429255E-1,9.586245537E0,1.301097274E0,9.674870998E0
2.121075040E-1,-1.238285750E-1,9.567103386E0,1.305882931E0,9.656610738E0
2.142625750E-1,-1.333998591E-1,9.571888924E0,1.301097274E0,9.660833670E0
2.164229240E-1,-1.238285750E-1,9.581459999E0,1.296311617E0,9.669546682E0
2.185789510E-1,-1.046859920E-1,9.595816612E0,1.310070395E0,9.685398291E0
2.207372860E-1,-8.973085135E-2,9.595816612E0,1.343569875E0,9.689836329E0
2.228864250E-1,-6.580262631E-2,9.605388641E0,1.367498159E0,9.702467323E0
2.250213430E-1,-5.623133108E-2,9.610174179E0,1.400399446E0,9.711834447E0
2.272095970E-1,-4.666004330E-2,9.638887405E0,1.395613790E0,9.739510533E0
2.293678720E-1,-6.101697683E-2,9.658030510E0,1.409970760E0,9.760599057E0
2.315321070E-1,-6.101697683E-2,9.691530228E0,1.433898926E0,9.797221410E0
2.336822630E-1,-6.999006122E-2,9.720243454E0,1.443470240E0,9.827086941E0
2.358372220E-1,-6.999006122E-2,9.744172096E0,1.466800332E0,9.854201726E0
2.379966150E-1,-7.956135273E-2,9.744172096E0,1.509871125E0,9.860777386E0
2.401539130E-1,-8.913264424E-2,9.720243454E0,1.552941918E0,9.843917210E0
2.423119830E-1,-9.810572863E-2,9.720243454E0,1.581655741E0,9.848573116E0
2.444640620E-1,-9.810572863E-2,9.701101303E0,1.615155339E0,9.835126740E0
2.466036410E-1,-1.076770201E-1,9.672387123E0,1.639083505E0,9.810874667E0
2.487715590E-1,-8.853443712E-2,9.653244972E0,1.648654819E0,9.793418175E0
2.509426710E-1,-9.332008660E-2,9.638887405E0,1.634297848E0,9.776900762E0
2.531038340E-1,-9.332008660E-2,9.619745255E0,1.634297848E0,9.758029353E0
2.552602360E-1,-1.172483116E-1,9.634101868E0,1.643869162E0,9.774045825E0
2.574167100E-1,-1.411765367E-1,9.662816048E0,1.667797327E0,9.806706517E0
2.595716270E-1,-1.651047617E-1,9.677172661E0,1.648654819E0,9.817993329E0
2.617293320E-1,-1.555334777E-1,9.696315765E0,1.643869162E0,9.835905444E0
2.638877080E-1,-1.698904037E-1,9.715457916E0,1.624726534E0,9.851838487E0
2.660411200E-1,-1.651047617E-1,9.705886841E0,1.615155339E0,9.840743149E0
2.681892930E-1,-1.698904037E-1,9.701101303E0,1.639083505E0,9.840062194E0
2.703581060E-1,-1.555334777E-1,9.696315765E0,1.624726534E0,9.832724261E0
2.725162070E-1,-1.268195957E-1,9.672387123E0,1.639083505E0,9.811103435E0
2.746701380E-1,-1.124626622E-1,9.672387123E0,1.653440475E0,9.813337145E0
2.768056670E-1,-9.332008660E-2,9.672387123E0,1.658226132E0,9.813943917E0
2.789836670E-1,-8.853443712E-2,9.686744690E0,1.643869162E0,9.825638242E0
2.811268150E-1,-8.853443712E-2,9.725028992E0,1.652842283E0,9.864882911E0
2.833104880E-1,-8.853443712E-2,9.772886276E0,1.667199135E0,9.914469097E0
2.854618760E-1,-1.070788130E-1,9.820742607E0,1.681556106E0,9.964240170E0
2.876231520E-1,-1.262213886E-1,9.859027863E0,1.686341763E0,1.000300509E1
2.897748040E-1,-1.262213886E-1,9.887741089E0,1.676770449E0,1.002970163E1
2.919295790E-1,-1.214357466E-1,9.934999466E0,1.667199135E0,1.007464709E1
2.940905890E-1,-1.166501045E-1,9.939785004E0,1.671984792E0,1.008010250E1
2.962484470E-1,-1.070788130E-1,9.944570541E0,1.714457393E0,1.009184390E1
2.984075160E-1,-9.750752151E-2,9.930213928E0,1.709671736E0,1.007678688E1
3.005604190E-1,-8.793623000E-2,9.925428391E0,1.695314884E0,1.006955580E1
3.027097820E-1,-6.879365444E-2,9.902098656E0,1.695314884E0,1.004641144E1
3.048778110E-1,-4.486542568E-2,9.902098656E0,1.685743570E0,1.004466535E1
3.070355260E-1,-3.050848842E-2,9.892526627E0,1.700100541E0,1.003759711E1
3.091957750E-1,-1.794616925E-3,9.878170013E0,1.700100541E0,1.002340201E1
3.113474170E-1,2.691925503E-2,9.878170013E0,1.689931035E0,1.002171813E1
3.134957720E-1,5.084748194E-2,9.873384476E0,1.689931035E0,1.001709406E1
3.156664060E-1,6.999006122E-2,9.906884193E0,1.694716692E0,1.005103565E1
3.178230130E-1,9.391828626E-2,9.902098656E0,1.675574064E0,1.004330259E1
3.199844820E-1,1.226321608E-1,9.930811882E0,1.660618901E0,1.006944479E1
3.221299580E-1,1.609173268E-1,9.940383911E0,1.670190215E0,1.008100501E1
3.242645510E-1,2.087737769E-1,9.963713646E0,1.664806366E0,1.010399705E1
3.264527320E-1,2.285145670E-1,9.926026344E0,1.717448473E0,1.007610278E1
3.286101930E-1,2.524427772E-1,9.873384476E0,1.741376638E0,1.002895014E1
3.307759350E-1,2.955136001E-1,9.806385040E0,1.741376638E0,9.964181273E0
3.329239750E-1,3.182454109E-1,9.634700775E0,1.593619823E0,9.770791335E0
3.350694520E-1,2.877369225E-1,9.361918449E0,1.179661512E0,9.440334256E0
3.372378180E-1,1.160518974E-1,8.922237396E0,4.336991012E-1,8.933525794E0
3.393969170E-1,-1.471585929E-1,8.592027664E0,-4.935196638E-1,8.607447746E0
3.415580910E-1,-3.314059377E-1,8.605786324E0,-1.026520967E0,8.673127085E0
3.437129570E-1,-3.445664644E-1,8.758927345E0,-7.692924738E-1,8.799394593E0
3.458698780E-1,-2.452643216E-1,8.873783112E0,6.400800496E-2,8.877402679E0
3.480276740E-1,-1.447657645E-1,8.836095810E0,9.930213690E-1,8.892898162E0
3.501858770E-1,-6.101697683E-2,8.774480820E0,1.602592945E0,8.919839734E0
3.523426660E-1,2.213360928E-2,8.740981102E0,1.907677889E0,8.946757818E0
3.545014790E-1,2.213360928E-2,8.803194046E0,1.950150490E0,9.016640297E0
3.566563770E-1,5.563312769E-2,8.937192917E0,1.878365755E0,9.132621211E0
3.588123020E-1,5.563312769E-2,9.094520569E0,1.820339799E0,9.275076086E0
3.609717560E-1,3.649054468E-2,9.242876053E0,1.829911113E0,9.422349175E0
3.631296240E-1,-2.512463741E-2,9.409774780E0,1.944168448E0,9.608552629E0
3.652880090E-1,-7.238288224E-2,9.562915802E0,2.096710920E0,9.790341904E0
3.674394690E-1,-1.142572835E-1,9.692128181E0,2.239681959E0,9.948194745E0
3.695775510E-1,-1.423729509E-1,9.859027863E0,2.353939295E0,1.013714608E1
3.717605340E-1,-1.328016520E-1,9.983454704E0,2.386840582E0,1.026567154E1
3.739167940E-1,-1.328016520E-1,1.009292603E1,2.414956331E0,1.037867073E1
3.760806940E-1,-7.956135273E-2,1.015035343E1,2.433500528E0,1.043829151E1
3.782304240E-1,-4.127619043E-2,1.020778179E1,2.462214470E0,1.050061964E1
3.803840700E-1,2.632104978E-2,1.025085258E1,2.485544443E0,1.054791935E1
3.825470640E-1,1.172483116E-1,1.026999474E1,2.508276224E0,1.057251099E1
3.847053180E-1,1.986042857E-1,1.030827999E1,2.541177750E0,1.061874119E1
3.868633480E-1,2.997010350E-1,1.035613632E1,2.564507723E0,1.067314762E1
3.890203000E-1,3.954139352E-1,1.042313576E1,2.573480844E0,1.074341263E1
3.911763980E-1,4.624129832E-1,1.045184898E1,2.572882652E0,1.077379683E1
3.933344780E-1,5.300102234E-1,1.047577763E1,2.610569477E0,1.080915819E1
3.954912980E-1,5.730810165E-1,1.047099209E1,2.605783939E0,1.080556371E1
3.976491960E-1,5.778666735E-1,1.043749237E1,2.615355253E0,1.077567910E1
3.998039000E-1,5.294120312E-1,1.038006496E1,2.572882652E0,1.070727561E1
4.019504860E-1,4.618147612E-1,1.029392338E1,2.444268227E0,1.059021145E1
4.041064920E-1,3.409772217E-1,1.016949654E1,2.230708838E0,1.041686072E1
4.062609720E-1,1.722832322E-1,1.002652550E1,1.998605132E0,1.022522946E1
4.084334170E-1,3.589233849E-3,9.902098656E0,1.785643935E0,1.006181370E1
4.105905110E-1,-1.794617027E-1,9.825528145E0,1.591227055E0,9.955160138E0
4.127513690E-1,-3.332005441E-1,9.763314247E0,1.482951880E0,9.880914632E0
4.149167650E-1,-4.486542344E-1,9.710672379E0,1.426122308E0,9.825083893E0
4.170663720E-1,-5.252245665E-1,9.725028992E0,1.417149186E0,9.841766180E0
4.192252670E-1,-5.730810165E-1,9.753145218E0,1.455434322E0,9.877780751E0
4.213794320E-1,-5.682953596E-1,9.801001549E0,1.488933921E0,9.929728858E0
4.235329350E-1,-5.108676553E-1,9.853643417E0,1.483550072E0,9.977785084E0
4.256684840E-1,-4.821537733E-1,9.911071777E0,1.392622828E0,1.002004064E1
4.278536350E-1,-4.253242314E-1,9.968499184E0,1.301695466E0,1.006212143E1
4.300108410E-1,-3.200400174E-1,1.006839943E1,1.224527001E0,1.014763810E1
4.321754310E-1,-2.099701911E-1,1.014496994E1,1.233500123E0,1.022184059E1
4.343208780E-1,-9.930214286E-2,1.022154045E1,1.294517040E0,1.030366558E1
4.364668850E-1,2.093719877E-2,1.023589706E1,1.398604870E0,1.033102718E1
4.386559630E-1,1.363908947E-1,1.022154045E1,1.488335729E0,1.033022918E1
4.407995280E-1,2.374876440E-1,1.014078236E1,1.545165181E0,1.026057516E1
4.429609750E-1,3.188436031E-1,1.003549862E1,1.587637782E0,1.016530804E1
4.451105520E-1,3.858426511E-1,9.935597420E0,1.616351724E0,1.007360728E1
4.472743500E-1,4.193421602E-1,9.835099220E0,1.606780410E0,9.974305380E0
4.494285360E-1,4.432703853E-1,9.777671814E0,1.606780410E0,9.918724617E0
4.515860880E-1,4.426721931E-1,9.725028992E0,1.535593987E0,9.855465309E0
4.537433850E-1,4.235295951E-1,9.696315765E0,1.526022673E0,9.824798315E0
4.558976010E-1,3.996013701E-1,9.620343208E0,1.550549030E0,9.752686143E0
4.580461500E-1,3.852444589E-1,9.543772697E0,1.607976794E0,9.685948584E0
4.602153200E-1,3.571287692E-1,9.495916367E0,1.698904037E0,9.653302208E0
4.623730640E-1,3.194418252E-1,9.491130829E0,1.813161373E0,9.668048493E0
4.645334850E-1,3.056831062E-1,9.505488396E0,1.946561217E0,9.707566759E0
4.666846800E-1,3.068794906E-1,9.458230019E0,2.294716835E0,9.737454260E0
4.688328120E-1,2.979064286E-1,9.191430092E0,3.501297712E0,9.840234806E0
4.710050740E-1,2.829512656E-1,9.219545364E0,3.406183004E0,9.832708722E0
4.731609780E-1,2.410768867E-1,9.396016121E0,2.566900492E0,9.743316435E0
4.753222020E-1,2.141576260E-1,9.553344727E0,1.904088616E0,9.743603667E0
4.774748820E-1,1.746760458E-1,9.620343208E0,1.589432478E0,9.752323352E0
4.796330960E-1,1.698904037E-1,9.601201057E0,1.532602906E0,9.724237562E0
4.817903720E-1,1.507478207E-1,9.548559189E0,1.561316729E0,9.676539537E0
4.839477520E-1,1.310070455E-1,9.538987160E0,1.533201098E0,9.662305340E0
4.861054670E-1,8.733802289E-2,9.547960281E0,1.313659668E0,9.638302506E0
4.882626530E-1,-2.374876440E-1,9.952945709E0,-5.682953596E-1,9.971985173E0
4.904129420E-1,-2.973082066E-1,9.876375198E0,-1.049252748E0,9.936403301E0
4.925660170E-1,-2.177468538E-1,9.742975235E0,-4.911268353E-1,9.757775653E0
4.947347700E-1,-1.196411327E-1,9.566504478E0,1.184447184E-1,9.567985738E0
4.968934720E-1,7.896314561E-2,9.399605751E0,5.563312769E-1,9.416386140E0
4.990528860E-1,2.769692242E-1,9.261420250E0,9.320043921E-1,9.312317068E0
5.012107740E-1,4.175475538E-1,9.262018204E0,1.345962763E0,9.368614782E0
5.033784980E-1,6.155536175E-1,9.285946846E0,1.731207132E0,9.465980838E0
5.055234670E-1,7.615157962E-1,9.319445610E0,2.111067772E0,9.585853114E0
5.076801340E-1,8.111668825E-1,9.363115311E0,2.482553482E0,9.720544832E0
5.098350510E-1,8.889335990E-1,9.391828537E0,2.791825771E0,9.838238529E0
5.119933460E-1,9.810572863E-1,9.415757179E0,3.034697294E0,9.941244606E0
5.141416410E-1,8.249256015E-1,9.497113228E0,3.369094372E0,1.011071010E1
5.162831210E-1,5.736792088E-1,9.196215630E0,4.095914364E0,1.008345200E1
5.184513140E-1,2.069791555E-1,9.272786140E0,4.502694130E0,1.031026952E1
5.206097510E-1,1.202393398E-1,9.440283775E0,4.345963955E0,1.039330640E1
5.227708110E-1,5.682953820E-2,9.501898766E0,4.083950043E0,1.034253149E1
5.249181410E-1,4.606183618E-2,9.492327690E0,3.812364578E0,1.022939540E1
5.270850830E-1,2.093719877E-2,9.434899330E0,3.602394581E0,1.009925792E1
5.292420340E-1,-3.589233849E-3,9.358329773E0,3.469592810E0,9.980802738E0
5.314049580E-1,2.452643216E-2,9.300901413E0,3.364906788E0,9.890903211E0
5.335561520E-1,1.489532143E-1,9.286544800E0,3.378067255E0,9.882987390E0
5.357138770E-1,1.435693651E-1,9.267401695E0,3.268595695E0,9.827973553E0
5.378709000E-1,1.429711580E-1,9.257830620E0,3.068196774E0,9.754060692E0
5.400308320E-1,1.854437590E-1,9.320044518E0,2.891726255E0,9.760107578E0
5.421840710E-1,2.225325108E-1,9.405587196E0,2.709871531E0,9.790709624E0
5.443298640E-1,2.793620527E-1,9.506086349E0,2.542972326E0,9.844309478E0
5.464810680E-1,3.314059377E-1,9.601201057E0,2.365903378E0,9.893957269E0
5.486587420E-1,3.690928817E-1,9.677771568E0,2.179263115E0,9.926967302E0
5.508183390E-1,3.870390654E-1,9.687342644E0,1.955534339E0,9.890324630E0
5.529785150E-1,4.199403822E-1,9.663414001E0,1.783849239E0,9.835651387E0
5.551295670E-1,4.283152521E-1,9.605986595E0,1.588235974E0,9.745815817E0
5.572822880E-1,4.229314029E-1,9.548559189E0,1.388435364E0,9.658240332E0
5.594465240E-1,4.121637046E-1,9.467203140E0,1.183250785E0,9.549758983E0
5.616043900E-1,3.397808075E-1,9.309276581E0,1.055832982E0,9.375119452E0
5.637624300E-1,2.817548811E-1,9.142376900E0,9.421738982E-1,9.195114618E0
5.659183150E-1,2.805584669E-1,9.037093163E0,7.848458290E-1,9.075447584E0
5.680755920E-1,2.847459018E-1,8.984451294E0,6.323033571E-1,9.011173776E0
5.702335310E-1,2.697907388E-1,8.970093727E0,5.180460811E-1,8.989090068E0
5.723910630E-1,2.835494876E-1,8.989236832E0,4.133601189E-1,9.003201970E0
5.745492860E-1,3.074777126E-1,9.026923180E0,3.224328458E-1,9.037911682E0
5.767059640E-1,3.020938635E-1,9.079565048E0,2.410768867E-1,9.087787422E0
5.788642180E-1,2.877369225E-1,9.136993408E0,1.698904037E-1,9.143101434E0
5.810204880E-1,2.967100143E-1,9.175278664E0,1.076770201E-1,9.180706385E0
5.831781010E-1,3.391826153E-1,9.203991890E0,-4.546362907E-2,9.210351703E0
5.853352360E-1,3.146561682E-1,9.236893654E0,-1.357926875E-1,9.243249025E0
5.874929110E-1,2.572284341E-1,9.284749985E0,-1.639083475E-1,9.289758592E0
5.896482040E-1,2.189432681E-1,9.351749420E0,-1.639083475E-1,9.355747929E0
5.917990010E-1,1.902294010E-1,9.466604233E0,-1.692921966E-1,9.470028657E0
5.939657500E-1,1.567298770E-1,9.600004196E0,-1.740778536E-1,9.602861444E0
5.961239030E-1,1.238285750E-1,9.714859962E0,-1.597209126E-1,9.716961890E0
5.982826150E-1,9.511470050E-2,9.805189133E0,-1.884347796E-1,9.807460854E0
6.004395160E-1,8.554340899E-2,9.881759644E0,-1.980060786E-1,9.884113402E0
6.026020820E-1,6.101697683E-2,9.943972588E0,-2.219343036E-1,9.946636051E0
6.047528490E-1,3.230310604E-2,9.987043381E0,-2.458625287E-1,9.990121489E0
6.069110010E-1,3.230310604E-2,1.003011417E1,-2.506481707E-1,1.003329748E1
6.090679940E-1,1.794617064E-2,1.009172916E1,-2.841476798E-1,1.009574462E1
6.112253340E-1,2.751746029E-2,1.014915752E1,-3.080759048E-1,1.015386953E1
6.133836580E-1,1.316052489E-2,1.015394306E1,-3.266202807E-1,1.015920340E1
6.155450860E-1,8.374879137E-3,1.017787075E1,-3.409772217E-1,1.018358427E1
6.177154660E-1,7.776673418E-3,1.017308521E1,-3.984049559E-1,1.018088649E1
6.198455110E-1,7.776673418E-3,1.017787075E1,-4.079762697E-1,1.018604723E1
6.220254530E-1,7.776673418E-3,1.018265629E1,-4.414757788E-1,1.019222500E1
6.241683980E-1,2.691925503E-2,1.016829967E1,-4.701896608E-1,1.017920042E1
6.263483090E-1,4.127619043E-2,1.017308521E1,-4.893322289E-1,1.018493066E1
6.285027070E-1,5.563312769E-2,1.019222832E1,-5.084748268E-1,1.020505560E1
6.306774720E-1,6.999006122E-2,1.019222832E1,-5.036891699E-1,1.020490664E1
6.328094400E-1,9.870393574E-2,1.023529911E1,-4.899304509E-1,1.024749346E1
6.349579890E-1,1.226321608E-1,1.028315544E1,-4.660021961E-1,1.029443940E1
6.371233030E-1,1.615155339E-1,1.034955597E1,-4.474578202E-1,1.036048332E1
6.392853830E-1,3.708875179E-2,1.056490993E1,-3.708875179E-1,1.057148311E1
6.414464340E-1,-4.558327198E-1,1.095613670E1,-3.308077157E-1,1.097060384E1
6.436044220E-1,3.340380430E0,8.449654579E0,-4.755735099E-1,9.098405030E0
6.457673150E-1,-2.465205431E0,1.269930840E1,-1.136590764E-1,1.293686940E1
6.479010740E-1,2.057827413E-1,1.056969547E1,-1.860419661E-1,1.057333536E1
6.500627770E-1,8.907282352E-1,1.004447079E1,-1.555334777E-1,1.008508705E1
6.522182120E-1,3.116651475E-1,1.040279675E1,-7.178468257E-2,1.040771196E1
6.543728970E-1,1.974078640E-2,1.046441174E1,5.383851007E-2,1.046456885E1
6.565293500E-1,6.819544733E-2,1.032144070E1,2.015953064E-1,1.032363450E1
6.586893240E-1,1.788634956E-1,1.019761181E1,3.152543902E-1,1.020405136E1
6.608369670E-1,1.555334777E-1,1.016889763E1,4.492524564E-1,1.018000478E1
6.630204690E-1,1.034895778E-1,1.017368412E1,5.970092416E-1,1.019171127E1
6.651784900E-1,2.093719840E-1,1.005882835E1,7.351947427E-1,1.008783306E1
6.673333360E-1,2.291127741E-1,1.003549862E1,8.398807645E-1,1.007318842E1
6.694675630E-1,1.381855011E-1,1.006421185E1,9.164510965E-1,1.010679662E1
6.716494260E-1,2.249253243E-1,9.958928108E0,1.040279627E0,1.001563888E1
6.738138650E-1,2.590230405E-1,9.868000984E0,1.107278705E0,9.933307732E0
6.759682850E-1,1.776670814E-1,9.825528145E0,1.212562919E0,9.901660353E0
6.781217480E-1,1.830509305E-1,9.705886841E0,1.274776220E0,9.790955082E0
6.802749770E-1,2.500499785E-1,9.605388641E0,1.355534077E0,9.703787332E0
6.824357730E-1,1.980060786E-1,9.610174179E0,1.436890006E0,9.719017803E0
6.845914840E-1,1.980060786E-1,9.619745255E0,1.513460279E0,9.740085584E0
6.867495350E-1,2.703889608E-1,9.572486877E0,1.579861164E0,9.705749662E0
6.889066700E-1,2.560320199E-1,9.538987160E0,1.642074585E0,9.682677180E0
6.910644060E-1,2.039881349E-1,9.548559189E0,1.733001828E0,9.706693004E0
6.932220080E-1,2.620140910E-1,9.529416084E0,1.804188251E0,9.702242913E0
6.953804250E-1,2.667997181E-1,9.538987160E0,1.861017823E0,9.722491731E0
6.975371940E-1,2.141576260E-1,9.658628464E0,1.889731646E0,9.844087209E0
6.996969740E-1,2.482553422E-1,9.734601021E0,1.936989903E0,9.928545595E0
7.018547500E-1,2.865405083E-1,9.772886276E0,1.993819475E0,9.978312870E0
7.039966880E-1,2.632105052E-1,9.835099220E0,2.036890268E0,1.004725726E1
7.061665390E-1,2.584248483E-1,9.849455833E0,2.036890268E0,1.006118709E1
7.083226560E-1,3.110669553E-1,9.820742607E0,2.041077614E0,1.003542455E1
7.104863320E-1,2.823530734E-1,9.859027863E0,2.036890268E0,1.007120031E1
7.126438530E-1,2.823530734E-1,9.892526627E0,1.993819475E0,1.009540105E1
7.147909480E-1,3.104687333E-1,9.873384476E0,1.960319996E0,1.007089700E1
7.169550320E-1,3.152543902E-1,9.902098656E0,1.931606054E0,1.009366361E1
7.191099590E-1,2.913261652E-1,9.935597420E0,1.883749604E0,1.011679196E1
7.212704100E-1,3.098705411E-1,9.926026344E0,1.807777524E0,1.009406154E1
7.234232310E-1,3.098705411E-1,9.916455269E0,1.764706731E0,1.007701815E1
7.255721270E-1,2.757728100E-1,9.949954987E0,1.679163337E0,1.009441650E1
7.277416320E-1,2.805584669E-1,9.930811882E0,1.626521230E0,1.006704073E1
7.298999170E-1,2.751746178E-1,9.887741089E0,1.564906001E0,1.001459314E1
7.320596050E-1,2.368894368E-1,9.878170013E0,1.488933921E0,9.992561415E0
7.342111960E-1,2.171486616E-1,9.849455833E0,1.431506157E0,9.955307310E0
7.363562560E-1,2.267199457E-1,9.825528145E0,1.365105271E0,9.922495536E0
7.385287010E-1,2.261217386E-1,9.859027863E0,1.326820135E0,9.950478034E0
7.406859280E-1,2.021935135E-1,9.872786522E0,1.288534999E0,9.958570097E0
7.428473760E-1,2.261217386E-1,9.872786522E0,1.240678549E0,9.953005979E0
7.449982650E-1,2.356930375E-1,9.901499748E0,1.240678549E0,9.981709860E0
7.471440580E-1,2.207378894E-1,9.906285286E0,1.198205948E0,9.980927356E0
7.493035940E-1,2.255235314E-1,9.891928673E0,1.169492126E0,9.963374206E0
7.514753980E-1,2.303091735E-1,9.877572060E0,1.126421213E0,9.944259493E0
7.536337020E-1,2.159522474E-1,9.839286804E0,1.102493048E0,9.903216200E0
7.557884370E-1,2.105683982E-1,9.777671814E0,1.069591761E0,9.838253488E0
7.579327750E-1,2.201396823E-1,9.725028992E0,1.036092162E0,9.782542478E0
7.601038670E-1,2.297109663E-1,9.681958199E0,1.012762189E0,9.737492949E0
7.622611840E-1,2.243271172E-1,9.648459435E0,9.792626500E-1,9.700620983E0
7.644226120E-1,2.626122832E-1,9.576674461E0,9.457631707E-1,9.626844079E0
7.665758920E-1,2.578266263E-1,9.514460564E0,9.080761671E-1,9.561173396E0
7.687342890E-1,2.667997181E-1,9.471389771E0,8.745766878E-1,9.515423830E0
7.708906520E-1,2.620140910E-1,9.428318977E0,8.362914920E-1,9.468961589E0
7.730483050E-1,2.763710022E-1,9.409774780E0,8.458628058E-1,9.451757838E0
7.752060700E-1,2.859423161E-1,9.361918449E0,8.273184299E-1,9.402751504E0
7.773615780E-1,2.859423161E-1,9.304491043E0,8.225327730E-1,9.345152580E0
7.795142880E-1,2.715853751E-1,9.256634712E0,8.273184299E-1,9.297499696E0
7.816756240E-1,2.524427772E-1,9.194420815E0,8.279166222E-1,9.235071597E0
7.838327190E-1,2.380858511E-1,9.136993408E0,8.327022791E-1,9.177947837E0
7.859828550E-1,2.327020019E-1,9.061020851E0,8.183453679E-1,9.100875685E0
7.881511190E-1,2.183450609E-1,9.017950058E0,8.045865893E-1,9.056404220E0
7.903020590E-1,1.944168359E-1,8.998807907E0,7.998009920E-1,9.036372241E0
7.924448600E-1,1.896311939E-1,8.984451294E0,8.093722463E-1,9.022827078E0
7.946227980E-1,1.896311939E-1,8.979664803E0,8.285148144E-1,9.019799153E0
7.967805340E-1,1.800599098E-1,8.989236832E0,8.045865893E-1,9.026968482E0
7.989447080E-1,1.848455518E-1,9.008378983E0,8.189435601E-1,9.047415561E0
8.010887310E-1,1.944168359E-1,9.027522087E0,8.285148144E-1,9.067545960E0
8.032269750E-1,1.944168359E-1,9.017950058E0,8.380861282E-1,9.058896705E0
8.054099380E-1,1.950150430E-1,9.013164520E0,8.668000102E-1,9.056848668E0
8.075677460E-1,1.998006850E-1,9.013164520E0,8.901300430E-1,9.059215555E0
8.097314730E-1,1.998006850E-1,9.032307625E0,9.140582681E-1,9.080638957E0
8.118766950E-1,2.141576260E-1,9.094520569E0,9.565308690E-1,9.147191873E0
8.140172590E-1,2.386840582E-1,9.141778946E0,9.708877802E-1,9.196288135E0
8.161996110E-1,2.482553422E-1,9.189635277E0,1.013360381E0,9.248671607E0
8.183551800E-1,2.434697002E-1,9.218349457E0,1.022931695E0,9.278126613E0
8.205193350E-1,2.195414752E-1,9.232706070E0,1.051645517E0,9.294999630E0
8.226614950E-1,2.009970993E-1,9.256634712E0,1.080359459E0,9.321634116E0
8.247963220E-1,1.866401732E-1,9.251849174E0,1.094716311E0,9.318259038E0
8.269845850E-1,1.914258152E-1,9.280562401E0,1.118644595E0,9.349697752E0
8.291423710E-1,1.866401732E-1,9.318847656E0,1.180259824E0,9.395146058E0
8.313078590E-1,1.920240223E-1,9.385847092E0,1.252044439E0,9.470935230E0
8.334582080E-1,1.974078715E-1,9.452845573E0,1.318445325E0,9.546389756E0
8.356148340E-1,2.069791555E-1,9.500701904E0,1.384846091E0,9.603331492E0
8.377732000E-1,1.980060786E-1,9.553344727E0,1.447059512E0,9.664345974E0
8.399293390E-1,2.075773627E-1,9.577272415E0,1.499103427E0,9.696109857E0
8.420871140E-1,1.986042857E-1,9.577272415E0,1.575673699E0,9.708055324E0
8.442399260E-1,1.794617027E-1,9.548559189E0,1.628315806E0,9.688064897E0
8.463810390E-1,1.704886109E-1,9.538987160E0,1.694716692E0,9.689861045E0
8.485467090E-1,1.657029688E-1,9.529416084E0,1.718644857E0,9.684573740E0
8.507182190E-1,1.561316848E-1,9.548559189E0,1.776072621E0,9.713588093E0
8.528790250E-1,1.471585929E-1,9.572486877E0,1.819143414E0,9.744918852E0
8.550329870E-1,1.519442350E-1,9.582057953E0,1.852044702E0,9.760583550E0
8.571765210E-1,1.519442350E-1,9.620343208E0,1.871187329E0,9.801807615E0
8.593480510E-1,1.423729509E-1,9.615557671E0,1.890329838E0,9.800641115E0
8.615041070E-1,1.232303679E-1,9.625128746E0,1.923829436E0,9.816282840E0
8.636650060E-1,1.136590764E-1,9.610772133E0,1.914258122E0,9.800216504E0
8.658191400E-1,1.190429255E-1,9.620343208E0,1.933400750E0,9.813420052E0
8.679699380E-1,1.328016520E-1,9.596415520E0,1.919043779E0,9.787316084E0
8.701031170E-1,1.280160099E-1,9.577272415E0,1.914258122E0,9.767544173E0
8.722927520E-1,1.471585929E-1,9.524630547E0,1.885544300E0,9.710588036E0
8.744488910E-1,1.232303679E-1,9.476774216E0,1.866999865E0,9.659716546E0
8.766143370E-1,1.322034448E-1,9.452845573E0,1.828714728E0,9.629016811E0
8.787593670E-1,1.417747438E-1,9.404989243E0,1.781456470E0,9.573270595E0
8.809040610E-1,1.417747438E-1,9.400203705E0,1.709671736E0,9.555464783E0
8.830794550E-1,1.316052526E-1,9.376275063E0,1.676172256E0,9.525828438E0
8.852385440E-1,1.316052526E-1,9.366703987E0,1.624128342E0,9.507379050E0
8.873987210E-1,1.262213886E-1,9.342776299E0,1.571486235E0,9.474859882E0
8.895579110E-1,1.262213886E-1,9.318847656E0,1.533799291E0,9.445072458E0
8.917304560E-1,1.214357466E-1,9.294919968E0,1.495514154E0,9.415245426E0
8.938661580E-1,1.016949639E-1,9.270991325E0,1.443470240E0,9.383241889E0
8.960235170E-1,9.690931439E-2,9.256634712E0,1.386042476E0,9.360330729E0
8.981755770E-1,1.010967568E-1,9.237491608E0,1.333400369E0,9.333778886E0
9.003390390E-1,1.106680483E-1,9.237491608E0,1.286142230E0,9.327253639E0
9.024972410E-1,1.154536903E-1,9.227920532E0,1.238285661E0,9.311347823E0
9.046538570E-1,1.387837082E-1,9.280562401E0,1.166501045E0,9.354615122E0
9.068121320E-1,1.435693651E-1,9.275776863E0,1.089930773E0,9.340695781E0
9.089681890E-1,1.573280841E-1,9.309276581E0,1.046859860E0,9.369274153E0
9.111229540E-1,1.525424421E-1,9.352347374E0,9.900303483E-1,9.405840244E0
9.132675770E-1,1.328016520E-1,9.385847092E0,9.230313301E-1,9.432059624E0
9.154282620E-1,1.519442350E-1,9.447462082E0,8.895317912E-1,9.490463300E0
9.175987640E-1,1.615155339E-1,9.466604233E0,8.321040869E-1,9.504476849E0
9.197600300E-1,1.375873089E-1,9.500103951E0,8.177471161E-1,9.536226491E0
9.219140100E-1,1.519442350E-1,9.543174744E0,7.842476368E-1,9.576550297E0
9.240614610E-1,1.226321608E-1,9.581459999E0,7.561319470E-1,9.612031517E0
9.262287080E-1,1.328016520E-1,9.614959717E0,7.555337548E-1,9.645512837E0
9.283858630E-1,1.280160099E-1,9.643673897E0,7.555337548E-1,9.674071820E0
9.305456340E-1,1.280160099E-1,9.658030510E0,7.651050687E-1,9.689134492E0
9.327030530E-1,1.423729509E-1,9.681958199E0,7.986045480E-1,9.715881527E0
9.348652140E-1,1.184447184E-1,9.729216576E0,8.225327730E-1,9.764642568E0
9.370039870E-1,1.333998591E-1,9.757930756E0,8.650053740E-1,9.797103779E0
9.391737060E-1,1.286142170E-1,9.796216011E0,9.032905698E-1,9.838613907E0
9.413291930E-1,1.435693651E-1,9.853643417E0,9.792626500E-1,9.903224530E0
9.434914030E-1,1.339980662E-1,9.891928673E0,1.012762189E0,9.944540995E0
9.456426180E-1,1.244267747E-1,9.925428391E0,1.069591761E0,9.983668529E0
9.477917180E-1,1.298106313E-1,9.944570541E0,1.122233868E0,1.000853350E1
9.499604190E-1,1.106680483E-1,9.982855797E0,1.188634634E0,1.005397979E1
9.521184380E-1,1.064806059E-1,1.002114105E1,1.236491084E0,1.009769856E1
9.542801410E-1,7.776673883E-2,1.005464077E1,1.313061476E0,1.014031455E1
9.564270940E-1,8.315058798E-2,1.005464077E1,1.374676585E0,1.014851963E1
9.585679930E-1,1.022931710E-1,1.005464077E1,1.427318692E0,1.015595902E1
9.607472630E-1,1.028913707E-1,1.004028416E1,1.488933921E0,1.015060672E1
9.629051810E-1,1.220339537E-1,1.003549862E1,1.503290772E0,1.014820220E1
9.650682780E-1,1.411765367E-1,1.000678444E1,1.536790371E0,1.012508717E1
9.672194320E-1,1.555334777E-1,9.987641335E0,1.536790371E0,1.010637891E1
9.693749800E-1,1.651047617E-1,9.958928108E0,1.508076429E0,1.007381771E1
9.715360930E-1,1.890329868E-1,9.906285286E0,1.503290772E0,1.002148216E1
9.736928200E-1,2.033899277E-1,9.882357597E0,1.474576950E0,9.993834916E0
9.758517150E-1,2.123630047E-1,9.839884758E0,1.431506157E0,9.945734763E0
9.780006820E-1,1.980060786E-1,9.806385040E0,1.408176184E0,9.908953231E0
9.801388150E-1,1.926222295E-1,9.763314247E0,1.355534077E0,9.858847856E0
9.823224490E-1,1.830509305E-1,9.725028992E0,1.289133191E0,9.811807220E0
9.844797970E-1,1.728814393E-1,9.667601585E0,1.246660590E0,9.749183096E0
9.866441040E-1,1.824527234E-1,9.653244972E0,1.203589797E0,9.729699681E0
9.887957980E-1,1.776670814E-1,9.643673897E0,1.179661512E0,9.717181335E0
9.909525470E-1,1.968096644E-1,9.658030510E0,1.136590719E0,9.726670851E0
9.931111650E-1,2.153540403E-1,9.658030510E0,1.107876897E0,9.723750404E0
9.952670500E-1,2.344966233E-1,9.667601585E0,1.093519926E0,9.732075570E0
9.974246430E-1,2.536391914E-1,9.691530228E0,1.050449133E0,9.751591376E0
9.995796020E-1,2.823530734E-1,9.725028992E0,1.016949654E0,9.782131605E0
1.001727876E0,2.919243574E-1,9.772287369E0,1.012163997E0,9.828901068E0
1.003884624E0,3.014956415E-1,9.810572624E0,9.930213690E-1,9.865309234E0
1.006056061E0,2.919243574E-1,9.834501266E0,9.930213690E-1,9.888818252E0
1.008214306E0,2.967100143E-1,9.858428955E0,9.690931439E-1,9.910388480E0
1.010373751E0,2.775674164E-1,9.882357597E0,9.595218897E-1,9.932709480E0
1.012518922E0,2.679961324E-1,9.920642853E0,9.595218897E-1,9.970539544E0
1.014648479E0,2.536391914E-1,9.954142570E0,9.643075466E-1,1.000395803E1
1.016812786E0,2.488535494E-1,1.001156998E1,9.828519225E-1,1.006277593E1
1.018970643E0,2.440679073E-1,1.006839943E1,9.876375198E-1,1.011966719E1
1.021139315E0,2.638086975E-1,1.013061333E1,1.044467092E0,1.018772953E1
1.023305442E0,2.781656384E-1,1.020718288E1,1.082154036E0,1.026815543E1
1.025460257E0,2.973082066E-1,1.025982571E1,1.106082320E0,1.032355723E1
1.027619651E0,3.074777126E-1,1.029811001E1,1.153340459E0,1.036705390E1
1.029773063E0,3.122633696E-1,1.031725311E1,1.172483087E0,1.038835583E1
1.031931286E0,3.224328458E-1,1.032682419E1,1.225125194E0,1.040423916E1
1.034085634E0,3.128615618E-1,1.034596729E1,1.239482164E0,1.042464568E1
1.036235761E0,3.559323549E-1,1.035075283E1,1.272383451E0,1.043473678E1
1.038404127E0,3.272185028E-1,1.036032391E1,1.272383451E0,1.044329177E1
1.040563439E0,3.415754437E-1,1.038425159E1,1.291526079E0,1.046983260E1
1.042721193E0,3.511467278E-1,1.038425159E1,1.301097274E0,1.047133417E1
1.044876853E0,3.655036688E-1,1.039382362E1,1.272383451E0,1.047779185E1
1.047032727E0,3.655036688E-1,1.039860916E1,1.277169108E0,1.048312102E1
1.049191073E0,3.559323549E-1,1.037468052E1,1.301097274E0,1.046200448E1
1.051347954E0,3.655036688E-1,1.035075283E1,1.267597795E0,1.043448519E1
1.053505637E0,3.750749528E-1,1.036032391E1,1.267597795E0,1.044431888E1
1.055663261E0,3.750749528E-1,1.034596729E1,1.272383451E0,1.043066058E1
1.057821678E0,3.798605800E-1,1.036510944E1,1.253240824E0,1.044750690E1
1.059978457E0,3.655036688E-1,1.036510944E1,1.258026481E0,1.044756992E1
1.062136588E0,3.846462369E-1,1.036510944E1,1.267597795E0,1.044941389E1
1.064292666E0,3.942175210E-1,1.038425159E1,1.252642632E0,1.046695764E1
1.066450442E0,4.133601189E-1,1.039860916E1,1.247856975E0,1.048136852E1
1.068607668E0,4.277170599E-1,1.040818024E1,1.257428288E0,1.049258231E1
1.070765526E0,4.372883439E-1,1.040818024E1,1.204786181E0,1.048679869E1
1.072923179E0,4.277170599E-1,1.041775131E1,1.200000525E0,1.049535543E1
1.075081525E0,4.271188378E-1,1.040339470E1,1.181456208E0,1.047897373E1
1.077238101E0,4.271188378E-1,1.040818024E1,1.176670551E0,1.048318654E1
1.079396324E0,4.271188378E-1,1.039382362E1,1.119242787E0,1.046263372E1
1.081552647E0,4.223332107E-1,1.037946606E1,1.100100160E0,1.044614289E1
1.083710197E0,4.223332107E-1,1.038903809E1,1.095314622E0,1.045515145E1
1.085867455E0,4.271188378E-1,1.036032391E1,1.076171994E0,1.042482077E1
1.088025047E0,4.169493318E-1,1.034118080E1,1.062413216E0,1.040396987E1
1.090183556E0,3.882354796E-1,1.030768204E1,1.048056364E0,1.036809809E1
1.092344007E0,3.882354796E-1,1.026939678E1,1.043270707E0,1.032955230E1
1.094497907E0,3.978067636E-1,1.024546814E1,1.033699393E0,1.030516385E1
1.096656060E0,3.882354796E-1,1.021675491E1,1.043868899E0,1.027727931E1
1.098811517E0,4.025924206E-1,1.021675491E1,1.028913736E0,1.027632352E1
1.100967502E0,4.169493318E-1,1.019282627E1,1.052842021E0,1.025553658E1
1.103117526E0,4.265206456E-1,1.017368412E1,1.024128079E0,1.023399271E1
1.105284814E0,4.169493318E-1,1.015513897E1,1.034297585E0,1.021618646E1
1.107442570E0,4.408775866E-1,1.011206818E1,1.000798106E0,1.017103204E1
1.109603326E0,4.259224236E-1,1.006421185E1,9.720842242E-1,1.012001570E1
1.111755253E0,4.115654826E-1,1.004028416E1,9.631111026E-1,1.009476474E1
1.113905796E0,4.019941986E-1,9.987641335E0,9.726824164E-1,1.004294229E1
1.116072025E0,3.972085714E-1,9.949356079E0,9.487541914E-1,1.000237949E1
1.118229557E0,3.972085714E-1,9.906285286E0,9.343972206E-1,9.958180606E0
1.120392633E0,3.876372576E-1,9.887143135E0,9.062815905E-1,9.936156618E0
1.122560876E0,3.774677813E-1,9.863214493E0,8.823533654E-1,9.909794625E0
1.124718652E0,3.870390654E-1,9.868000984E0,8.727820516E-1,9.914080450E0
1.126877161E0,3.774677813E-1,9.877572060E0,8.392825127E-1,9.920348122E0
1.129035710E0,3.870390654E-1,9.906285286E0,8.249256015E-1,9.948104827E0
1.131210261E0,3.870390654E-1,9.896714211E0,8.009973764E-1,9.936616537E0
1.133341404E0,3.918247223E-1,9.906285286E0,7.770691514E-1,9.944438207E0
1.135489608E0,3.918247223E-1,9.920642853E0,7.674978375E-1,9.957998502E0
1.137654668E0,3.864408433E-1,9.920642853E0,7.441678643E-1,9.956017123E0
1.139817601E0,3.864408433E-1,9.891928673E0,7.393822074E-1,9.927047670E0
1.141978753E0,3.720839322E-1,9.858428955E0,7.058826685E-1,9.890669252E0
1.144130202E0,3.672982752E-1,9.839286804E0,6.921239495E-1,9.870436080E0
1.146273879E0,3.768695593E-1,9.815358162E0,6.873382926E-1,9.846609591E0
1.148434880E0,3.912265003E-1,9.796216011E0,6.915257573E-1,9.828383091E0
1.150604426E0,3.720839322E-1,9.777072906E0,6.921239495E-1,9.808600136E0
1.152765517E0,3.768695593E-1,9.734601021E0,7.016952634E-1,9.767131818E0
1.154925135E0,3.672982752E-1,9.744172096E0,7.064808607E-1,9.776651424E0
1.157083094E0,3.768695593E-1,9.753743172E0,7.208378315E-1,9.787601530E0
1.159222020E0,3.672982752E-1,9.753145218E0,7.256234884E-1,9.786995408E0
1.161393957E0,3.481557071E-1,9.738788605E0,7.304090858E-1,9.772344310E0
1.163544144E0,3.577269912E-1,9.729216576E0,7.447660565E-1,9.764235774E0
1.165695145E0,3.385843933E-1,9.686744690E0,7.782655358E-1,9.723855168E0
1.167848781E0,3.481557071E-1,9.653244972E0,7.734799385E-1,9.690439727E0
1.170011470E0,3.337987661E-1,9.600603104E0,8.021938205E-1,9.639840066E0
1.172182449E0,3.146561682E-1,9.571888924E0,8.075776696E-1,9.611048214E0
1.174340072E0,3.194418252E-1,9.533603668E0,8.123632669E-1,9.573482964E0
1.176497279E0,3.290131092E-1,9.519247055E0,8.452646136E-1,9.562363013E0
1.178650335E0,3.296113312E-1,9.504889488E0,8.787640929E-1,9.551114812E0
1.180799434E0,3.152543902E-1,9.485747337E0,8.979067206E-1,9.533363748E0
1.182967870E0,3.200400174E-1,9.466604233E0,9.218349457E-1,9.516764207E0
1.185123906E0,3.104687333E-1,9.447462082E0,9.218349457E-1,9.497405450E0
1.187284338E0,3.056831062E-1,9.433703423E0,9.505487680E-1,9.486397914E0
1.189437638E0,2.913261652E-1,9.443274498E0,9.601200819E-1,9.496427473E0
1.191591314E0,2.913261652E-1,9.452247620E0,9.696913958E-1,9.506321970E0
1.193754441E0,2.817548811E-1,9.448060036E0,9.888339639E-1,9.503842216E0
1.195913255E0,3.008974493E-1,9.480961800E0,9.984052777E-1,9.538133414E0
1.198070552E0,2.775674164E-1,9.476176262E0,1.012762189E0,9.534183104E0
1.200224331E0,2.919243574E-1,9.495318413E0,1.012762189E0,9.553636943E0
1.202370876E0,2.823530734E-1,9.504889488E0,1.022333503E0,9.563880658E0
1.204541825E0,2.919243574E-1,9.480961800E0,1.007976532E0,9.538861209E0
1.206698736E0,2.775674164E-1,9.461818695E0,1.022333503E0,9.520936009E0
1.208859584E0,2.775674164E-1,9.466604233E0,1.017547846E0,9.525179420E0
1.211006120E0,2.679961324E-1,9.457631111E0,1.027119160E0,9.517015390E0
1.213141048E0,2.632105052E-1,9.448060036E0,1.022333503E0,9.506854580E0
1.215329484E0,2.679961324E-1,9.466604233E0,1.027119160E0,9.525932574E0
1.217487332E0,2.679961324E-1,9.438488960E0,1.031904817E0,9.498511638E0
1.219651333E0,2.488535494E-1,9.428917885E0,1.031904817E0,9.488479758E0
1.221797949E0,2.536391914E-1,9.424132347E0,1.051047325E0,9.485952973E0
1.223942948E0,2.392822653E-1,9.395418167E0,1.060618639E0,9.458120872E0
1.226103207E0,2.440679073E-1,9.376275063E0,1.051047325E0,9.438156794E0
1.228274370E0,2.249253243E-1,9.366703987E0,1.061216831E0,9.429311542E0
1.230436246E0,2.201396823E-1,9.342776299E0,1.061216831E0,9.405429900E0
1.232592506E0,2.195414752E-1,9.318847656E0,1.056431174E0,9.381106914E0
1.234739316E0,2.147558331E-1,9.314062119E0,1.046859860E0,9.375168734E0
1.236872840E0,2.195414752E-1,9.309276581E0,1.056431174E0,9.371599423E0
1.239060828E0,2.243271172E-1,9.323633194E0,1.051645517E0,9.385436425E0
1.241218158E0,2.440679073E-1,9.342776299E0,1.070788145E0,9.407105047E0
1.243383369E0,2.344966233E-1,9.361918449E0,1.080359459E0,9.426965698E0
1.245529497E0,2.392822653E-1,9.395418167E0,1.084546804E0,9.460834018E0
1.247672483E0,2.392822653E-1,9.400203705E0,1.089332461E0,9.466136007E0
1.249831672E0,2.344966233E-1,9.400203705E0,1.074975610E0,9.464374830E0
1.251989681E0,2.249253243E-1,9.400203705E0,1.066002488E0,9.463127517E0
1.254154070E0,2.249253243E-1,9.404989243E0,1.056431174E0,9.466808379E0
1.256316993E0,2.153540403E-1,9.409774780E0,1.051645517E0,9.470807625E0
1.258453072E0,2.153540403E-1,9.471389771E0,1.055832982E0,9.532491009E0
1.260638894E0,2.440679073E-1,9.485747337E0,1.022333503E0,9.543800998E0
1.262793119E0,2.392822653E-1,9.504889488E0,1.022333503E0,9.562705997E0
1.264958422E0,2.530409992E-1,9.509675026E0,1.007976532E0,9.566293197E0
1.267101763E0,2.338984162E-1,9.504889488E0,9.655039310E-1,9.556664193E0
1.269240568E0,2.386840582E-1,9.504889488E0,9.607182741E-1,9.556300218E0
1.271422911E0,2.291127741E-1,9.514460564E0,9.463613629E-1,9.564154553E0
1.273580329E0,2.147558331E-1,9.519247055E0,9.176474810E-1,9.565785982E0
1.275744311E0,1.908276081E-1,9.543174744E0,8.937192559E-1,9.586831253E0
1.277895170E0,1.806581169E-1,9.576674461E0,8.841479421E-1,9.619098122E0
1.280053028E0,1.854437590E-1,9.595816612E0,8.560323119E-1,9.635708441E0
1.282211667E0,1.710868180E-1,9.619745255E0,8.608179688E-1,9.659698600E0
1.284367704E0,1.806581169E-1,9.677172661E0,8.506484628E-1,9.716167499E0
1.286526223E0,1.806581169E-1,9.705288887E0,8.315058947E-1,9.742518760E0
1.288678893E0,1.998006850E-1,9.767501831E0,8.171489239E-1,9.803659760E0
1.290825875E0,1.950150430E-1,9.801001549E0,8.027920127E-1,9.835758092E0
1.292988289E0,1.950150430E-1,9.844072342E0,8.027920127E-1,9.878677348E0
1.295139168E0,1.902294010E-1,9.844072342E0,7.788637877E-1,9.876668279E0
1.297316170E0,1.950150430E-1,9.839286804E0,7.788637877E-1,9.871991921E0
1.299470224E0,1.998006850E-1,9.824930191E0,7.740781307E-1,9.857401814E0
1.301616788E0,1.710868180E-1,9.801001549E0,7.788637877E-1,9.833388575E0
1.303770699E0,1.519442350E-1,9.796216011E0,7.740781307E-1,9.827926136E0
1.305928882E0,1.567298770E-1,9.810572624E0,8.027920127E-1,9.844611444E0
1.308102833E0,1.375873089E-1,9.791430473E0,7.932206988E-1,9.824471490E0
1.310260050E0,1.519442350E-1,9.781859398E0,8.219345808E-1,9.817506648E0
1.312417286E0,1.375873089E-1,9.767501831E0,8.362914920E-1,9.804203473E0
1.314569873E0,1.471585929E-1,9.777072906E0,8.171489239E-1,9.812264908E0
1.316730548E0,1.423729509E-1,9.781859398E0,8.458628058E-1,9.819395461E0
1.318887460E0,1.429711580E-1,9.810572624E0,8.650053740E-1,9.849670566E0
1.321046305E0,1.621137410E-1,9.815358162E0,8.745766878E-1,9.855578172E0
1.323197213E0,1.477568001E-1,9.829715729E0,9.032905698E-1,9.872237701E0
1.325341430E0,1.573280841E-1,9.839286804E0,9.122636318E-1,9.882739594E0
1.327516580E0,1.716850251E-1,9.848857880E0,9.026923180E-1,9.891629325E0
1.329674509E0,1.668993831E-1,9.853643417E0,8.931210637E-1,9.895443862E0
1.331836699E0,1.908276081E-1,9.877572060E0,9.026923180E-1,9.920569459E0
1.333988158E0,1.908276081E-1,9.882357597E0,9.122636318E-1,9.926209336E0
1.336137684E0,1.812563092E-1,9.911071777E0,8.691928387E-1,9.950763479E0
1.338305409E0,1.668993831E-1,9.911071777E0,8.452646136E-1,9.948450706E0
1.340461436E0,1.621137410E-1,9.911071777E0,8.404789567E-1,9.947966100E0
1.342621601E0,1.573280841E-1,9.906285286E0,8.267202377E-1,9.941966940E0
1.344773366E0,1.519442350E-1,9.920642853E0,7.980063558E-1,9.953846282E0
1.346921712E0,1.328016520E-1,9.930213928E0,7.836494446E-1,9.961972264E0
1.349092153E0,1.375873089E-1,9.939785004E0,7.549355626E-1,9.969362261E0
1.351250142E0,1.375873089E-1,9.968499184E0,7.310073376E-1,9.996213181E0
1.353409932E0,1.519442350E-1,9.987043381E0,7.166503668E-1,1.001387589E1
1.355561869E0,1.615155339E-1,9.978070259E0,6.975077987E-1,1.000372383E1
1.357708710E0,1.471585929E-1,9.949356079E0,6.975077987E-1,9.974861361E0
1.359879100E0,1.513460279E-1,9.934999466E0,6.837490797E-1,9.959650235E0
1.362036407E0,1.561316848E-1,9.915857315E0,6.502495408E-1,9.938381551E0
1.364197683E0,1.561316848E-1,9.887143135E0,6.598208547E-1,9.910365283E0
1.366357675E0,1.465603858E-1,9.872786522E0,6.789634228E-1,9.897190762E0
1.368534027E0,1.465603858E-1,9.868000984E0,6.502495408E-1,9.890487745E0
1.370665914E0,1.513460279E-1,9.891928673E0,6.789634228E-1,9.916357689E0
1.372825124E0,1.519442350E-1,9.906285286E0,6.933203340E-1,9.931680034E0
1.374974924E0,1.615155339E-1,9.939785004E0,7.118647099E-1,9.966552290E0
1.377141368E0,1.710868180E-1,9.954142570E0,7.070791125E-1,9.980690652E0
1.379302409E0,1.806581169E-1,9.954142570E0,7.214360237E-1,9.981886676E0
1.381440472E0,1.663011760E-1,9.996614456E0,7.214360237E-1,1.002399255E1
1.383611349E0,1.758724600E-1,9.968499184E0,7.501499057E-1,9.998231442E0
1.385767182E0,1.615155339E-1,9.944570541E0,7.740781307E-1,9.975959476E0
1.387929536E0,1.710868180E-1,9.939785004E0,7.788637877E-1,9.971721287E0
1.390080405E0,1.806581169E-1,9.920642853E0,8.069794178E-1,9.955049359E0
1.392224213E0,1.764706671E-1,9.911071777E0,8.309076428E-1,9.947406355E0
1.394398408E0,1.812563092E-1,9.901499748E0,8.644071817E-1,9.940812386E0
1.396555614E0,1.716850251E-1,9.887143135E0,8.835497499E-1,9.928027764E0
1.398717469E0,1.956132501E-1,9.872786522E0,8.883354068E-1,9.914601255E0
1.400864584E0,2.051845491E-1,9.872786522E0,9.361918569E-1,9.919197024E0
1.403003174E0,2.003988922E-1,9.858428955E0,9.457631707E-1,9.905718003E0
1.405185975E0,2.099701911E-1,9.872786522E0,9.451649189E-1,9.920148079E0
1.407344219E0,2.057827413E-1,9.882357597E0,9.643075466E-1,9.931426245E0
1.409506908E0,2.392822653E-1,9.896714211E0,9.882357717E-1,9.948809884E0
1.411661214E0,2.297109663E-1,9.920642853E0,9.738788009E-1,9.970975963E0
1.413827403E0,2.297109663E-1,9.911071777E0,9.978070259E-1,9.963821042E0
1.415973370E0,2.344966233E-1,9.915857315E0,9.930213690E-1,9.968214805E0
1.418127687E0,2.297109663E-1,9.915857315E0,9.882357717E-1,9.967627770E0
1.420273052E0,2.249253243E-1,9.891928673E0,9.930213690E-1,9.944191053E0
1.422447429E0,2.153540403E-1,9.891928673E0,9.690931439E-1,9.941618166E0
1.424610343E0,2.153540403E-1,9.896714211E0,9.643075466E-1,9.945914667E0
1.426763684E0,2.297109663E-1,9.915857315E0,9.643075466E-1,9.965283863E0
1.428917889E0,2.536391914E-1,9.930213928E0,9.403793216E-1,9.977865241E0
1.431073478E0,2.775674164E-1,9.963713646E0,9.397810698E-1,1.001178414E1
1.433232708E0,3.062812984E-1,9.978070259E0,9.110672474E-1,1.002425747E1
1.435390819E0,3.254238665E-1,9.968499184E0,9.110672474E-1,1.001533425E1
1.437550295E0,3.200400174E-1,9.934999466E0,9.014959335E-1,9.980948598E0
1.439705263E0,3.248256743E-1,9.887143135E0,8.877372146E-1,9.932229783E0
1.441863740E0,3.248256743E-1,9.844072342E0,8.733802438E-1,9.888076913E0
1.444019523E0,3.152543902E-1,9.791430473E0,8.494520187E-1,9.833263180E0
1.446173281E0,3.008974493E-1,9.757930756E0,8.452646136E-1,9.799093028E0
1.448314974E0,3.008974493E-1,9.738788605E0,8.452646136E-1,9.780031443E0
1.450479515E0,2.715853751E-1,9.714859962E0,8.021938205E-1,9.751706396E0
1.452650464E0,2.667997181E-1,9.710074425E0,7.884350419E-1,9.745684031E0
1.454812614E0,2.715853751E-1,9.701101303E0,7.788637877E-1,9.736105685E0
1.456965141E0,2.620140910E-1,9.686744690E0,7.788637877E-1,9.721538092E0
1.459110344E0,2.524427772E-1,9.691530228E0,7.501499057E-1,9.723796090E0
1.461279716E0,2.763710022E-1,9.705288887E0,7.453642488E-1,9.737791391E0
1.463437390E0,2.620140910E-1,9.705288887E0,7.310073376E-1,9.736306050E0
1.465597780E0,2.763710022E-1,9.743574142E0,7.310073376E-1,9.774865203E0
1.467751417E0,2.859423161E-1,9.767501831E0,7.022934556E-1,9.796890891E0
1.469906732E0,3.002992272E-1,9.777072906E0,6.975077987E-1,9.806520860E0
1.472068158E0,2.907279432E-1,9.791430473E0,6.879364848E-1,9.819872202E0
1.474224876E0,2.949153781E-1,9.820143700E0,6.687939167E-1,9.847308397E0
1.476383944E0,3.044866920E-1,9.834501266E0,6.640082598E-1,9.861593901E0
1.478535820E0,2.949153781E-1,9.834501266E0,6.496513486E-1,9.860346704E0
1.480683089E0,3.092723191E-1,9.848857880E0,6.305087805E-1,9.873864098E0
1.482854281E0,3.092723191E-1,9.868000984E0,6.065805554E-1,9.891462620E0
1.485011996E0,2.949153781E-1,9.868000984E0,6.161518097E-1,9.891615720E0
1.487173272E0,2.901297510E-1,9.848857880E0,5.874379873E-1,9.870626130E0
1.489324873E0,2.901297510E-1,9.848857880E0,5.922235847E-1,9.870912095E0
1.491472405E0,2.853440940E-1,9.839286804E0,5.826523304E-1,9.860652605E0
1.493642723E0,2.853440940E-1,9.820143700E0,5.635097623E-1,9.840436311E0
1.495799045E0,2.805584669E-1,9.805787086E0,5.826523304E-1,9.827087930E0
1.497959863E0,2.853440940E-1,9.791430473E0,5.736792088E-1,9.812371772E0
1.500106113E0,2.895315289E-1,9.767501831E0,5.449653864E-1,9.786976438E0
1.502240543E0,3.086741269E-1,9.767501831E0,5.353940725E-1,9.787033184E0
1.504429874E0,2.943171859E-1,9.743574142E0,5.449653864E-1,9.763239572E0
1.506588748E0,3.038884699E-1,9.743574142E0,5.497509837E-1,9.763801074E0
1.508752232E0,3.278166950E-1,9.686145782E0,5.306084156E-1,9.706205705E0
1.510903263E0,3.182454109E-1,9.667003632E0,5.306084156E-1,9.686784020E0
1.513061140E0,3.182454109E-1,9.629316330E0,5.401797295E-1,9.649705035E0
1.515211094E0,3.421736360E-1,9.619745255E0,5.306084156E-1,9.640442254E0
1.517347629E0,3.278166950E-1,9.595816612E0,5.401797295E-1,9.616597859E0
1.519515172E0,3.421736360E-1,9.605388641E0,5.353940725E-1,9.626381488E0
1.521672824E0,3.469592929E-1,9.581459999E0,5.401797295E-1,9.602944892E0
1.523836826E0,3.469592929E-1,9.586245537E0,5.497509837E-1,9.608262610E0
1.525990818E0,3.517449200E-1,9.591031075E0,5.593222976E-1,9.613763207E0
1.528149215E0,3.571287692E-1,9.591031075E0,5.922235847E-1,9.615931926E0
1.530305425E0,3.667000830E-1,9.595816612E0,6.113662124E-1,9.622262419E0
1.532463556E0,3.619144261E-1,9.629316330E0,5.874379873E-1,9.654004269E0
1.534620386E0,3.571287692E-1,9.638887405E0,6.017948985E-1,9.664256230E0
1.536778233E0,3.475574851E-1,9.634101868E0,6.113662124E-1,9.659735175E0
1.538935745E0,3.379862010E-1,9.643673897E0,6.305087805E-1,9.670171778E0
1.541094182E0,3.523431420E-1,9.672387123E0,6.448656917E-1,9.700261342E0
1.543250747E0,3.332005441E-1,9.696315765E0,6.544370055E-1,9.724086066E0
1.545408940E0,3.140579760E-1,9.724431038E0,6.783652306E-1,9.753121080E0
1.547565323E0,3.140579760E-1,9.734002113E0,6.735795736E-1,9.762332662E0
1.549723068E0,3.140579760E-1,9.767501831E0,6.735795736E-1,9.795735494E0
1.551880141E0,3.290131092E-1,9.801001549E0,7.016952634E-1,9.831594847E0
1.554037775E0,3.146561682E-1,9.834501266E0,7.064808607E-1,9.864863855E0
1.556192977E0,3.146561682E-1,9.829715729E0,7.399803996E-1,9.862549914E0
1.558343745E0,3.098705411E-1,9.824930191E0,7.447660565E-1,9.857989120E0
1.560509567E0,3.050848842E-1,9.805787086E0,7.639086246E-1,9.840228329E0
1.562664555E0,3.002992272E-1,9.829715729E0,7.926225066E-1,9.866191837E0
1.564827366E0,3.002992272E-1,9.805787086E0,7.974081635E-1,9.842738429E0
1.566983810E0,3.104687333E-1,9.805787086E0,8.069794178E-1,9.843833958E0
1.569146012E0,3.008974493E-1,9.815358162E0,8.069794178E-1,9.853071141E0
1.571297511E0,3.248256743E-1,9.834501266E0,8.111668825E-1,9.873242557E0
1.573455419E0,3.152543902E-1,9.848857880E0,8.207381964E-1,9.888022960E0
1.575613255E0,3.343969584E-1,9.853643417E0,8.207381964E-1,9.893418070E0
1.577767664E0,3.391826153E-1,9.848857880E0,8.159525394E-1,9.888418727E0
1.579918442E0,3.391826153E-1,9.839286804E0,8.063812256E-1,9.878100037E0
1.582084264E0,3.337987661E-1,9.810572624E0,7.968099117E-1,9.848536077E0
1.584242244E0,3.242274821E-1,9.801001549E0,7.782655358E-1,9.837197368E0
1.586402034E0,3.194418252E-1,9.796216011E0,7.878368497E-1,9.833035041E0
1.588556178E0,3.098705411E-1,9.772287369E0,7.734799385E-1,9.807746499E0
1.590710628E0,3.050848842E-1,9.772287369E0,7.447660565E-1,9.805373715E0
1.592873276E0,2.955136001E-1,9.777072906E0,7.351947427E-1,9.809128107E0
1.595029974E0,3.050848842E-1,9.791430473E0,7.351947427E-1,9.823731410E0
1.597189255E0,3.002992272E-1,9.748359680E0,7.447660565E-1,9.781378868E0
1.599344305E0,2.859423161E-1,9.748359680E0,7.262216806E-1,9.779554049E0
1.601502020E0,2.667997181E-1,9.757930756E0,7.405785918E-1,9.789629787E0
1.603659216E0,2.572284341E-1,9.738788605E0,7.214360237E-1,9.768860726E0
1.605816992E0,2.524427772E-1,9.719645500E0,7.118647099E-1,9.748948014E0
1.607974727E0,2.333002090E-1,9.719645500E0,7.357929349E-1,9.750247632E0
1.610133002E0,2.572284341E-1,9.705886841E0,7.453642488E-1,9.737862892E0
1.612289709E0,2.572284341E-1,9.701101303E0,7.501499057E-1,9.733460733E0
1.614448197E0,2.620140910E-1,9.710672379E0,7.836494446E-1,9.745763997E0
1.616607662E0,2.620140910E-1,9.705886841E0,7.692924738E-1,9.739851213E0
1.618777736E0,2.620140910E-1,9.720243454E0,7.836494446E-1,9.755300643E0
1.620935167E0,2.811566591E-1,9.710672379E0,7.974081635E-1,9.747413344E0
1.623089768E0,2.715853751E-1,9.734002113E0,8.021938205E-1,9.770776360E0
1.625234483E0,2.715853751E-1,9.734002113E0,7.926225066E-1,9.769995199E0
1.627403317E0,2.763710022E-1,9.734002113E0,7.830511928E-1,9.769357566E0
1.629551968E0,2.715853751E-1,9.748359680E0,7.830511928E-1,9.783529232E0
1.631723995E0,2.620140910E-1,9.738788605E0,7.405785918E-1,9.770420233E0
1.633871466E0,2.667997181E-1,9.734002113E0,7.166503668E-1,9.763993393E0
1.636015927E0,2.476571500E-1,9.714859962E0,7.310073376E-1,9.745471250E0
1.638191891E0,2.518445849E-1,9.724431038E0,6.879364848E-1,9.751986532E0
1.640349393E0,2.422732860E-1,9.724431038E0,6.831508875E-1,9.751407616E0
1.642512865E0,2.470589429E-1,9.714859962E0,6.879364848E-1,9.742319992E0
1.644663286E0,2.327020019E-1,9.729216576E0,6.598208547E-1,9.754341031E0
1.646810513E0,2.374876440E-1,9.743574142E0,6.550351977E-1,9.768454768E0
1.648985389E0,2.374876440E-1,9.748359680E0,6.358926296E-1,9.771963788E0
1.651136289E0,2.327020019E-1,9.767501831E0,6.358926296E-1,9.790944882E0
1.653297584E0,2.422732860E-1,9.777072906E0,6.358926296E-1,9.800724994E0
1.655449337E0,2.470589429E-1,9.781859398E0,6.448656917E-1,9.806205340E0
1.657605221E0,2.374876440E-1,9.781859398E0,6.167500615E-1,9.804160051E0
1.659767352E0,2.422732860E-1,9.781859398E0,6.071787477E-1,9.803679700E0
1.661925157E0,2.231307179E-1,9.777072906E0,6.119644046E-1,9.798746980E0
1.664082934E0,2.183450609E-1,9.781859398E0,6.263213158E-1,9.804321814E0
1.666240008E0,2.231307179E-1,9.810572624E0,6.215356588E-1,9.832773215E0
1.668393166E0,2.135594189E-1,9.791430473E0,6.358926296E-1,9.814381171E0
1.670542377E0,2.231307179E-1,9.786644936E0,6.406782866E-1,9.810131247E0
1.672708676E0,2.039881349E-1,9.796216011E0,6.693921089E-1,9.821178396E0
1.674858732E0,2.039881349E-1,9.781859398E0,6.837490797E-1,9.807848757E0
1.677029702E0,1.896311939E-1,9.786644936E0,7.028916478E-1,9.813686145E0
1.679179664E0,1.902294010E-1,9.772287369E0,7.220342159E-1,9.800771452E0
1.681322731E0,1.950150430E-1,9.786644936E0,7.549355626E-1,9.817656424E0
1.683499773E0,1.854437590E-1,9.810572624E0,8.027920127E-1,9.845110442E0
1.685656115E0,2.045863420E-1,9.820143700E0,8.267202377E-1,9.857004829E0
1.687819182E0,2.195414752E-1,9.834501266E0,8.356932998E-1,9.872385573E0
1.689970732E0,2.243271172E-1,9.858428955E0,8.644071817E-1,9.898795073E0
1.692127551E0,2.338984162E-1,9.868000984E0,8.979067206E-1,9.911528054E0
1.694286395E0,2.482553422E-1,9.872786522E0,8.973084688E-1,9.916587463E0
1.696444680E0,2.626122832E-1,9.863214493E0,9.116654396E-1,9.908738528E0
1.698601774E0,2.578266263E-1,9.858428955E0,9.260223508E-1,9.905181140E0
1.700758330E0,2.434697002E-1,9.824930191E0,9.170492887E-1,9.870638791E0
1.702908974E0,2.338984162E-1,9.805787086E0,9.218349457E-1,9.851799253E0
1.705073494E0,2.099701911E-1,9.791430473E0,9.266205430E-1,9.837419572E0
1.707230630E0,2.099701911E-1,9.772287369E0,9.170492887E-1,9.817467458E0
1.709390226E0,2.051845491E-1,9.762716293E0,9.170492887E-1,9.807839187E0
1.711552509E0,2.051845491E-1,9.748957634E0,9.170492887E-1,9.794143916E0
1.713724495E0,1.812563092E-1,9.753743172E0,9.074779749E-1,9.797544385E0
1.715840127E0,1.956132501E-1,9.734601021E0,9.026923180E-1,9.778321686E0
1.718019611E0,1.956132501E-1,9.729815483E0,8.835497499E-1,9.771808125E0
1.720169108E0,2.051845491E-1,9.729815483E0,8.787640929E-1,9.771572871E0
1.722340148E0,2.099701911E-1,9.715457916E0,8.458628058E-1,9.754470457E0
1.724497272E0,2.051845491E-1,9.710672379E0,8.458628058E-1,9.749602178E0
1.726648456E0,2.141576260E-1,9.686744690E0,8.267202377E-1,9.724317587E0
1.728805876E0,1.998006850E-1,9.648459435E0,7.980063558E-1,9.683465491E0
1.730962442E0,2.045863420E-1,9.653244972E0,7.980063558E-1,9.688333614E0
1.733112680E0,1.806581169E-1,9.643673897E0,7.746763229E-1,9.676425321E0
1.735247476E0,1.902294010E-1,9.653244972E0,7.603194118E-1,9.685009619E0
1.737436929E0,1.902294010E-1,9.648459435E0,7.651050687E-1,9.680616842E0
1.739593027E0,1.806581169E-1,9.653244972E0,7.411768436E-1,9.683342345E0
1.741758259E0,1.758724600E-1,9.658030510E0,7.363911867E-1,9.687660008E0
1.743904296E0,1.896311939E-1,9.643673897E0,6.981059909E-1,9.670768232E0
1.746048563E0,1.848455518E-1,9.634101868E0,7.124629617E-1,9.662178333E0
1.748207122E0,2.039881349E-1,9.624530792E0,7.172485590E-1,9.653375038E0
1.750380758E0,2.039881349E-1,9.619745255E0,6.981059909E-1,9.647199692E0
1.752542011E0,1.896311939E-1,9.638887405E0,6.981059909E-1,9.665995157E0
1.754699198E0,2.135594189E-1,9.658030510E0,6.741777658E-1,9.683887474E0
1.756852905E0,2.135594189E-1,9.672387123E0,6.885347366E-1,9.699214420E0
1.759010722E0,2.279163599E-1,9.686744690E0,7.022934556E-1,9.714843522E0
1.761167694E0,2.327020019E-1,9.705886841E0,6.789634228E-1,9.732388243E0
1.763325337E0,2.279163599E-1,9.715457916E0,6.789634228E-1,9.741820144E0
1.765483408E0,2.470589429E-1,9.734002113E0,6.687939167E-1,9.760077898E0
1.767642141E0,2.524427772E-1,9.753145218E0,6.927221417E-1,9.780973007E0
1.769806162E0,2.620140910E-1,9.762716293E0,6.927221417E-1,9.790768344E0
1.771954660E0,2.662015259E-1,9.772287369E0,6.783652306E-1,9.799420547E0
1.774112426E0,2.709871531E-1,9.757930756E0,6.831508875E-1,9.785568037E0
1.776267782E0,2.572284341E-1,9.757930756E0,7.166503668E-1,9.787592495E0
1.778423625E0,2.476571500E-1,9.725028992E0,7.405785918E-1,9.756330232E0
1.780570456E0,2.237289101E-1,9.700503349E0,7.501499057E-1,9.732037029E0
1.782744506E0,2.333002090E-1,9.681360245E0,7.501499057E-1,9.713181253E0
1.784900503E0,2.380858511E-1,9.686145782E0,7.740781307E-1,9.719943515E0
1.787061962E0,2.428714931E-1,9.710074425E0,7.884350419E-1,9.745058323E0
1.789213766E0,2.572284341E-1,9.743574142E0,8.213363886E-1,9.781513022E0
1.791370555E0,2.620140910E-1,9.762716293E0,8.309076428E-1,9.801514593E0
1.793529266E0,2.817548811E-1,9.801001549E0,8.213363886E-1,9.839390765E0
1.795687134E0,2.769692242E-1,9.810572624E0,8.309076428E-1,9.849591599E0
1.797845653E0,2.907279432E-1,9.805787086E0,8.165507317E-1,9.844020430E0
1.800001557E0,2.763710022E-1,9.786644936E0,8.021938205E-1,9.823355585E0
1.802143911E0,2.769692242E-1,9.786644936E0,8.261220455E-1,9.825355397E0
1.804305308E0,2.763710022E-1,9.762716293E0,8.021938205E-1,9.799516584E0
1.806473806E0,2.715853751E-1,9.753145218E0,7.878368497E-1,9.788681584E0
1.808635112E0,2.524427772E-1,9.753145218E0,7.932206988E-1,9.788603990E0
1.810789115E0,2.620140910E-1,9.757930756E0,7.884350419E-1,9.793237148E0
1.812930736E0,2.476571500E-1,9.762716293E0,7.692924738E-1,9.796110167E0
1.815091411E0,2.620140910E-1,9.781859398E0,7.692924738E-1,9.815560889E0
1.817262615E0,2.572284341E-1,9.796216011E0,7.501499057E-1,9.828262282E0
1.819422691E0,2.715853751E-1,9.805787086E0,7.591229677E-1,9.838876292E0
1.821581077E0,2.907279432E-1,9.834501266E0,7.495517135E-1,9.867307924E0
1.823726716E0,3.050848842E-1,9.848857880E0,7.351947427E-1,9.880971087E0
1.825862926E0,2.859423161E-1,9.863214493E0,7.208378315E-1,9.893653032E0
1.828048779E0,3.002992272E-1,9.858428955E0,7.160521746E-1,9.888960097E0
1.830206606E0,2.955136001E-1,9.872786522E0,7.112665176E-1,9.902784561E0
1.832371451E0,3.002992272E-1,9.863214493E0,7.064808607E-1,9.893042756E0
1.834519716E0,2.907279432E-1,9.872786522E0,7.208378315E-1,9.903334975E0
1.836667452E0,2.763710022E-1,9.863214493E0,7.208378315E-1,9.893381032E0
1.838837404E0,2.811566591E-1,9.863214493E0,7.208378315E-1,9.893515875E0
1.840993522E0,2.763710022E-1,9.848857880E0,6.975077987E-1,9.877393360E0
1.843154359E0,2.715853751E-1,9.858428955E0,7.118647099E-1,9.887827438E0
1.845300580E0,2.715853751E-1,9.887143135E0,7.022934556E-1,9.915774003E0
1.847426109E0,2.715853751E-1,9.906285286E0,7.160521746E-1,9.935843069E0
1.849575340E0,2.859423161E-1,9.920642853E0,7.112665176E-1,9.950216966E0
1.851724570E0,2.811566591E-1,9.925428391E0,7.256234884E-1,9.955888069E0
1.853907991E0,2.859423161E-1,9.930213928E0,7.351947427E-1,9.961497025E0
1.856096651E0,2.667997181E-1,9.920642853E0,7.208378315E-1,9.950374057E0
1.858252342E0,2.620140910E-1,9.911071777E0,7.256234884E-1,9.941052490E0
1.860418745E0,2.667997181E-1,9.911071777E0,7.208378315E-1,9.940831607E0
1.862568361E0,2.476571500E-1,9.911071777E0,7.064808607E-1,9.939305461E0
1.864726442E0,2.476571500E-1,9.896714211E0,6.975077987E-1,9.924354052E0
1.866880567E0,2.524427772E-1,9.887143135E0,7.112665176E-1,9.915907764E0
1.869029503E0,2.476571500E-1,9.887143135E0,7.118647099E-1,9.915830011E0
1.871198865E0,2.476571500E-1,9.882357597E0,6.975077987E-1,9.910037481E0
1.873356691E0,2.333002090E-1,9.896714211E0,6.879364848E-1,9.923338035E0
1.875516115E0,2.279163599E-1,9.891928673E0,6.640082598E-1,9.916809250E0
1.877671186E0,2.237289101E-1,9.887143135E0,6.927221417E-1,9.913905283E0
1.879830020E0,2.327020019E-1,9.891928673E0,6.448656917E-1,9.915657056E0
1.881986168E0,2.374876440E-1,9.896714211E0,6.544370055E-1,9.921171319E0
1.884143638E0,2.279163599E-1,9.872786522E0,6.352944374E-1,9.895830364E0
1.886301273E0,2.135594189E-1,9.872786522E0,6.352944374E-1,9.895510111E0
1.888458296E0,2.039881349E-1,9.839286804E0,6.311069727E-1,9.861616094E0
1.890613406E0,2.039881349E-1,9.820143700E0,6.263213158E-1,9.842210719E0
1.892760347E0,2.039881349E-1,9.796216011E0,6.215356588E-1,9.818032688E0
1.894930432E0,1.992024779E-1,9.767501831E0,6.215356588E-1,9.789283948E0
1.897087762E0,2.087737769E-1,9.767501831E0,6.071787477E-1,9.788582356E0
1.899248599E0,1.992024779E-1,9.753145218E0,6.119644046E-1,9.774355411E0
1.901397933E0,2.039881349E-1,9.772287369E0,6.071787477E-1,9.793256742E0
1.903540480E0,2.135594189E-1,9.753145218E0,6.071787477E-1,9.774360097E0
1.905718183E0,1.944168359E-1,9.743574142E0,5.928218365E-1,9.763527677E0
1.907876458E0,2.087737769E-1,9.734002113E0,6.071787477E-1,9.755155030E0
1.910037795E0,2.135594189E-1,9.738788605E0,5.928218365E-1,9.759152056E0
1.912190006E0,2.129612118E-1,9.734002113E0,5.688936114E-1,9.752937484E0
1.914346510E0,2.129612118E-1,9.714859962E0,5.503492355E-1,9.732766351E0
1.916505070E0,2.081755698E-1,9.700503349E0,5.599204898E-1,9.718879218E0
1.918663222E0,1.842473447E-1,9.700503349E0,5.312066078E-1,9.716784076E0
1.920822432E0,2.033899277E-1,9.681360245E0,5.359922647E-1,9.698318997E0
1.922974542E0,1.986042857E-1,9.686145782E0,5.072783828E-1,9.701453249E0
1.925121687E0,1.938186288E-1,9.676574707E0,5.072783828E-1,9.691800404E0
1.927288100E0,1.938186288E-1,9.676574707E0,4.929214716E-1,9.691059555E0
1.929450434E0,1.890329868E-1,9.667003632E0,4.977070987E-1,9.681653012E0
1.931610589E0,2.129612118E-1,9.681360245E0,4.977070987E-1,9.696483952E0
1.933759841E0,1.938186288E-1,9.667003632E0,4.839483798E-1,9.681050093E0
1.935898604E0,1.938186288E-1,9.710074425E0,4.785645306E-1,9.723792213E0
1.938081029E0,2.081755698E-1,9.729216576E0,4.737788737E-1,9.742969705E0
1.940237645E0,1.986042857E-1,9.753145218E0,4.737788737E-1,9.766665333E0
1.942401798E0,2.177468538E-1,9.762716293E0,4.977070987E-1,9.777819566E0
1.944548791E0,1.842473447E-1,9.772287369E0,4.977070987E-1,9.786687890E0
1.946693984E0,2.033899277E-1,9.772287369E0,5.120640397E-1,9.787807592E0
1.948854222E0,1.938186288E-1,9.791430473E0,5.168496966E-1,9.806977617E0
1.951024694E0,1.938186288E-1,9.801001549E0,5.168496966E-1,9.816533534E0
1.953186222E0,1.890329868E-1,9.796216011E0,5.551348329E-1,9.813753425E0
1.955337050E0,1.842473447E-1,9.805787086E0,5.688936114E-1,9.824003635E0
1.957466761E0,1.896311939E-1,9.815358162E0,5.928218365E-1,9.835072626E0
1.959642420E0,1.944168359E-1,9.810572624E0,6.119644046E-1,9.831563129E0
1.961811680E0,1.992024779E-1,9.810572624E0,6.119644046E-1,9.831658928E0
1.963976354E0,2.039881349E-1,9.820143700E0,6.311069727E-1,9.842516419E0
1.966126826E0,2.039881349E-1,9.815358162E0,6.502495408E-1,9.838988336E0
1.968268681E0,2.135594189E-1,9.834501266E0,6.550351977E-1,9.858605068E0
1.970429285E0,2.039881349E-1,9.858428955E0,6.831508875E-1,9.884175624E0
1.972600255E0,2.135594189E-1,9.863214493E0,6.879364848E-1,9.889482512E0
1.974760136E0,2.045863420E-1,9.844072342E0,7.118647099E-1,9.871897852E0
1.976918513E0,2.141576260E-1,9.844072342E0,7.070791125E-1,9.871756917E0
1.979070521E0,2.141576260E-1,9.834501266E0,7.214360237E-1,9.863252434E0
1.981225866E0,1.998006850E-1,9.820143700E0,7.262216806E-1,9.848986777E0
1.983386408E0,1.950150430E-1,9.824930191E0,7.262216806E-1,9.853663382E0
1.985544235E0,1.998006850E-1,9.868000984E0,7.262216806E-1,9.896704586E0
1.987702927E0,2.189432681E-1,9.911071777E0,7.549355626E-1,9.942193301E0
1.989857936E0,2.141576260E-1,9.920642853E0,7.357929349E-1,9.950196448E0
1.992003789E0,2.285145670E-1,9.939785004E0,7.166503668E-1,9.968206086E0
1.994175145E0,2.189432681E-1,9.939785004E0,7.310073376E-1,9.969033745E0
1.996330877E0,2.380858511E-1,9.939785004E0,7.208378315E-1,9.968732014E0
1.998492193E0,2.285145670E-1,9.949356079E0,7.208378315E-1,9.978051537E0
2.000647568E0,2.285145670E-1,9.939785004E0,7.351947427E-1,9.969556466E0
2.002809922E0,2.285145670E-1,9.944570541E0,7.399803996E-1,9.974681607E0
2.004961543E0,2.380858511E-1,9.934999466E0,7.351947427E-1,9.965009311E0
2.007119859E0,2.285145670E-1,9.930213928E0,7.495517135E-1,9.961084044E0
2.009274949E0,2.285145670E-1,9.920642853E0,7.447660565E-1,9.951183347E0
2.011432207E0,2.189432681E-1,9.901499748E0,7.549355626E-1,9.932651264E0
2.013575190E0,2.141576260E-1,9.911071777E0,7.639086246E-1,9.942774444E0
2.015719559E0,2.189432681E-1,9.911071777E0,7.686942816E-1,9.943247499E0
2.017876888E0,2.237289101E-1,9.920642853E0,7.830511928E-1,9.954013181E0
2.020037299E0,2.141576260E-1,9.915857315E0,7.878368497E-1,9.949410871E0
2.022198350E0,1.998006850E-1,9.891928673E0,8.069794178E-1,9.926801547E0
2.024359249E0,2.045863420E-1,9.839286804E0,8.123632669E-1,9.874885035E0
2.026525611E0,1.812563092E-1,9.824930191E0,8.362914920E-1,9.862124039E0
2.028683824E0,1.668993831E-1,9.805787086E0,8.506484628E-1,9.844029591E0
2.030839952E0,1.668993831E-1,9.796216011E0,8.650053740E-1,9.835747955E0
2.032995194E0,1.764706671E-1,9.801001549E0,8.793623447E-1,9.841953637E0
2.035152523E0,2.003988922E-1,9.791430473E0,9.170492887E-1,9.836322983E0
2.037310716E0,2.147558331E-1,9.805787086E0,9.122636318E-1,9.850472343E0
2.039468034E0,2.291127741E-1,9.796216011E0,9.122636318E-1,9.841268502E0
2.041626247E0,2.338984162E-1,9.786644936E0,9.170492887E-1,9.832299170E0
2.043782863E0,2.434697002E-1,9.767501831E0,9.553344250E-1,9.817129590E0
2.045941260E0,2.440679073E-1,9.744172096E0,9.696913958E-1,9.795343812E0
2.048097490E0,2.434697002E-1,9.705886841E0,9.649057388E-1,9.756769955E0
2.050254971E0,2.392822653E-1,9.696315765E0,9.792626500E-1,9.748576858E0
2.052411211E0,2.338984162E-1,9.686744690E0,9.649057388E-1,9.737493222E0
2.054565884E0,2.195414752E-1,9.672387123E0,9.696913958E-1,9.723351918E0
2.056727953E0,2.249253243E-1,9.691530228E0,1.007976532E0,9.746402734E0
2.058887061E0,2.344966233E-1,9.715457916E0,9.840483069E-1,9.767981483E0
2.061043597E0,2.249253243E-1,9.725028992E0,9.936196208E-1,9.778244231E0
2.063200812E0,2.392822653E-1,9.725028992E0,9.882357717E-1,9.778039417E0
2.065356646E0,2.249253243E-1,9.753743172E0,9.978070259E-1,9.807227749E0
2.067514747E0,2.201396823E-1,9.767501831E0,9.744769931E-1,9.818460109E0
2.069672096E0,2.195414752E-1,9.762716293E0,9.601200819E-1,9.812270810E0
2.071829698E0,2.153540403E-1,9.781859398E0,9.696913958E-1,9.832164159E0
2.073987342E0,2.291127741E-1,9.824930191E0,9.451649189E-1,9.872947009E0
2.076145586E0,2.291127741E-1,9.858428955E0,9.308080077E-1,9.904923911E0
2.078302722E0,2.626122832E-1,9.887143135E0,9.068797827E-1,9.932119387E0
2.080462003E0,2.578266263E-1,9.915857315E0,8.829515576E-1,9.958428808E0
2.082616635E0,2.578266263E-1,9.939785004E0,8.494520187E-1,9.979347134E0
2.084774452E0,2.721835673E-1,9.939785004E0,8.446664214E-1,9.979322180E0
2.086931242E0,2.673979402E-1,9.949356079E0,8.063812256E-1,9.985561513E0
2.089084806E0,2.715853751E-1,9.920642853E0,7.686942816E-1,9.954084796E0
2.091228727E0,2.572284341E-1,9.939785004E0,7.304090858E-1,9.969904203E0
2.093405444E0,2.572284341E-1,9.930213928E0,6.921239495E-1,9.957627764E0
2.095562081E0,2.667997181E-1,9.954142570E0,6.873382926E-1,9.981411239E0
2.097724831E0,2.715853751E-1,9.954142570E0,6.729813814E-1,9.980561952E0
2.099873848E0,2.709871531E-1,9.934999466E0,6.400800347E-1,9.959284657E0
2.102023902E0,2.518445849E-1,9.930213928E0,6.161518097E-1,9.952498049E0
2.104191424E0,2.709871531E-1,9.944570541E0,5.922235847E-1,9.965874074E0
2.106349088E0,2.518445849E-1,9.911071777E0,5.922235847E-1,9.931943327E0
2.108506733E0,2.662015259E-1,9.920642853E0,5.778666735E-1,9.941023476E0
2.110653512E0,2.662015259E-1,9.901499748E0,5.443671346E-1,9.920025005E0
2.112816974E0,2.662015259E-1,9.882357597E0,5.539384484E-1,9.901449527E0
2.114980161E0,2.757728100E-1,9.872786522E0,5.635097623E-1,9.892699713E0
2.117138650E0,2.709871531E-1,9.853643417E0,5.497509837E-1,9.872687009E0
2.119295124E0,2.853440940E-1,9.829715729E0,5.491527915E-1,9.849177699E0
2.121454619E0,2.949153781E-1,9.824930191E0,5.539384484E-1,9.844951810E0
2.123623269E0,2.805584669E-1,9.801001549E0,5.641079545E-1,9.821230177E0
2.125775358E0,2.805584669E-1,9.786644936E0,5.641079545E-1,9.806903178E0
2.127942158E0,2.853440940E-1,9.786644936E0,5.593222976E-1,9.806767142E0
2.130094594E0,2.757728100E-1,9.786644936E0,5.688936114E-1,9.807043881E0
2.132254728E0,3.044866920E-1,9.767501831E0,5.641079545E-1,9.788514798E0
2.134404152E0,2.949153781E-1,9.772287369E0,5.826523304E-1,9.794082869E0
2.136548806E0,2.997010350E-1,9.748359680E0,5.641079545E-1,9.769265835E0
2.138724100E0,2.991028428E-1,9.743574142E0,5.545366406E-1,9.763923928E0
2.140881683E0,2.895315289E-1,9.734002113E0,5.545366406E-1,9.754083070E0
2.143043873E0,2.997010350E-1,9.705288887E0,5.832505226E-1,9.727416628E0
2.145197529E0,2.895315289E-1,9.700503349E0,5.688936114E-1,9.721483101E0
2.147354135E0,2.943171859E-1,9.686145782E0,5.736792088E-1,9.707582117E0
2.149512583E0,2.997010350E-1,9.686145782E0,5.784648657E-1,9.708030821E0
2.151668659E0,3.038884699E-1,9.676574707E0,5.688936114E-1,9.698045484E0
2.153826435E0,3.044866920E-1,9.686145782E0,5.784648657E-1,9.708179740E0
2.155976745E0,3.140579760E-1,9.686145782E0,5.736792088E-1,9.708200676E0
2.158113973E0,2.997010350E-1,9.681360245E0,6.071787477E-1,9.705010197E0
2.160299154E0,3.044866920E-1,9.690931320E0,6.071787477E-1,9.714706791E0
2.162457488E0,3.140579760E-1,9.705288887E0,6.161518097E-1,9.729897628E0
2.164620940E0,3.236292601E-1,9.714859962E0,6.065805554E-1,9.739157046E0
2.166772216E0,2.997010350E-1,9.705288887E0,5.880361795E-1,9.727704747E0
2.168928294E0,3.044866920E-1,9.710074425E0,6.209374666E-1,9.734671069E0
2.171086040E0,3.044866920E-1,9.705288887E0,6.113662124E-1,9.729291504E0
2.173243439E0,2.901297510E-1,9.714859962E0,6.023930907E-1,9.737841486E0
2.175401164E0,2.901297510E-1,9.714859962E0,6.167500615E-1,9.738740165E0
2.177551310E0,2.662015259E-1,9.710074425E0,6.215356588E-1,9.733586963E0
2.179683777E0,2.614158690E-1,9.686145782E0,6.406782866E-1,9.710830399E0
2.181853790E0,2.662015259E-1,9.681360245E0,6.311069727E-1,9.705560028E0
2.184003519E0,2.757728100E-1,9.690931320E0,6.454638839E-1,9.716317416E0
2.186195627E0,2.901297510E-1,9.710074425E0,6.640082598E-1,9.737074898E0
2.188345845E0,2.997010350E-1,9.714859962E0,6.831508875E-1,9.743460368E0
2.190494253E0,3.188436031E-1,9.710074425E0,6.783652306E-1,9.738962263E0
2.192645172E0,3.098705411E-1,9.695717812E0,7.166503668E-1,9.727103957E0
2.194805939E0,3.290131092E-1,9.686145782E0,7.262216806E-1,9.718902596E0
2.196981212E0,3.385843933E-1,9.681958199E0,7.399803996E-1,9.716096178E0
2.199137177E0,3.290131092E-1,9.629316330E0,7.405785918E-1,9.663355487E0
2.201292929E0,3.194418252E-1,9.595816612E0,7.645068169E-1,9.631521697E0
2.203436473E0,3.098705411E-1,9.562317848E0,7.597211599E-1,9.597453757E0
2.205592621E0,3.146561682E-1,9.562317848E0,7.549355626E-1,9.597231832E0
2.207762890E0,3.050848842E-1,9.576674461E0,7.549355626E-1,9.611227717E0
2.209922578E0,3.194418252E-1,9.586245537E0,7.740781307E-1,9.622751349E0
2.212074351E0,3.242274821E-1,9.591031075E0,7.740781307E-1,9.627678717E0
2.214208151E0,3.242274821E-1,9.591031075E0,7.549355626E-1,9.626158540E0
2.216393546E0,3.385843933E-1,9.605388641E0,7.405785918E-1,9.639843722E0
2.218551474E0,3.385843933E-1,9.624530792E0,7.453642488E-1,9.659285700E0
2.220714764E0,3.577269912E-1,9.648459435E0,7.495517135E-1,9.684139912E0
2.222862213E0,3.577269912E-1,9.648459435E0,7.351947427E-1,9.683039263E0
2.225010448E0,3.577269912E-1,9.658030510E0,7.208378315E-1,9.691497774E0
2.227180543E0,3.672982752E-1,9.690931320E0,7.016952634E-1,9.723241955E0
2.229338126E0,3.667000830E-1,9.681958199E0,6.873382926E-1,9.713249582E0
2.231499401E0,3.619144261E-1,9.695717812E0,6.640082598E-1,9.725164929E0
2.233649679E0,3.379862010E-1,9.676574707E0,6.496513486E-1,9.704245442E0
2.235798504E0,3.427718580E-1,9.667003632E0,6.305087805E-1,9.693605783E0
2.237967490E0,3.332005441E-1,9.643673897E0,6.071787477E-1,9.668512546E0
2.240125175E0,3.475574851E-1,9.648459435E0,5.970092416E-1,9.673158000E0
2.242285544E0,3.236292601E-1,9.648459435E0,6.071787477E-1,9.672960839E0
2.244436728E0,3.332005441E-1,9.686145782E0,5.970092416E-1,9.710245247E0
2.246581900E0,3.379862010E-1,9.729216576E0,6.209374666E-1,9.754868179E0
2.248745231E0,3.523431420E-1,9.753145218E0,6.257231236E-1,9.779545836E0
2.250912600E0,3.571287692E-1,9.781859398E0,6.113662124E-1,9.807450376E0
2.253074251E0,3.523431420E-1,9.786644936E0,6.209374666E-1,9.812651432E0
2.255226676E0,3.667000830E-1,9.796216011E0,6.161518097E-1,9.822421297E0
2.257369275E0,3.619144261E-1,9.801001549E0,6.161518097E-1,9.827016661E0
2.259530256E0,3.475574851E-1,9.791430473E0,6.352944374E-1,9.818172230E0
2.261700135E0,3.427718580E-1,9.781859398E0,6.496513486E-1,9.809399202E0
2.263860933E0,3.571287692E-1,9.801001549E0,6.346961856E-1,9.828021752E0
2.266019798E0,3.667000830E-1,9.796216011E0,6.346961856E-1,9.823602004E0
2.268169212E0,3.523431420E-1,9.815358162E0,6.586244106E-1,9.843738500E0
2.270318250E0,3.284149170E-1,9.796216011E0,6.681957245E-1,9.824468943E0
2.272486524E0,3.098705411E-1,9.777072906E0,6.831508875E-1,9.805807948E0
2.274644574E0,3.092723191E-1,9.762716293E0,6.783652306E-1,9.791141822E0
2.276804740E0,3.050848842E-1,9.772287369E0,7.022934556E-1,9.802239198E0
2.278955538E0,3.002992272E-1,9.762716293E0,7.256234884E-1,9.794250277E0
2.281101474E0,3.002992272E-1,9.772287369E0,7.351947427E-1,9.804503626E0
2.283275464E0,3.050848842E-1,9.781859398E0,7.304090858E-1,9.813834495E0
2.285432060E0,3.146561682E-1,9.767501831E0,7.543373108E-1,9.801638909E0
2.287591128E0,3.050848842E-1,9.753145218E0,7.686942816E-1,9.788146368E0
2.289730553E0,3.050848842E-1,9.738788605E0,7.639086246E-1,9.773465949E0
2.291888287E0,3.146561682E-1,9.710672379E0,7.782655358E-1,9.746889955E0
2.294046104E0,3.098705411E-1,9.701101303E0,7.830511928E-1,9.737584681E0
2.296213453E0,3.002992272E-1,9.701101303E0,7.830511928E-1,9.737284801E0
2.298380191E0,3.098705411E-1,9.710672379E0,7.878368497E-1,9.747505563E0
2.300538486E0,3.050848842E-1,9.720243454E0,7.782655358E-1,9.756121506E0
2.302694033E0,3.146561682E-1,9.729216576E0,7.591229677E-1,9.763858426E0
2.304845645E0,3.146561682E-1,9.738788605E0,7.495517135E-1,9.772657764E0
2.306988274E0,3.290131092E-1,9.738788605E0,7.399803996E-1,9.772401143E0
2.309164147E0,3.194418252E-1,9.701101303E0,7.304090858E-1,9.733802289E0
2.311323114E0,2.907279432E-1,9.686744690E0,7.262216806E-1,9.718278827E0
2.313491285E0,2.757728100E-1,9.681958199E0,7.022934556E-1,9.711312028E0
2.315637556E0,2.805584669E-1,9.672387123E0,6.879364848E-1,9.700878430E0
2.317797733E0,2.901297510E-1,9.672387123E0,6.687939167E-1,9.699821299E0
2.319949690E0,2.757728100E-1,9.653244972E0,6.454638839E-1,9.678729915E0
2.322110812E0,2.805584669E-1,9.634101868E0,6.263213158E-1,9.658514909E0
2.324269464E0,2.901297510E-1,9.624530792E0,5.928218365E-1,9.647134599E0
2.326424717E0,2.757728100E-1,9.638887405E0,5.928218365E-1,9.661037149E0
2.328580824E0,2.847459018E-1,9.634101868E0,5.593222976E-1,9.654524352E0
2.330737746E0,2.703889608E-1,9.619745255E0,5.545366406E-1,9.639508278E0
2.332896375E0,2.847459018E-1,9.624530792E0,5.066801906E-1,9.642063991E0
2.335049493E0,2.751746178E-1,9.619745255E0,5.024927258E-1,9.636789858E0
2.337187036E0,2.656033039E-1,9.629316330E0,5.168496966E-1,9.646834284E0
2.339369521E0,2.703889608E-1,9.629316330E0,4.977070987E-1,9.645960581E0
2.341525476E0,2.703889608E-1,9.638887405E0,5.024927258E-1,9.655763022E0
2.343689579E0,2.560320199E-1,9.643673897E0,4.929214716E-1,9.659656837E0
2.345837416E0,2.608176768E-1,9.658030510E0,5.024927258E-1,9.674609973E0
2.347985233E0,2.464607358E-1,9.676574707E0,4.977070987E-1,9.692499848E0
2.350156264E0,2.703889608E-1,9.671789169E0,5.114658475E-1,9.689077007E0
2.352314284E0,2.703889608E-1,9.690931320E0,5.210371017E-1,9.708694027E0
2.354474410E0,2.703889608E-1,9.719645500E0,5.210371017E-1,9.737355827E0
2.356625279E0,2.656033039E-1,9.743574142E0,5.353940725E-1,9.761886549E0
2.358769750E0,2.799602449E-1,9.762716293E0,5.545366406E-1,9.782459714E0
2.360943242E0,2.799602449E-1,9.777072906E0,5.497509837E-1,9.796517672E0
2.363100376E0,2.805584669E-1,9.796216011E0,5.545366406E-1,9.815909131E0
2.365262119E0,2.901297510E-1,9.801001549E0,5.635097623E-1,9.821473916E0
2.367410354E0,2.949153781E-1,9.829715729E0,5.874379873E-1,9.851668375E0
2.369552007E0,2.997010350E-1,9.848857880E0,6.017948985E-1,9.871776909E0
2.371730911E0,2.901297510E-1,9.834501266E0,6.113662124E-1,9.857756290E0
2.373889490E0,3.092723191E-1,9.829715729E0,6.209374666E-1,9.854162776E0
2.376050674E0,2.853440940E-1,9.834501266E0,6.209374666E-1,9.858214836E0
2.378203496E0,2.949153781E-1,9.839286804E0,6.496513486E-1,9.865119704E0
2.380362188E0,2.901297510E-1,9.848857880E0,6.209374666E-1,9.872676443E0
2.382517827E0,2.757728100E-1,9.858428955E0,6.352944374E-1,9.882725896E0
2.384675583E0,2.757728100E-1,9.853643417E0,6.400800347E-1,9.878261066E0
2.386833308E0,2.709871531E-1,9.848857880E0,6.305087805E-1,9.872739078E0
2.388990505E0,2.614158690E-1,9.858428955E0,6.352944374E-1,9.882335693E0
2.391148616E0,2.518445849E-1,9.858428955E0,6.448656917E-1,9.882707064E0
2.393304865E0,2.470589429E-1,9.853643417E0,6.352944374E-1,9.877192199E0
2.395462683E0,2.422732860E-1,9.844072342E0,6.592226624E-1,9.869094748E0
2.397619930E0,2.422732860E-1,9.853643417E0,6.544370055E-1,9.878323377E0
2.399769812E0,2.518445849E-1,9.848857880E0,6.496513486E-1,9.873473254E0
2.401901036E0,2.566302419E-1,9.834501266E0,6.687939167E-1,9.860555742E0
2.404081741E0,2.422732860E-1,9.848857880E0,6.783652306E-1,9.875164670E0
2.406250616E0,2.715853751E-1,9.829715729E0,6.879364848E-1,9.857501029E0
2.408416317E0,2.572284341E-1,9.810572624E0,7.022934556E-1,9.839040491E0
2.410564429E0,2.524427772E-1,9.791430473E0,7.118647099E-1,9.820518797E0
2.412706629E0,2.524427772E-1,9.772287369E0,7.214360237E-1,9.802132304E0
2.414866491E0,2.620140910E-1,9.753145218E0,7.310073376E-1,9.784010668E0
2.417037308E0,2.620140910E-1,9.748359680E0,7.310073376E-1,9.779240235E0
2.419198228E0,2.572284341E-1,9.753145218E0,7.357929349E-1,9.784242400E0
2.421356594E0,2.428714931E-1,9.753145218E0,7.262216806E-1,9.783160335E0
2.423502762E0,2.524427772E-1,9.748359680E0,7.357929349E-1,9.779347374E0
2.425639563E0,2.620140910E-1,9.729216576E0,7.357929349E-1,9.760517292E0
2.427824144E0,2.572284341E-1,9.719645500E0,7.357929349E-1,9.750849520E0
2.429982154E0,2.620140910E-1,9.695717812E0,7.501499057E-1,9.728222867E0
2.432145483E0,2.715853751E-1,9.667601585E0,7.357929349E-1,9.699364426E0
2.434292913E0,2.715853751E-1,9.662816048E0,7.357929349E-1,9.694594568E0
2.436454057E0,2.667997181E-1,9.653244972E0,7.405785918E-1,9.685286637E0
2.438613135E0,2.763710022E-1,9.676574707E0,7.310073376E-1,9.708081722E0
2.440770667E0,2.757728100E-1,9.671789169E0,7.118647099E-1,9.701871353E0
2.442928147E0,2.763710022E-1,9.667601585E0,7.214360237E-1,9.698421072E0
2.445084519E0,2.805584669E-1,9.676574707E0,6.975077987E-1,9.705736873E0
2.447242162E0,2.805584669E-1,9.690931320E0,6.927221417E-1,9.719708168E0
2.449399805E0,2.757728100E-1,9.705288887E0,6.735795736E-1,9.732542960E0
2.451546770E0,2.709871531E-1,9.714859962E0,6.640082598E-1,9.741295863E0
2.453717668E0,2.805584669E-1,9.734002113E0,6.592226624E-1,9.760332203E0
2.455872585E0,2.757728100E-1,9.753145218E0,6.448656917E-1,9.778330330E0
2.458020434E0,2.853440940E-1,9.777072906E0,6.257231236E-1,9.801229785E0
2.460188118E0,2.853440940E-1,9.791430473E0,6.113662124E-1,9.814647248E0
2.462343828E0,2.997010350E-1,9.810572624E0,6.017948985E-1,9.833580885E0
2.464504524E0,2.949153781E-1,9.829715729E0,5.635097623E-1,9.850270536E0
2.466655311E0,3.044866920E-1,9.844072342E0,5.874379873E-1,9.866283789E0
2.468803352E0,2.901297510E-1,9.863214493E0,5.730810165E-1,9.884108319E0
2.470974536E0,3.092723191E-1,9.853643417E0,5.778666735E-1,9.875417351E0
2.473133308E0,2.997010350E-1,9.872786522E0,5.635097623E-1,9.893395659E0
2.475292264E0,3.188436031E-1,9.863214493E0,5.443671346E-1,9.883369716E0
2.477444028E0,3.140579760E-1,9.868000984E0,5.587241054E-1,9.888794085E0
2.479590258E0,3.044866920E-1,9.863214493E0,5.395814776E-1,9.882654524E0
2.481761655E0,3.044866920E-1,9.863214493E0,5.539384484E-1,9.883448795E0
2.483918454E0,3.092723191E-1,9.877572060E0,5.682953596E-1,9.898739252E0
2.486079547E0,3.140579760E-1,9.882357597E0,5.635097623E-1,9.903391709E0
2.488236397E0,3.188436031E-1,9.896714211E0,5.682953596E-1,9.918143628E0
2.490396889E0,3.044866920E-1,9.911071777E0,5.730810165E-1,9.932294688E0
2.492527494E0,3.140579760E-1,9.896714211E0,5.826523304E-1,9.918823938E0
2.494707039E0,3.092723191E-1,9.906285286E0,5.778666735E-1,9.927943766E0
2.496860716E0,3.236292601E-1,9.887143135E0,5.874379873E-1,9.909864715E0
2.499026375E0,3.379862010E-1,9.877572060E0,6.107679605E-1,9.902206924E0
2.501178607E0,3.284149170E-1,9.844072342E0,6.017948985E-1,9.867916382E0
2.503337360E0,3.284149170E-1,9.834501266E0,6.161518097E-1,9.859255275E0
2.505493610E0,3.284149170E-1,9.815358162E0,6.305087805E-1,9.841069735E0
2.507651895E0,3.379862010E-1,9.824930191E0,6.113662124E-1,9.849733833E0
2.509808287E0,3.284149170E-1,9.810572624E0,6.305087805E-1,9.836296706E0
2.511965157E0,3.332005441E-1,9.815358162E0,6.257231236E-1,9.840925154E0
2.514116301E0,3.475574851E-1,9.829715729E0,6.346961856E-1,9.856315070E0
2.516275043E0,3.523431420E-1,9.863214493E0,6.155536175E-1,9.888683030E0
2.518411691E0,3.619144261E-1,9.872786522E0,5.868397355E-1,9.896831646E0
2.520581583E0,3.619144261E-1,9.868000984E0,5.820540786E-1,9.891774989E0
2.522739062E0,3.667000830E-1,9.853643417E0,5.635097623E-1,9.876553083E0
2.524909218E0,3.523431420E-1,9.839286804E0,5.395814776E-1,9.860368080E0
2.527055144E0,3.523431420E-1,9.815358162E0,5.491527915E-1,9.837020399E0
2.529213398E0,3.379862010E-1,9.824930191E0,5.491527915E-1,9.846068084E0
2.531367562E0,3.236292601E-1,9.815358162E0,5.443671346E-1,9.835767755E0
2.533525236E0,3.421736360E-1,9.801001549E0,5.252245665E-1,9.821027187E0
2.535676268E0,3.373879790E-1,9.810572624E0,5.012963414E-1,9.829163946E0
2.537842315E0,3.469592929E-1,9.815358162E0,4.917250574E-1,9.833790222E0
2.540000305E0,3.278166950E-1,9.805787086E0,4.875376225E-1,9.823370964E0
2.542161700E0,3.278166950E-1,9.801001549E0,5.108676553E-1,9.819780084E0
2.544312427E0,3.373879790E-1,9.805787086E0,4.731806815E-1,9.822992975E0
2.546462533E0,3.517449200E-1,9.820143700E0,4.917250574E-1,9.838736723E0
2.548629211E0,3.565305769E-1,9.810572624E0,4.821537733E-1,9.828882008E0
2.550787048E0,3.613162339E-1,9.824930191E0,4.917250574E-1,9.843860839E0
2.552946929E0,3.708875179E-1,9.820143700E0,5.012963414E-1,9.839922655E0
2.555099497E0,3.565305769E-1,9.820143700E0,5.108676553E-1,9.839884252E0
2.557249582E0,3.565305769E-1,9.805787086E0,5.012963414E-1,9.825063484E0
2.559418141E0,3.469592929E-1,9.757930756E0,5.204389095E-1,9.777957355E0
2.561574819E0,3.517449200E-1,9.734002113E0,5.347958803E-1,9.755025795E0
2.563735443E0,3.278166950E-1,9.705288887E0,5.587241054E-1,9.726883817E0
2.565889028E0,3.134597540E-1,9.705288887E0,5.593222976E-1,9.726444923E0
2.568046794E0,3.086741269E-1,9.676574707E0,5.641079545E-1,9.697917073E0
2.570204213E0,3.092723191E-1,9.658030510E0,5.784648657E-1,9.680280177E0
2.572361764E0,2.949153781E-1,9.667601585E0,5.880361795E-1,9.689957794E0
2.574519429E0,2.997010350E-1,9.686744690E0,6.257231236E-1,9.711558723E0
2.576677673E0,3.044866920E-1,9.695717812E0,6.400800347E-1,9.721592384E0
2.578834391E0,3.188436031E-1,9.691530228E0,6.305087805E-1,9.717250677E0
2.580993113E0,3.188436031E-1,9.729216576E0,6.448656917E-1,9.755776144E0
2.583150034E0,3.427718580E-1,9.734002113E0,6.544370055E-1,9.761996593E0
2.585306498E0,3.236292601E-1,9.724431038E0,6.592226624E-1,9.752121278E0
2.587463603E0,3.290131092E-1,9.729216576E0,7.016952634E-1,9.760034889E0
2.589621257E0,3.236292601E-1,9.705886841E0,6.879364848E-1,9.735616666E0
2.591779622E0,3.194418252E-1,9.677172661E0,7.022934556E-1,9.707879783E0
2.593937418E0,3.098705411E-1,9.658030510E0,7.118647099E-1,9.689185954E0
2.596094208E0,3.098705411E-1,9.658030510E0,7.118647099E-1,9.689185954E0
2.598252249E0,3.146561682E-1,9.677172661E0,7.166503668E-1,9.708772680E0
2.600403829E0,3.146561682E-1,9.686744690E0,7.022934556E-1,9.717265422E0
2.602547333E0,3.194418252E-1,9.719645500E0,7.208378315E-1,9.751572125E0
2.604723602E0,3.146561682E-1,9.743574142E0,7.304090858E-1,9.775977854E0
2.606881124E0,3.337987661E-1,9.781859398E0,7.160521746E-1,9.813711103E0
2.609043865E0,3.385843933E-1,9.791430473E0,7.064808607E-1,9.822721889E0
2.611197623E0,3.242274821E-1,9.829715729E0,7.064808607E-1,9.860403135E0
2.613351705E0,3.290131092E-1,9.839286804E0,7.064808607E-1,9.870102819E0
2.615512086E0,3.337987661E-1,9.844072342E0,7.160521746E-1,9.875723397E0
2.617667980E0,3.385843933E-1,9.829715729E0,6.873382926E-1,9.859532678E0
2.619826601E0,3.098705411E-1,9.844072342E0,6.777670383E-1,9.872241295E0
2.621986796E0,3.098705411E-1,9.844072342E0,6.825526357E-1,9.872570999E0
2.624152772E0,2.949153781E-1,9.829715729E0,6.640082598E-1,9.856530493E0
2.626295401E0,2.805584669E-1,9.815358162E0,6.592226624E-1,9.841470592E0
2.628473522E0,2.853440940E-1,9.815358162E0,6.352944374E-1,9.840034356E0
2.630626456E0,2.901297510E-1,9.796216011E0,6.352944374E-1,9.821080512E0
2.632786622E0,2.709871531E-1,9.805787086E0,6.305087805E-1,9.829772924E0
2.634924969E0,2.853440940E-1,9.786644936E0,6.257231236E-1,9.810778245E0
2.637086162E0,2.805584669E-1,9.796216011E0,6.352944374E-1,9.820802422E0
2.639256278E0,2.805584669E-1,9.786644936E0,6.352944374E-1,9.811255331E0
2.641416730E0,2.757728100E-1,9.791430473E0,6.592226624E-1,9.817470951E0
2.643574616E0,2.805584669E-1,9.757930756E0,6.544370055E-1,9.783875177E0
2.645731741E0,2.662015259E-1,9.743574142E0,6.448656917E-1,9.768518418E0
2.647894827E0,2.709871531E-1,9.734002113E0,6.735795736E-1,9.761041984E0
2.650044771E0,2.662015259E-1,9.734002113E0,6.735795736E-1,9.760910298E0
2.652200817E0,2.662015259E-1,9.714859962E0,6.831508875E-1,9.742487489E0
2.654356416E0,2.614158690E-1,9.700503349E0,6.783652306E-1,9.727706969E0
2.656507682E0,2.662015259E-1,9.700503349E0,6.975077987E-1,9.729190388E0
2.658641532E0,2.620140910E-1,9.690931320E0,7.118647099E-1,9.720573677E0
2.660831118E0,2.614158690E-1,9.677172661E0,7.118647099E-1,9.706840904E0
2.662989442E0,2.859423161E-1,9.677172661E0,7.262216806E-1,9.708595761E0
2.665153973E0,2.715853751E-1,9.686744690E0,7.214360237E-1,9.717368535E0
2.667302014E0,2.763710022E-1,9.686744690E0,7.166503668E-1,9.717149344E0
2.669451205E0,2.524427772E-1,9.681958199E0,7.214360237E-1,9.712080717E0
2.671618196E0,2.667997181E-1,9.690931320E0,7.262216806E-1,9.721765780E0
2.673775494E0,2.524427772E-1,9.677172661E0,7.357929349E-1,9.708387575E0
2.675935458E0,2.620140910E-1,9.695717812E0,7.453642488E-1,9.727855012E0
2.678087914E0,2.572284341E-1,9.696315765E0,7.453642488E-1,9.728323275E0
2.680233960E0,2.572284341E-1,9.710074425E0,7.405785918E-1,9.741671748E0
2.682392966E0,2.620140910E-1,9.710672379E0,7.501499057E-1,9.743127542E0
2.684564557E0,2.667997181E-1,9.738788605E0,7.310073376E-1,9.769828929E0
2.686719943E0,2.620140910E-1,9.738788605E0,7.262216806E-1,9.769342496E0
2.688865176E0,2.667997181E-1,9.748359680E0,7.070791125E-1,9.777610108E0
2.691022016E0,2.662015259E-1,9.767501831E0,6.879364848E-1,9.795315813E0
2.693193006E0,2.715853751E-1,9.781859398E0,6.927221417E-1,9.810117016E0
2.695353803E0,2.901297510E-1,9.781859398E0,6.640082598E-1,9.808662270E0
2.697512159E0,2.901297510E-1,9.796216011E0,6.496513486E-1,9.822019664E0
2.699663069E0,2.997010350E-1,9.824930191E0,6.400800347E-1,9.850318595E0
2.701810905E0,2.901297510E-1,9.824930191E0,6.257231236E-1,9.849109501E0
2.703967013E0,2.949153781E-1,9.839286804E0,6.065805554E-1,9.862376989E0
2.706138187E0,3.044866920E-1,9.829715729E0,5.826523304E-1,9.851675349E0
2.708297428E0,2.997010350E-1,9.829715729E0,5.491527915E-1,9.849604094E0
2.710458988E0,2.895315289E-1,9.834501266E0,5.210371017E-1,9.852549078E0
2.712615491E0,2.943171859E-1,9.834501266E0,5.018945336E-1,9.851697107E0
2.714750064E0,2.847459018E-1,9.829715729E0,4.827519655E-1,9.845681337E0
2.716925204E0,2.703889608E-1,9.829715729E0,4.779663086E-1,9.845043082E0
2.719081099E0,2.799602449E-1,9.844072342E0,4.588237405E-1,9.858735073E0
2.721244318E0,2.799602449E-1,9.848857880E0,4.588237405E-1,9.863513497E0
2.723392561E0,2.799602449E-1,9.872786522E0,4.540380836E-1,9.887185749E0
2.725535373E0,2.847459018E-1,9.891928673E0,4.588237405E-1,9.906656970E0
2.727712192E0,2.799602449E-1,9.906285286E0,4.444667995E-1,9.920202450E0
2.729870070E0,2.991028428E-1,9.896714211E0,4.396811724E-1,9.910990577E0
2.732033145E0,2.799602449E-1,9.911071777E0,4.540380836E-1,9.925415462E0
2.734184014E0,2.943171859E-1,9.901499748E0,4.779663086E-1,9.917397424E0
2.736339348E0,2.799602449E-1,9.906285286E0,5.018945336E-1,9.922941299E0
2.738499373E0,2.847459018E-1,9.887143135E0,5.066801906E-1,9.904211449E0
2.740657210E0,2.895315289E-1,9.901499748E0,5.204389095E-1,9.919394257E0
2.742815362E0,2.997010350E-1,9.896714211E0,5.539384484E-1,9.916734376E0
2.744972009E0,3.140579760E-1,9.906285286E0,5.826523304E-1,9.928373700E0
2.747129876E0,3.092723191E-1,9.896714211E0,6.299105883E-1,9.921561817E0
2.749289138E0,3.044866920E-1,9.863214493E0,6.257231236E-1,9.887731879E0
2.751444758E0,3.140579760E-1,9.858428955E0,6.299105883E-1,9.883523725E0
2.753603011E0,3.188436031E-1,9.829715729E0,6.634100676E-1,9.857235184E0
2.755758315E0,3.044866920E-1,9.805787086E0,6.687939167E-1,9.833283167E0
2.757914413E0,3.002992272E-1,9.786644936E0,6.831508875E-1,9.815054450E0
2.760074386E0,2.907279432E-1,9.767501831E0,7.070791125E-1,9.797375956E0
2.762231825E0,2.955136001E-1,9.748359680E0,7.399803996E-1,9.780869886E0
2.764390151E0,2.907279432E-1,9.734002113E0,7.118647099E-1,9.764326461E0
2.766548222E0,2.955136001E-1,9.715457916E0,7.405785918E-1,9.748123279E0
2.768706385E0,2.907279432E-1,9.705886841E0,7.310073376E-1,9.737717075E0
2.770863357E0,2.907279432E-1,9.696315765E0,7.405785918E-1,9.728901213E0
2.773018793E0,2.955136001E-1,9.715457916E0,7.686942816E-1,9.750299570E0
2.775176121E0,3.002992272E-1,9.734002113E0,7.399803996E-1,9.766706085E0
2.777333644E0,3.098705411E-1,9.743574142E0,7.591229677E-1,9.778012298E0
2.779488205E0,3.002992272E-1,9.767501831E0,7.543373108E-1,9.801188521E0
2.781636530E0,3.050848842E-1,9.786644936E0,7.543373108E-1,9.820413467E0
2.783807458E0,3.242274821E-1,9.801001549E0,7.543373108E-1,9.835333222E0
2.785964309E0,3.194418252E-1,9.820143700E0,7.399803996E-1,9.853163774E0
2.788125707E0,3.194418252E-1,9.810572624E0,7.495517135E-1,9.844348941E0
2.790276688E0,3.146561682E-1,9.820143700E0,7.256234884E-1,9.851941952E0
2.792428542E0,3.290131092E-1,9.853643417E0,7.304090858E-1,9.886153734E0
2.794593714E0,3.194418252E-1,9.858428955E0,7.016952634E-1,9.888530770E0
2.796751267E0,3.385843933E-1,9.882357597E0,7.064808607E-1,9.913362007E0
2.798910986E0,3.385843933E-1,9.896714211E0,6.969096065E-1,9.926997258E0
2.801066961E0,3.768695593E-1,9.963713646E0,6.867401004E-1,9.994460078E0
2.803223068E0,3.960121572E-1,1.002114105E1,6.819544435E-1,1.005212194E1
2.805382085E0,4.199403822E-1,1.005882835E1,6.669993401E-1,1.008966134E1
2.807538234E0,4.390829504E-1,1.009232807E1,6.526423693E-1,1.012293543E1
2.809696264E0,4.390829504E-1,1.007318497E1,6.430711150E-1,1.010323659E1
2.811851863E0,4.247260094E-1,1.003071213E1,6.245267391E-1,1.005910591E1
2.814006607E0,3.954139352E-1,9.982855797E0,5.910272002E-1,1.000815044E1
2.816174566E0,3.667000830E-1,9.949356079E0,5.581258535E-1,9.971743068E0
2.818328344E0,3.667000830E-1,9.911071777E0,5.724828243E-1,9.934362049E0
2.820485022E0,3.379862010E-1,9.896714211E0,5.395814776E-1,9.917173741E0
2.822640671E0,3.332005441E-1,9.891928673E0,5.395814776E-1,9.912236057E0
2.824798366E0,3.278166950E-1,9.915857315E0,5.108676553E-1,9.934418747E0
2.826955857E0,3.421736360E-1,9.920642853E0,5.108676553E-1,9.939679229E0
2.829112779E0,3.230310678E-1,9.911071777E0,5.156532526E-1,9.929732681E0
2.831270565E0,3.373879790E-1,9.906285286E0,5.204389095E-1,9.925682620E0
2.833428442E0,3.373879790E-1,9.901499748E0,5.204389095E-1,9.920906439E0
2.835586676E0,3.373879790E-1,9.887143135E0,5.108676553E-1,9.906079738E0
2.837743363E0,3.469592929E-1,9.906285286E0,5.156532526E-1,9.925762802E0
2.839901689E0,3.571287692E-1,9.896714211E0,5.252245665E-1,9.917073861E0
2.842057816E0,3.379862010E-1,9.896714211E0,5.443671346E-1,9.917435274E0
2.844215714E0,3.379862010E-1,9.872786522E0,5.395814776E-1,9.893295535E0
2.846373593E0,3.379862010E-1,9.829715729E0,5.587241054E-1,9.851381558E0
2.848530596E0,3.236292601E-1,9.820143700E0,5.682953596E-1,9.841896047E0
2.850688025E0,3.236292601E-1,9.796216011E0,5.587241054E-1,9.817472010E0
2.852846259E0,3.278166950E-1,9.777072906E0,5.539384484E-1,9.798237913E0
2.854999802E0,3.236292601E-1,9.777072906E0,5.587241054E-1,9.798370433E0
2.857149797E0,3.379862010E-1,9.786644936E0,5.682953596E-1,9.808955774E0
2.859322618E0,3.475574851E-1,9.801001549E0,5.587241054E-1,9.823064705E0
2.861475319E0,3.427718580E-1,9.796216011E0,5.635097623E-1,9.818395181E0
2.863635678E0,3.475574851E-1,9.801001549E0,5.635097623E-1,9.823338069E0
2.865788836E0,3.284149170E-1,9.772287369E0,5.778666735E-1,9.794865322E0
2.867946449E0,3.379862010E-1,9.753145218E0,5.874379873E-1,9.776664038E0
2.870100533E0,3.332005441E-1,9.700503349E0,5.922235847E-1,9.724274606E0
2.872262661E0,3.284149170E-1,9.710074425E0,6.257231236E-1,9.735755293E0
2.874421139E0,3.188436031E-1,9.705288887E0,6.161518097E-1,9.730053272E0
2.876578712E0,3.332005441E-1,9.671789169E0,6.113662124E-1,9.696818911E0
2.878737902E0,3.332005441E-1,9.686145782E0,6.496513486E-1,9.713623917E0
2.880901344E0,3.427718580E-1,9.667003632E0,6.640082598E-1,9.695842342E0
2.883049934E0,3.379862010E-1,9.648459435E0,6.735795736E-1,9.677846536E0
2.885207710E0,3.427718580E-1,9.629316330E0,6.735795736E-1,9.658930322E0
2.887364723E0,3.523431420E-1,9.610174179E0,6.735795736E-1,9.640192056E0
2.889520413E0,3.427718580E-1,9.595816612E0,6.783652306E-1,9.625869747E0
2.891671780E0,3.332005441E-1,9.595816612E0,6.831508875E-1,9.625872126E0
2.893836759E0,3.332005441E-1,9.595816612E0,6.640082598E-1,9.624532510E0
2.895994718E0,3.523431420E-1,9.595816612E0,6.879364848E-1,9.626894554E0
2.898154163E0,3.475574851E-1,9.614959717E0,6.687939167E-1,9.644456017E0
2.900310046E0,3.619144261E-1,9.619745255E0,6.831508875E-1,9.650760382E0
2.902468818E0,3.619144261E-1,9.634101868E0,6.400800347E-1,9.662122091E0
2.904625699E0,3.619144261E-1,9.629316330E0,6.448656917E-1,9.657668807E0
2.906782265E0,3.858426511E-1,9.614959717E0,6.496513486E-1,9.644603246E0
2.908940153E0,3.762713671E-1,9.610174179E0,6.448656917E-1,9.639132723E0
2.911096647E0,3.762713671E-1,9.600603104E0,6.400800347E-1,9.629271133E0
2.913254413E0,3.762713671E-1,9.581459999E0,6.113662124E-1,9.608315383E0
2.915412188E0,3.667000830E-1,9.567103386E0,6.017948985E-1,9.593023155E0
2.917569385E0,3.667000830E-1,9.557532310E0,5.922235847E-1,9.582881696E0
2.919727140E0,3.469592929E-1,9.562317848E0,5.784648657E-1,9.586079750E0
2.921881895E0,3.421736360E-1,9.552745819E0,5.545366406E-1,9.574943674E0
2.924020933E0,3.326023519E-1,9.567103386E0,5.353940725E-1,9.587843258E0
2.926168201E0,3.278166950E-1,9.571888924E0,5.401797295E-1,9.592722006E0
2.928356413E0,3.278166950E-1,9.586245537E0,5.641079545E-1,9.608422610E0
2.930517485E0,3.230310678E-1,9.605388641E0,5.545366406E-1,9.626803774E0
2.932679441E0,3.373879790E-1,9.600603104E0,5.545366406E-1,9.622521576E0
2.934826089E0,3.475574851E-1,9.610174179E0,5.784648657E-1,9.633839606E0
2.936974628E0,3.523431420E-1,9.610174179E0,5.922235847E-1,9.634849361E0
2.939143757E0,3.619144261E-1,9.643673897E0,5.922235847E-1,9.668617122E0
2.941295094E0,3.571287692E-1,9.624530792E0,6.113662124E-1,9.650538978E0
2.943463073E0,3.667000830E-1,9.605388641E0,6.209374666E-1,9.632420425E0
2.945620747E0,3.523431420E-1,9.605388641E0,6.209374666E-1,9.631884550E0
2.947794341E0,3.571287692E-1,9.610174179E0,6.400800347E-1,9.638085451E0
2.949931395E0,3.284149170E-1,9.610174179E0,6.400800347E-1,9.637064209E0
2.952088865E0,3.332005441E-1,9.629316330E0,6.496513486E-1,9.656956170E0
2.954242115E0,3.523431420E-1,9.648459435E0,6.496513486E-1,9.676722690E0
2.956401346E0,3.571287692E-1,9.653244972E0,6.592226624E-1,9.682316560E0
2.958543568E0,3.571287692E-1,9.681958199E0,6.735795736E-1,9.711929003E0
2.960719756E0,3.762713671E-1,9.681958199E0,6.496513486E-1,9.711021655E0
2.962876027E0,3.762713671E-1,9.686744690E0,6.496513486E-1,9.715793828E0
2.965038115E0,3.714857101E-1,9.677172661E0,6.496513486E-1,9.706066104E0
2.967186299E0,3.714857101E-1,9.695717812E0,6.592226624E-1,9.725200257E0
2.969330434E0,3.667000830E-1,9.690931320E0,6.400800347E-1,9.718967088E0
2.971506267E0,3.619144261E-1,9.695717812E0,6.209374666E-1,9.722319130E0
2.973664509E0,3.667000830E-1,9.710074425E0,6.209374666E-1,9.736815579E0
2.975825825E0,3.667000830E-1,9.705288887E0,6.209374666E-1,9.732043191E0
2.977980356E0,3.714857101E-1,9.714859962E0,6.209374666E-1,9.741769298E0
2.980139139E0,3.714857101E-1,9.700503349E0,6.065805554E-1,9.726546501E0
2.982293548E0,3.810569942E-1,9.714859962E0,5.730810165E-1,9.739205839E0
2.984450490E0,3.810569942E-1,9.710074425E0,5.778666735E-1,9.734715181E0
2.986607391E0,3.619144261E-1,9.710074425E0,5.682953596E-1,9.733421136E0
2.988771494E0,3.762713671E-1,9.729216576E0,5.635097623E-1,9.752783119E0
2.990943044E0,3.858426511E-1,9.729216576E0,5.491527915E-1,9.752338105E0
2.993068054E0,3.858426511E-1,9.719645500E0,5.635097623E-1,9.743609519E0
2.995239146E0,3.762713671E-1,9.724431038E0,5.682953596E-1,9.748286966E0
2.997389923E0,3.804588020E-1,9.743574142E0,5.395814776E-1,9.765916964E0
2.999556295E0,3.948157430E-1,9.743574142E0,5.300102234E-1,9.765962696E0
3.001706970E0,3.906283081E-1,9.729216576E0,5.491527915E-1,9.752528618E0
3.003855265E0,3.852444589E-1,9.729216576E0,5.443671346E-1,9.752046147E0
3.006025940E0,3.996013701E-1,9.719645500E0,5.443671346E-1,9.743075771E0
3.008184052E0,3.804588020E-1,9.724431038E0,5.443671346E-1,9.747083845E0
3.010343923E0,3.954139352E-1,9.738788605E0,5.635097623E-1,9.763088595E0
3.012491191E0,3.906283081E-1,9.757930756E0,5.395814776E-1,9.780641660E0
3.014619191E0,3.906283081E-1,9.777072906E0,5.682953596E-1,9.801362390E0
3.016787049E0,4.001995921E-1,9.781859398E0,5.820540786E-1,9.807329909E0
3.018942211E0,4.001995921E-1,9.820143700E0,5.868397355E-1,9.845799250E0
3.021109255E0,3.954139352E-1,9.853643417E0,5.868397355E-1,9.879019266E0
3.023275117E0,3.954139352E-1,9.877572060E0,6.155536175E-1,9.904629636E0
3.025434144E0,3.906283081E-1,9.911071777E0,6.011967063E-1,9.936969947E0
3.027589875E0,4.001995921E-1,9.920642853E0,6.197410822E-1,9.948034647E0
3.029745363E0,4.007977843E-1,9.939785004E0,6.484549642E-1,9.968974803E0
3.031901368E0,4.055834413E-1,9.944570541E0,6.484549642E-1,9.973939794E0
3.034056915E0,4.103690982E-1,9.949356079E0,6.723831892E-1,9.980490386E0
3.036206605E0,4.007977843E-1,9.968499184E0,6.867401004E-1,1.000016134E1
3.038374483E0,4.055834413E-1,9.978070259E0,6.867401004E-1,1.000989490E1
3.040532096E0,4.055834413E-1,9.987641335E0,6.915257573E-1,1.001976473E1
3.042690430E0,4.007977843E-1,1.000678444E1,7.100701332E-1,1.003994887E1
3.044834595E0,3.960121572E-1,9.982855797E0,7.058826685E-1,1.001561310E1
3.046995362E0,3.816552162E-1,9.987641335E0,6.963114142E-1,1.001915614E1
3.049161480E0,3.768695593E-1,9.982855797E0,7.106683254E-1,1.001521293E1
3.051321983E0,3.720839322E-1,9.978070259E0,6.915257573E-1,1.000892304E1
3.053478822E0,3.625126183E-1,9.973284721E0,7.202396393E-1,1.000582674E1
3.055631563E0,3.672982752E-1,9.963713646E0,7.345965505E-1,9.997506176E0
3.057781649E0,3.672982752E-1,9.958928108E0,7.393822074E-1,9.993089769E0
3.059950126E0,3.768695593E-1,9.954142570E0,7.393822074E-1,9.988677141E0
3.062106762E0,3.720839322E-1,9.944570541E0,7.298108935E-1,9.978254038E0
3.064267529E0,3.816552162E-1,9.944570541E0,7.345965505E-1,9.978966682E0
3.066418682E0,3.966103494E-1,9.934999466E0,7.674978375E-1,9.972490516E0
3.068569338E0,3.768695593E-1,9.920642853E0,7.489534616E-1,9.956009068E0
3.070736249E0,3.768695593E-1,9.915857315E0,7.441678643E-1,9.950881507E0
3.072893902E0,3.912265003E-1,9.901499748E0,7.250252366E-1,9.935714219E0
3.075053947E0,3.816552162E-1,9.882357597E0,7.298108935E-1,9.916616173E0
3.077210044E0,3.816552162E-1,9.858428955E0,7.202396393E-1,9.892068909E0
3.079367434E0,3.672982752E-1,9.839286804E0,7.250252366E-1,9.872797700E0
3.081524875E0,3.672982752E-1,9.815358162E0,7.256234884E-1,9.848994533E0
3.083680880E0,3.816552162E-1,9.824930191E0,7.202396393E-1,9.858684451E0
3.085838350E0,3.625126183E-1,9.805787086E0,7.160521746E-1,9.838577463E0
3.087995760E0,3.577269912E-1,9.786644936E0,7.256234884E-1,9.820026331E0
3.090153567E0,3.577269912E-1,9.777072906E0,7.256234884E-1,9.810486872E0
3.092311719E0,3.625126183E-1,9.772287369E0,7.304090858E-1,9.806248684E0
3.094470705E0,3.720839322E-1,9.767501831E0,7.399803996E-1,9.802556272E0
3.096626355E0,3.720839322E-1,9.781859398E0,7.399803996E-1,9.816862570E0
3.098784518E0,3.672982752E-1,9.786644936E0,7.208378315E-1,9.820027205E0
3.100940382E0,3.577269912E-1,9.796216011E0,7.399803996E-1,9.830635164E0
3.103098493E0,3.577269912E-1,9.801001549E0,7.208378315E-1,9.833982262E0
3.105255537E0,3.577269912E-1,9.824930191E0,7.016952634E-1,9.856449569E0
3.107413241E0,3.577269912E-1,9.829715729E0,6.921239495E-1,9.860543366E0
3.109570905E0,3.481557071E-1,9.853643417E0,6.729813814E-1,9.882732665E0
3.111729647E0,3.427718580E-1,9.858428955E0,6.538388133E-1,9.886031519E0
3.113887515E0,3.475574851E-1,9.868000984E0,6.346961856E-1,9.894497404E0
3.116044182E0,3.379862010E-1,9.872786522E0,6.251249313E-1,9.898329635E0
3.118200372E0,3.475574851E-1,9.891928673E0,6.059823632E-1,9.916565116E0
3.120357609E0,3.427718580E-1,9.896714211E0,5.820540786E-1,9.919739496E0
3.122511569E0,3.427718580E-1,9.911071777E0,5.724828243E-1,9.933507583E0
3.124661329E0,3.475574851E-1,9.906285286E0,5.539384484E-1,9.927846301E0
3.126847029E0,3.475574851E-1,9.906285286E0,5.204389095E-1,9.926033499E0
3.129005496E0,3.421736360E-1,9.887143135E0,5.156532526E-1,9.906491834E0
3.131166325E0,3.517449200E-1,9.891928673E0,4.965106845E-1,9.910625622E0
3.133316979E0,3.373879790E-1,9.882357597E0,4.869394004E-1,9.900097591E0
3.135473097E0,3.326023519E-1,9.877572060E0,4.821537733E-1,9.894924274E0
3.137630924E0,3.421736360E-1,9.868000984E0,4.773681164E-1,9.885464407E0
3.139788090E0,3.421736360E-1,9.882357597E0,4.630111754E-1,9.899113790E0
3.141945855E0,3.373879790E-1,9.868000984E0,4.534398913E-1,9.884173299E0
3.144104729E0,3.373879790E-1,9.853643417E0,4.492524564E-1,9.869647765E0
3.146260979E0,3.469592929E-1,9.829715729E0,4.157529473E-1,9.844619981E0
3.148394169E0,3.326023519E-1,9.824930191E0,4.253242314E-1,9.839754991E0
3.150576858E0,3.463610709E-1,9.781859398E0,4.061816335E-1,9.796413772E0
3.152731581E0,3.463610709E-1,9.757930756E0,3.966103494E-1,9.772127629E0
3.154896692E0,3.415754437E-1,9.738788605E0,3.918247223E-1,9.752651121E0
3.157044600E0,3.559323549E-1,9.719645500E0,3.918247223E-1,9.734049676E0
3.159192520E0,3.367897868E-1,9.719645500E0,3.828516304E-1,9.733011424E0
3.161363591E0,3.367897868E-1,9.714859962E0,3.637090325E-1,9.727497916E0
3.163522780E0,3.415754437E-1,9.719645500E0,3.828516304E-1,9.733178196E0
3.165682113E0,3.320041299E-1,9.710074425E0,3.780659735E-1,9.723101663E0
3.167838668E0,3.272185028E-1,9.729216576E0,3.684946895E-1,9.741689559E0
3.170001296E0,3.415754437E-1,9.724431038E0,3.828516304E-1,9.737957084E0
3.172150151E0,3.272185028E-1,9.757930756E0,3.732803464E-1,9.770548746E0
3.174307540E0,3.367897868E-1,9.772287369E0,3.678964674E-1,9.785007695E0
3.176463068E0,3.367897868E-1,9.781859398E0,3.774677813E-1,9.794931473E0
3.178620152E0,3.415754437E-1,9.781859398E0,3.918247223E-1,9.795660962E0
3.180769730E0,3.463610709E-1,9.781859398E0,3.966103494E-1,9.796021593E0
3.182938003E0,3.326023519E-1,9.777072906E0,4.205385745E-1,9.791763459E0
3.185096186E0,3.421736360E-1,9.767501831E0,4.444667995E-1,9.783594715E0
3.187255376E0,3.421736360E-1,9.748359680E0,4.588237405E-1,9.765148154E0
3.189409693E0,3.373879790E-1,9.743574142E0,4.779663086E-1,9.761122861E0
3.191565618E0,3.326023519E-1,9.738788605E0,4.971089065E-1,9.757138160E0
3.193721684E0,3.373879790E-1,9.762716293E0,5.210371017E-1,9.782430155E0
3.195869807E0,3.278166950E-1,9.748359680E0,5.539384484E-1,9.769586892E0
3.198041398E0,3.188436031E-1,9.743574142E0,5.778666735E-1,9.765901300E0
3.200201239E0,3.284149170E-1,9.729216576E0,5.922235847E-1,9.752755524E0
3.202373479E0,3.188436031E-1,9.729216576E0,6.209374666E-1,9.754223688E0
3.204512395E0,3.092723191E-1,9.743574142E0,6.305087805E-1,9.768849869E0
3.206669775E0,3.092723191E-1,9.753145218E0,6.592226624E-1,9.780289644E0
3.208823472E0,3.092723191E-1,9.757930756E0,6.783652306E-1,9.786370184E0
3.210981593E0,3.242274821E-1,9.772287369E0,7.112665176E-1,9.803500596E0
3.213128006E0,3.290131092E-1,9.757930756E0,7.304090858E-1,9.790758892E0
3.215292831E0,3.242274821E-1,9.762716293E0,7.495517135E-1,9.796814822E0
3.217455369E0,3.242274821E-1,9.767501831E0,7.495517135E-1,9.801583711E0
3.219603603E0,3.433700502E-1,9.738788605E0,7.639086246E-1,9.774735949E0
3.221745946E0,3.242274821E-1,9.724431038E0,7.543373108E-1,9.759032086E0
3.223900630E0,3.337987661E-1,9.696315765E0,7.734799385E-1,9.732842969E0
3.226060288E0,3.290131092E-1,9.691530228E0,7.591229677E-1,9.726781351E0
3.228221197E0,3.337987661E-1,9.662816048E0,7.686942816E-1,9.699088951E0
3.230380551E0,3.481557071E-1,9.677172661E0,7.734799385E-1,9.714275800E0
3.232543229E0,3.385843933E-1,9.681958199E0,7.543373108E-1,9.717200149E0
3.234694078E0,3.385843933E-1,9.686744690E0,7.495517135E-1,9.721599141E0
3.236852667E0,3.433700502E-1,9.681958199E0,7.543373108E-1,9.717368076E0
3.239007554E0,3.481557071E-1,9.696315765E0,7.304090858E-1,9.730017947E0
3.241165941E0,3.529413342E-1,9.695717812E0,7.112665176E-1,9.728176166E0
3.243323116E0,3.571287692E-1,9.672387123E0,6.879364848E-1,9.703394778E0
3.245480800E0,3.427718580E-1,9.681958199E0,6.831508875E-1,9.712080222E0
3.247638637E0,3.523431420E-1,9.677172661E0,6.831508875E-1,9.707652215E0
3.249796974E0,3.427718580E-1,9.677172661E0,6.735795736E-1,9.706640649E0
3.251953589E0,3.523431420E-1,9.700503349E0,6.448656917E-1,9.728297008E0
3.254111894E0,3.571287692E-1,9.719645500E0,6.400800347E-1,9.747243306E0
3.256269202E0,3.619144261E-1,9.729216576E0,6.113662124E-1,9.755122033E0
3.258430529E0,3.571287692E-1,9.762716293E0,6.017948985E-1,9.787764172E0
3.260583921E0,3.571287692E-1,9.777072906E0,5.922235847E-1,9.801501127E0
3.262744412E0,3.619144261E-1,9.791430473E0,5.491527915E-1,9.813493851E0
3.264910478E0,3.523431420E-1,9.796216011E0,5.443671346E-1,9.817653966E0
3.267064449E0,3.421736360E-1,9.810572624E0,5.347958803E-1,9.831094784E0
3.269206825E0,3.421736360E-1,9.801001549E0,5.156532526E-1,9.820519968E0
3.271381670E0,3.421736360E-1,9.820143700E0,5.156532526E-1,9.839624147E0
3.273537879E0,3.469592929E-1,9.815358162E0,5.108676553E-1,9.834766004E0
3.275700385E0,3.661018610E-1,9.834501266E0,5.108676553E-1,9.854563993E0
3.277851906E0,3.708875179E-1,9.820143700E0,5.060819983E-1,9.840167622E0
3.280006996E0,3.661018610E-1,9.801001549E0,5.012963414E-1,9.820639488E0
3.282168362E0,3.667000830E-1,9.796216011E0,5.395814776E-1,9.817915525E0
3.284326556E0,3.613162339E-1,9.777072906E0,5.347958803E-1,9.798352447E0
3.286486071E0,3.613162339E-1,9.767501831E0,5.300102234E-1,9.788541887E0
3.288646970E0,3.517449200E-1,9.743574142E0,4.971089065E-1,9.762585663E0
3.290788541E0,3.756731451E-1,9.753145218E0,5.108676553E-1,9.773738165E0
3.292955420E0,3.708875179E-1,9.748359680E0,5.204389095E-1,9.769285064E0
3.295110643E0,3.661018610E-1,9.777072906E0,5.156532526E-1,9.797503941E0
3.297272682E0,3.708875179E-1,9.762716293E0,5.252245665E-1,9.783866711E0
3.299430153E0,3.708875179E-1,9.777072906E0,5.108676553E-1,9.797433232E0
3.301593452E0,3.852444589E-1,9.777072906E0,5.156532526E-1,9.798237912E0
3.303743019E0,3.852444589E-1,9.796216011E0,4.965106845E-1,9.816352902E0
3.305901080E0,3.804588020E-1,9.810572624E0,4.917250574E-1,9.830253183E0
3.308055530E0,3.900300860E-1,9.810572624E0,4.965106845E-1,9.830868809E0
3.310215035E0,3.900300860E-1,9.820143700E0,4.965106845E-1,9.840420144E0
3.312372322E0,3.996013701E-1,9.834501266E0,4.821537733E-1,9.854418739E0
3.314527697E0,3.852444589E-1,9.824930191E0,4.917250574E-1,9.844768158E0
3.316677691E0,3.948157430E-1,9.820143700E0,5.060819983E-1,9.841098554E0
3.318846180E0,3.804588020E-1,9.820143700E0,5.156532526E-1,9.841029898E0
3.321003325E0,3.900300860E-1,9.820143700E0,5.204389095E-1,9.841656487E0
3.323163511E0,3.804588020E-1,9.820143700E0,5.252245665E-1,9.841536060E0
3.325317279E0,3.661018610E-1,9.805787086E0,5.204389095E-1,9.826410719E0
3.327474577E0,3.661018610E-1,9.796216011E0,5.156532526E-1,9.816607203E0
3.329632028E0,3.661018610E-1,9.815358162E0,5.060819983E-1,9.835212525E0
3.331789691E0,3.619144261E-1,9.834501266E0,5.300102234E-1,9.855420237E0
3.333943215E0,3.762713671E-1,9.829715729E0,5.300102234E-1,9.851182786E0
3.336088387E0,3.667000830E-1,9.829715729E0,5.347958803E-1,9.851080494E0
3.338262572E0,3.858426511E-1,9.834501266E0,5.437689424E-1,9.857077375E0
3.340420653E0,3.714857101E-1,9.810572624E0,5.300102234E-1,9.831899495E0
3.342581144E0,3.571287692E-1,9.810572624E0,5.443671346E-1,9.832151939E0
3.344731850E0,3.619144261E-1,9.801001549E0,5.443671346E-1,9.822777051E0
3.346881427E0,3.571287692E-1,9.786644936E0,5.395814776E-1,9.808012450E0
3.349049499E0,3.667000830E-1,9.777072906E0,5.635097623E-1,9.800161571E0
3.351207234E0,3.810569942E-1,9.762716293E0,5.682953596E-1,9.786664063E0
3.353367989E0,3.762713671E-1,9.753145218E0,5.730810165E-1,9.777210422E0
3.355522215E0,3.619144261E-1,9.757930756E0,5.826523304E-1,9.782007893E0
3.357680754E0,3.667000830E-1,9.757930756E0,5.826523304E-1,9.782186122E0
3.359839721E0,3.858426511E-1,9.738788605E0,5.922235847E-1,9.764405093E0
3.362010222E0,3.810569942E-1,9.757930756E0,5.826523304E-1,9.782734832E0
3.364167805E0,3.858426511E-1,9.753145218E0,5.682953596E-1,9.777304118E0
3.366325530E0,3.858426511E-1,9.734002113E0,5.826523304E-1,9.759055048E0
3.368480376E0,3.858426511E-1,9.748359680E0,5.970092416E-1,9.774242223E0
3.370639658E0,3.762713671E-1,9.738788605E0,5.778666735E-1,9.763171284E0
3.372795165E0,3.714857101E-1,9.748359680E0,5.539384484E-1,9.771149671E0
3.374953236E0,3.762713671E-1,9.753145218E0,5.539384484E-1,9.776107077E0
3.377109059E0,3.661018610E-1,9.753145218E0,5.204389095E-1,9.773879929E0
3.379261148E0,3.756731451E-1,9.777072906E0,5.252245665E-1,9.798374650E0
3.381399923E0,3.756731451E-1,9.777072906E0,5.060819983E-1,9.797367193E0
3.383582966E0,3.708875179E-1,9.805787086E0,5.060819983E-1,9.825840266E0
3.385739736E0,3.804588020E-1,9.820143700E0,5.156532526E-1,9.841029898E0
3.387904073E0,3.852444589E-1,9.829715729E0,5.012963414E-1,9.850026529E0
3.390053833E0,3.996013701E-1,9.834501266E0,4.869394004E-1,9.854654047E0
3.392210509E0,4.043870270E-1,9.848857880E0,5.060819983E-1,9.870139279E0
3.394369363E0,3.900300860E-1,9.839286804E0,5.108676553E-1,9.860257301E0
3.396526774E0,3.756731451E-1,9.815358162E0,5.012963414E-1,9.835328372E0
3.398684438E0,3.565305769E-1,9.815358162E0,5.300102234E-1,9.836121224E0
3.400834758E0,3.661018610E-1,9.791430473E0,5.252245665E-1,9.812339279E0
3.402971354E0,3.613162339E-1,9.762716293E0,5.156532526E-1,9.782999393E0
3.405157806E0,3.517449200E-1,9.762716293E0,5.300102234E-1,9.783417846E0
3.407314300E0,3.667000830E-1,9.757930756E0,5.539384484E-1,9.780517849E0
3.409479685E0,3.667000830E-1,9.753145218E0,5.635097623E-1,9.776290393E0
3.411624481E0,3.667000830E-1,9.762716293E0,5.730810165E-1,9.786394649E0
3.413762553E0,3.619144261E-1,9.738788605E0,5.874379873E-1,9.763199728E0
3.415915700E0,3.714857101E-1,9.729216576E0,6.161518097E-1,9.755782893E0
3.418101573E0,3.667000830E-1,9.724431038E0,6.209374666E-1,9.751132821E0
3.420263520E0,3.619144261E-1,9.724431038E0,6.257231236E-1,9.751259944E0
3.422424439E0,3.571287692E-1,9.719645500E0,6.592226624E-1,9.748519073E0
3.424574066E0,3.619144261E-1,9.714859962E0,6.729813814E-1,9.744864806E0
3.426732687E0,3.523431420E-1,9.705288887E0,6.687939167E-1,9.734683527E0
3.428888642E0,3.475574851E-1,9.719645500E0,6.777670383E-1,9.749444754E0
3.431046367E0,3.475574851E-1,9.714859962E0,6.825526357E-1,9.745007871E0
3.433200338E0,3.529413342E-1,9.714859962E0,6.921239495E-1,9.745876422E0
3.435348776E0,3.481557071E-1,9.719645500E0,6.873382926E-1,9.750136152E0
3.437519472E0,3.529413342E-1,9.729815483E0,7.016952634E-1,9.761467777E0
3.439678295E0,3.529413342E-1,9.729815483E0,6.825526357E-1,9.760110400E0
3.441836935E0,3.481557071E-1,9.743574142E0,6.921239495E-1,9.774327856E0
3.443988984E0,3.481557071E-1,9.725028992E0,7.160521746E-1,9.757567935E0
3.446132478E0,3.577269912E-1,9.743574142E0,6.969096065E-1,9.775013487E0
3.448292319E0,3.768695593E-1,9.753145218E0,6.873382926E-1,9.784595354E0
3.450460095E0,3.529413342E-1,9.753145218E0,6.729813814E-1,9.782704798E0
3.452620983E0,3.523431420E-1,9.743574142E0,6.681957245E-1,9.772812711E0
3.454768271E0,3.379862010E-1,9.753145218E0,6.586244106E-1,9.781199437E0
3.456934419E0,3.523431420E-1,9.729216576E0,6.538388133E-1,9.757525611E0
3.459082409E0,3.475574851E-1,9.734002113E0,6.352944374E-1,9.760901207E0
3.461263521E0,3.427718580E-1,9.738788605E0,6.257231236E-1,9.764887376E0
3.463408061E0,3.714857101E-1,9.738788605E0,6.251249313E-1,9.765899155E0
3.465569215E0,3.762713671E-1,9.738788605E0,6.107679605E-1,9.765173891E0
3.467716574E0,3.667000830E-1,9.719645500E0,6.161518097E-1,9.746056672E0
3.469861655E0,3.906283081E-1,9.719645500E0,5.964110494E-1,9.745758322E0
3.472038362E0,3.667000830E-1,9.686744690E0,5.970092416E-1,9.712049818E0
3.474196616E0,3.475574851E-1,9.677172661E0,5.635097623E-1,9.699794336E0
3.476358146E0,3.571287692E-1,9.653244972E0,5.682953596E-1,9.676550990E0
3.478505230E0,3.661018610E-1,9.634101868E0,5.395814776E-1,9.656142995E0
3.480642163E0,3.517449200E-1,9.629316330E0,5.306084156E-1,9.650336925E0
3.482825512E0,3.708875179E-1,9.605388641E0,5.258227587E-1,9.626917371E0
3.484982800E0,3.469592929E-1,9.605388641E0,4.971089065E-1,9.624499414E0
3.487146893E0,3.469592929E-1,9.576674461E0,4.875376225E-1,9.595351344E0
3.489302818E0,3.373879790E-1,9.595816612E0,4.731806815E-1,9.613398310E0
3.491474815E0,3.565305769E-1,9.591031075E0,4.540380836E-1,9.608389132E0
3.493613110E0,3.756731451E-1,9.591031075E0,4.540380836E-1,9.609118480E0
3.495771354E0,3.469592929E-1,9.614959717E0,4.396811724E-1,9.631259037E0
3.497922844E0,3.661018610E-1,9.648459435E0,4.301098585E-1,9.664977730E0
3.500081933E0,3.756731451E-1,9.662816048E0,4.348955154E-1,9.679890412E0
3.502229230E0,3.756731451E-1,9.695717812E0,4.205385745E-1,9.712102084E0
3.504399966E0,3.702892959E-1,9.710074425E0,4.061816335E-1,9.725617873E0
3.506558118E0,3.655036688E-1,9.729216576E0,3.774677813E-1,9.743394174E0
3.508720442E0,3.702892959E-1,9.757930756E0,3.822534084E-1,9.772432883E0
3.510869459E0,3.655036688E-1,9.777072906E0,3.678964674E-1,9.790816889E0
3.513014569E0,3.655036688E-1,9.796216011E0,3.583251834E-1,9.809578890E0
3.515173830E0,3.607180119E-1,9.815358162E0,3.678964674E-1,9.828871814E0
3.517339165E0,3.702892959E-1,9.824930191E0,3.487538993E-1,9.838089078E0
3.519479444E0,3.559323549E-1,9.839286804E0,3.200400174E-1,9.850922712E0
3.521648958E0,3.607180119E-1,9.853643417E0,3.296113312E-1,9.865751351E0
3.523807345E0,3.750749528E-1,9.863214493E0,3.439682424E-1,9.876335125E0
3.525965294E0,3.559323549E-1,9.872786522E0,3.535395563E-1,9.885524355E0
3.528119317E0,3.798605800E-1,9.877572060E0,3.487538993E-1,9.891023867E0
3.530276076E0,3.655036688E-1,9.858428955E0,3.678964674E-1,9.872059674E0
3.532433770E0,3.607180119E-1,9.844072342E0,3.822534084E-1,9.858092890E0
3.534591536E0,3.565305769E-1,9.834501266E0,4.109672904E-1,9.849539244E0
3.536748874E0,3.421736360E-1,9.820143700E0,4.301098585E-1,9.835512166E0
3.538906488E0,3.661018610E-1,9.824930191E0,4.199403822E-1,9.840713072E0
3.541064243E0,3.661018610E-1,9.810572624E0,4.486542344E-1,9.827647552E0
3.543222375E0,3.661018610E-1,9.815358162E0,4.725824594E-1,9.833545678E0
3.545377618E0,3.661018610E-1,9.815358162E0,4.869394004E-1,9.834246102E0
3.547531773E0,3.708875179E-1,9.805787086E0,5.060819983E-1,9.825840266E0
3.549693719E0,3.661018610E-1,9.796216011E0,5.204389095E-1,9.816859751E0
3.551851546E0,3.523431420E-1,9.786644936E0,5.395814776E-1,9.807839362E0
3.554009790E0,3.714857101E-1,9.757930756E0,5.539384484E-1,9.780698445E0
3.556164921E0,3.667000830E-1,9.757930756E0,5.730810165E-1,9.781620696E0
3.558318862E0,3.571287692E-1,9.748359680E0,5.682953596E-1,9.771438841E0
3.560482243E0,3.667000830E-1,9.734002113E0,5.730810165E-1,9.757750148E0
3.562638980E0,3.475574851E-1,9.720243454E0,5.970092416E-1,9.744760081E0
3.564798466E0,3.571287692E-1,9.720243454E0,6.113662124E-1,9.745996225E0
3.566951186E0,3.571287692E-1,9.725028992E0,6.017948985E-1,9.750173688E0
3.569102747E0,3.571287692E-1,9.715457916E0,6.017948985E-1,9.740627320E0
3.571268224E0,3.571287692E-1,9.738788605E0,5.970092416E-1,9.763604072E0
3.573426009E0,3.714857101E-1,9.734601021E0,6.203392744E-1,9.761417903E0
3.575585982E0,3.714857101E-1,9.748359680E0,6.113662124E-1,9.774573481E0
3.577742904E0,3.906283081E-1,9.753145218E0,6.203392744E-1,9.780657081E0
3.579898310E0,3.714857101E-1,9.781859398E0,6.017948985E-1,9.807391703E0
3.582056898E0,3.714857101E-1,9.805787086E0,6.155536175E-1,9.832109045E0
3.584212691E0,3.762713671E-1,9.810572624E0,6.155536175E-1,9.837063668E0
3.586370742E0,3.667000830E-1,9.805787086E0,6.011967063E-1,9.831040983E0
3.588525447E0,3.714857101E-1,9.801001549E0,6.203392744E-1,9.827637244E0
3.590675695E0,3.906283081E-1,9.810572624E0,5.964110494E-1,9.836444064E0
3.592843460E0,3.619144261E-1,9.810572624E0,6.017948985E-1,9.835673559E0
3.595001723E0,3.571287692E-1,9.839286804E0,5.826523304E-1,9.862990901E0
3.597160802E0,3.667000830E-1,9.829715729E0,6.011967063E-1,9.854908307E0
3.599316492E0,3.667000830E-1,9.853643417E0,5.820540786E-1,9.877628486E0
3.601472682E0,3.858426511E-1,9.872786522E0,5.676971674E-1,9.896619035E0
3.603630478E0,3.667000830E-1,9.872786522E0,5.724828243E-1,9.896166896E0
3.605787715E0,3.714857101E-1,9.891928673E0,5.724828243E-1,9.915442052E0
3.607945481E0,3.714857101E-1,9.891928673E0,5.533402562E-1,9.914355246E0
3.610103185E0,3.667000830E-1,9.887143135E0,5.533402562E-1,9.909402291E0
3.612261428E0,3.475574851E-1,9.882357597E0,5.347958803E-1,9.902918485E0
3.614418279E0,3.427718580E-1,9.858428955E0,5.491527915E-1,9.879660055E0
3.616576299E0,3.332005441E-1,9.848857880E0,5.443671346E-1,9.869516691E0
3.618735672E0,3.475574851E-1,9.863214493E0,5.491527915E-1,9.884602426E0
3.620906205E0,3.517449200E-1,9.858428955E0,5.252245665E-1,9.878674344E0
3.623059911E0,3.517449200E-1,9.848857880E0,5.252245665E-1,9.869122903E0
3.625206558E0,3.517449200E-1,9.853643417E0,5.252245665E-1,9.873898619E0
3.627376257E0,3.708875179E-1,9.829715729E0,5.108676553E-1,9.849967240E0
3.629534236E0,3.613162339E-1,9.820143700E0,5.108676553E-1,9.840058814E0
3.631694494E0,3.756731451E-1,9.801001549E0,5.060819983E-1,9.821246390E0
3.633846482E0,3.565305769E-1,9.786644936E0,5.012963414E-1,9.805958962E0
3.635995153E0,3.613162339E-1,9.757930756E0,4.869394004E-1,9.776751609E0
3.638163540E0,3.469592929E-1,9.753145218E0,4.779663086E-1,9.771011932E0
3.640320187E0,3.469592929E-1,9.743574142E0,4.492524564E-1,9.760094548E0
3.642480759E0,3.415754437E-1,9.738788605E0,4.157529473E-1,9.753641770E0
3.644633805E0,3.278166950E-1,9.738788605E0,4.348955154E-1,9.754004377E0
3.646778713E0,3.702892959E-1,9.743574142E0,4.061816335E-1,9.759064235E0
3.648934201E0,3.367897868E-1,9.734002113E0,4.109672904E-1,9.748493146E0
3.651094988E0,3.415754437E-1,9.738788605E0,4.061816335E-1,9.753238477E0
3.653267665E0,3.559323549E-1,9.719645500E0,3.966103494E-1,9.734243487E0
3.655423691E0,3.607180119E-1,9.690931320E0,3.966103494E-1,9.705749178E0
3.657580990E0,3.655036688E-1,9.676574707E0,3.966103494E-1,9.691593819E0
3.659737942E0,3.415754437E-1,9.676574707E0,3.828516304E-1,9.690167554E0
3.661895778E0,3.559323549E-1,9.657432556E0,3.966103494E-1,9.672124440E0
3.664054276E0,3.655036688E-1,9.676574707E0,3.726821244E-1,9.690644094E0
3.666206966E0,3.607180119E-1,9.690931320E0,3.822534084E-1,9.705173105E0
3.668352576E0,3.750749528E-1,9.705288887E0,3.822534084E-1,9.720053049E0
3.670511868E0,3.750749528E-1,9.714859962E0,3.774677813E-1,9.729422760E0
3.672682451E0,3.894318938E-1,9.714859962E0,3.822534084E-1,9.730173635E0
3.674842831E0,3.702892959E-1,9.734002113E0,3.726821244E-1,9.748169227E0
3.677000536E0,3.846462369E-1,9.734002113E0,3.726821244E-1,9.748725139E0
3.679147387E0,3.655036688E-1,9.743574142E0,3.774677813E-1,9.757730880E0
3.681282631E0,3.702892959E-1,9.757930756E0,3.631108403E-1,9.771702834E0
3.683470099E0,3.655036688E-1,9.786644936E0,3.918247223E-1,9.801302905E0
3.685628283E0,3.804588020E-1,9.781859398E0,4.109672904E-1,9.797878153E0
3.687792111E0,3.804588020E-1,9.805787086E0,4.109672904E-1,9.821766817E0
3.689941719E0,3.708875179E-1,9.820143700E0,4.205385745E-1,9.836139107E0
3.692097663E0,3.852444589E-1,9.848857880E0,4.199403822E-1,9.865331457E0
3.694257097E0,3.852444589E-1,9.877572060E0,4.486542344E-1,9.895258143E0
3.696414792E0,3.756731451E-1,9.911071777E0,4.582255483E-1,9.928768541E0
3.698570320E0,3.948157430E-1,9.930213928E0,4.582255483E-1,9.948617933E0
3.700713854E0,3.852444589E-1,9.939785004E0,4.534398913E-1,9.957577363E0
3.702875098E0,3.804588020E-1,9.958928108E0,4.725824594E-1,9.977391049E0
3.705044105E0,3.948157430E-1,9.963713646E0,4.767699242E-1,9.982924354E0
3.707205035E0,3.858426511E-1,9.987043381E0,5.054838061E-1,1.000726855E1
3.709362404E0,3.858426511E-1,9.982855797E0,5.246263742E-1,1.000407503E1
3.711516834E0,3.810569942E-1,9.997213364E0,5.533402562E-1,1.001976372E1
3.713674822E0,3.762713671E-1,9.992427826E0,5.772684813E-1,1.001615859E1
3.715833921E0,3.667000830E-1,9.968499184E0,5.868397355E-1,9.992488469E0
3.717989520E0,3.810569942E-1,9.968499184E0,5.964110494E-1,9.993592274E0
3.720148314E0,3.720839322E-1,9.944570541E0,6.346961856E-1,9.971748540E0
3.722300402E0,3.768695593E-1,9.939785004E0,6.580262184E-1,9.968668672E0
3.724448860E0,3.912265003E-1,9.930213928E0,7.010970116E-1,9.962617319E0
3.726619169E0,3.720839322E-1,9.915857315E0,7.010970116E-1,9.947573059E0
3.728776559E0,3.912265003E-1,9.911071777E0,7.250252366E-1,9.945253317E0
3.730937570E0,3.912265003E-1,9.896714211E0,7.345965505E-1,9.931648525E0
3.733089272E0,3.864408433E-1,9.887143135E0,7.298108935E-1,9.921570432E0
3.735230894E0,4.007977843E-1,9.887143135E0,7.537391186E-1,9.923928703E0
3.737385405E0,3.960121572E-1,9.896714211E0,7.441678643E-1,9.932550710E0
3.739563669E0,3.768695593E-1,9.906285286E0,7.537391186E-1,9.942064247E0
3.741724536E0,3.966103494E-1,9.915857315E0,7.674978375E-1,9.953420467E0
3.743884082E0,3.672982752E-1,9.901499748E0,7.585247755E-1,9.937301702E0
3.746030241E0,3.768695593E-1,9.915857315E0,7.393822074E-1,9.950524760E0
3.748169615E0,3.672982752E-1,9.915857315E0,7.393822074E-1,9.950166851E0
3.750352335E0,3.625126183E-1,9.925428391E0,7.106683254E-1,9.957439109E0
3.752508971E0,3.720839322E-1,9.920642853E0,7.250252366E-1,9.954057598E0
3.754673389E0,3.816552162E-1,9.925428391E0,7.250252366E-1,9.959189276E0
3.756822651E0,3.864408433E-1,9.930213928E0,7.250252366E-1,9.964143053E0
3.758976612E0,3.960121572E-1,9.934999466E0,7.058826685E-1,9.967914042E0
3.761138295E0,4.007977843E-1,9.920642853E0,6.867401004E-1,9.952457256E0
3.763295979E0,4.007977843E-1,9.901499748E0,6.819544435E-1,9.933045756E0
3.765454863E0,4.055834413E-1,9.872786522E0,6.723831892E-1,9.903964398E0
3.767604715E0,3.960121572E-1,9.844072342E0,6.628118753E-1,9.874305317E0
3.769739339E0,3.954139352E-1,9.829715729E0,6.442674994E-1,9.858739478E0
3.771926980E0,3.954139352E-1,9.824930191E0,6.442674994E-1,9.853968036E0
3.774083057E0,4.001995921E-1,9.820143700E0,6.203392744E-1,9.847852700E0
3.776248219E0,3.906283081E-1,9.805787086E0,6.394818425E-1,9.834377860E0
3.778390889E0,4.049852192E-1,9.820143700E0,6.011967063E-1,9.846861063E0
3.780527069E0,4.001995921E-1,9.824930191E0,5.916253924E-1,9.850859535E0
3.782713795E0,4.001995921E-1,9.824930191E0,5.916253924E-1,9.850859535E0
3.784872812E0,4.097708762E-1,9.834501266E0,5.676971674E-1,9.859391837E0
3.787035746E0,4.097708762E-1,9.853643417E0,5.437689424E-1,9.877139537E0
3.789183695E0,4.145565331E-1,9.853643417E0,5.341976285E-1,9.876816938E0
3.791330759E0,4.049852192E-1,9.844072342E0,5.102694035E-1,9.865604298E0
3.793500671E0,4.145565331E-1,9.844072342E0,5.150550604E-1,9.866250509E0
3.795657734E0,4.289134443E-1,9.829715729E0,5.102694035E-1,9.852291760E0
3.797818492E0,4.235295951E-1,9.805787086E0,4.911268353E-1,9.827209333E0
3.799974324E0,4.187439680E-1,9.810572624E0,4.773681164E-1,9.831101772E0
3.802134856E0,4.187439680E-1,9.834501266E0,4.815555513E-1,9.855184292E0
3.804282837E0,4.235295951E-1,9.868000984E0,4.863412082E-1,9.889051952E0
3.806446421E0,4.187439680E-1,9.911071777E0,4.576273263E-1,9.930463889E0
3.808601288E0,4.187439680E-1,9.915857315E0,4.528416991E-1,9.935020806E0
3.810761566E0,4.091726840E-1,9.944570541E0,4.336991012E-1,9.962429445E0
3.812914041E0,3.948157430E-1,9.954142570E0,4.342973232E-1,9.971431590E0
3.815062154E0,3.852444589E-1,9.963713646E0,4.390829504E-1,9.980821447E0
3.817232992E0,3.996013701E-1,9.987641335E0,4.432703853E-1,1.000545598E1
3.819391215E0,3.900300860E-1,9.987641335E0,4.151547253E-1,1.000387207E1
3.821551158E0,3.900300860E-1,1.000618649E1,4.193421602E-1,1.002256151E1
3.823703857E0,3.852444589E-1,1.001097202E1,4.241278172E-1,1.002735551E1
3.825849366E0,4.043870270E-1,1.001575756E1,4.097708762E-1,1.003228990E1
3.828006308E0,4.139583111E-1,1.002054310E1,4.145565331E-1,1.003765424E1
3.830177217E0,4.139583111E-1,1.004925728E1,4.145565331E-1,1.006631961E1
3.832337301E0,4.235295951E-1,1.004925728E1,3.954139352E-1,1.006594761E1
3.834495230E0,4.187439680E-1,1.007318497E1,4.049852192E-1,1.009001561E1
3.836643861E0,4.091726840E-1,1.007797050E1,4.049852192E-1,1.009440067E1
3.838794760E0,4.091726840E-1,1.008275604E1,3.954139352E-1,1.009879913E1
3.840965771E0,4.043870270E-1,1.008275604E1,3.858426511E-1,1.009823612E1
3.843122905E0,4.043870270E-1,1.007797050E1,3.667000830E-1,1.009274429E1
3.845283418E0,3.948157430E-1,1.006839943E1,3.714857101E-1,1.008298310E1
3.847439037E0,3.900300860E-1,1.006361389E1,3.625126183E-1,1.007769137E1
3.849594748E0,4.091726840E-1,1.003968525E1,3.577269912E-1,1.005438565E1
3.851752757E0,3.996013701E-1,1.004925728E1,3.625126183E-1,1.006373035E1
3.853910451E0,3.996013701E-1,1.003489971E1,3.577269912E-1,1.004922196E1
3.856058910E0,4.043870270E-1,1.002054310E1,3.625126183E-1,1.003524929E1
3.858203431E0,3.996013701E-1,1.001097202E1,3.768695593E-1,1.002602976E1
3.860381573E0,3.894318938E-1,9.963115692E0,3.672982752E-1,9.977486633E0
3.862540315E0,3.942175210E-1,9.925428391E0,3.625126183E-1,9.939866779E0
3.864702302E0,3.708875179E-1,9.906285286E0,3.912265003E-1,9.920942692E0
3.866854453E0,3.804588020E-1,9.872786522E0,4.199403822E-1,9.889034965E0
3.869012117E0,3.996013701E-1,9.872786522E0,4.390829504E-1,9.890621254E0
3.871165875E0,3.948157430E-1,9.839286804E0,4.486542344E-1,9.857420297E0
3.873308178E0,3.996013701E-1,9.829715729E0,4.677968323E-1,9.848950525E0
3.875485190E0,4.043870270E-1,9.796216011E0,4.677968323E-1,9.815712449E0
3.877639172E0,4.091726840E-1,9.748359680E0,4.965106845E-1,9.769568138E0
3.879794883E0,3.852444589E-1,9.710074425E0,5.156532526E-1,9.731385148E0
3.881956565E0,3.900300860E-1,9.681360245E0,5.395814776E-1,9.704226287E0
3.884114198E0,3.852444589E-1,9.648459435E0,5.395814776E-1,9.671211451E0
3.886274283E0,3.756731451E-1,9.586245537E0,5.593222976E-1,9.609894653E0
3.888429099E0,3.667000830E-1,9.557532310E0,5.976074338E-1,9.583215925E0
3.890576938E0,3.571287692E-1,9.524032593E0,6.167500615E-1,9.550660628E0
3.892732068E0,3.571287692E-1,9.509675026E0,6.358926296E-1,9.537600301E0
3.894901125E0,3.714857101E-1,9.514460564E0,6.831508875E-1,9.546185447E0
3.897060549E0,3.810569942E-1,9.543174744E0,6.879364848E-1,9.575523235E0
3.899219363E0,3.810569942E-1,9.567103386E0,6.975077987E-1,9.600061914E0
3.901374006E0,3.762713671E-1,9.595816612E0,7.022934556E-1,9.628836518E0
3.903532320E0,3.667000830E-1,9.605388641E0,6.831508875E-1,9.636630897E0
3.905689841E0,3.714857101E-1,9.605388641E0,6.975077987E-1,9.637842586E0
3.907846499E0,3.619144261E-1,9.605388641E0,6.927221417E-1,9.637133234E0
3.910004631E0,3.672982752E-1,9.624530792E0,7.208378315E-1,9.658473387E0
3.912155652E0,3.720839322E-1,9.662816048E0,6.969096065E-1,9.695057680E0
3.914297874E0,3.912265003E-1,9.677172661E0,7.016952634E-1,9.710463693E0
3.916475945E0,4.151547253E-1,9.705886841E0,7.064808607E-1,9.740416214E0
3.918633589E0,4.151547253E-1,9.714859962E0,6.921239495E-1,9.748327708E0
3.920796767E0,4.007977843E-1,9.701101303E0,6.873382926E-1,9.733675528E0
3.922947268E0,4.289134443E-1,9.701101303E0,6.681957245E-1,9.733540916E0
3.925093163E0,4.145565331E-1,9.677172661E0,6.586244106E-1,9.708414595E0
3.927264886E0,4.097708762E-1,9.672387123E0,6.681957245E-1,9.704095546E0
3.929420424E0,4.289134443E-1,9.643673897E0,6.490531564E-1,9.675002996E0
3.931581729E0,4.336991012E-1,9.605388641E0,6.586244106E-1,9.637705742E0
3.933735456E0,4.193421602E-1,9.600603104E0,6.352944374E-1,9.630733452E0
3.935893252E0,4.193421602E-1,9.562317848E0,6.113662124E-1,9.591013457E0
3.938051039E0,4.145565331E-1,9.543174744E0,6.209374666E-1,9.572335381E0
3.940209385E0,4.193421602E-1,9.547960281E0,5.970092416E-1,9.575793096E0
3.942366000E0,4.384847581E-1,9.552745819E0,5.730810165E-1,9.579960512E0
3.944521182E0,4.474578202E-1,9.547960281E0,5.587241054E-1,9.574755175E0
3.946664778E0,4.378865361E-1,9.538389206E0,5.395814776E-1,9.563668827E0
3.948825362E0,4.426721931E-1,9.509675026E0,5.060819983E-1,9.533414748E0
3.950991337E0,4.474578202E-1,9.471389771E0,4.923232496E-1,9.494726161E0
3.953140709E0,4.378865361E-1,9.447462082E0,4.731806815E-1,9.469434216E0
3.955310754E0,4.420739710E-1,9.428318977E0,4.540380836E-1,9.449591458E0
3.957452976E0,4.420739710E-1,9.423533440E0,4.444667995E-1,9.444361419E0
3.959616927E0,4.660021961E-1,9.452247620E0,4.348955154E-1,9.473715070E0
3.961784203E0,4.809573591E-1,9.471389771E0,4.492524564E-1,9.494228349E0
3.963943333E0,4.857429862E-1,9.471389771E0,4.444667995E-1,9.494246740E0
3.966100976E0,5.048855543E-1,9.471389771E0,4.582255483E-1,9.495899339E0
3.968250736E0,5.048855543E-1,9.476176262E0,4.677968323E-1,9.501139923E0
3.970395980E0,5.192425251E-1,9.466604233E0,4.725824594E-1,9.492604631E0
3.972570814E0,5.048855543E-1,9.457033157E0,5.060819983E-1,9.484013104E0
3.974728754E0,5.000999570E-1,9.447462082E0,5.252245665E-1,9.475257284E0
3.976889663E0,4.761717021E-1,9.442676544E0,5.443671346E-1,9.470333436E0
3.979042230E0,4.713860750E-1,9.428318977E0,5.587241054E-1,9.456615473E0
3.981194045E0,4.570291340E-1,9.447462082E0,5.635097623E-1,9.475281456E0
3.983357812E0,4.522434771E-1,9.457033157E0,5.635097623E-1,9.484595065E0
3.985514734E0,4.522434771E-1,9.490532875E0,5.587241054E-1,9.517715642E0
3.987674046E0,4.618147612E-1,9.533603668E0,5.635097623E-1,9.561402357E0
3.989829605E0,4.671986103E-1,9.576674461E0,5.778666735E-1,9.605461893E0
3.991985864E0,4.671986103E-1,9.634101868E0,5.676971674E-1,9.662115369E0
3.994145278E0,4.767699242E-1,9.677172661E0,5.676971674E-1,9.705527309E0
3.996303481E0,4.863412082E-1,9.701101303E0,5.772684813E-1,9.730423072E0
3.998460292E0,4.671986103E-1,9.710074425E0,5.676971674E-1,9.737869374E0
4.000611191E0,4.671986103E-1,9.714859962E0,5.820540786E-1,9.743488368E0
4.002749822E0,4.624129832E-1,9.734002113E0,6.059823632E-1,9.763802412E0
4.004932184E0,4.528416991E-1,9.743574142E0,5.964110494E-1,9.772308264E0
4.007089910E0,4.384847581E-1,9.757930756E0,5.820540786E-1,9.785104418E0
4.009254389E0,4.384847581E-1,9.772287369E0,5.868397355E-1,9.799706637E0
4.011403722E0,4.480560422E-1,9.796216011E0,6.011967063E-1,9.824868438E0
4.013558080E0,4.576273263E-1,9.805787086E0,5.820540786E-1,9.833700733E0
4.015713770E0,4.528416991E-1,9.829715729E0,6.101697683E-1,9.859040727E0
4.017848150E0,4.719842672E-1,9.858428955E0,6.197410822E-1,9.889159197E0
4.020006618E0,4.815555513E-1,9.853643417E0,6.197410822E-1,9.884850194E0
4.022166427E0,4.965106845E-1,9.887143135E0,6.293123364E-1,9.919584480E0
4.024342890E0,4.965106845E-1,9.853643417E0,6.340979934E-1,9.886500479E0
4.026497421E0,4.719842672E-1,9.853643417E0,6.293123364E-1,9.884993261E0
4.028654089E0,4.576273263E-1,9.839286804E0,6.293123364E-1,9.870006160E0
4.030808813E0,4.725824594E-1,9.820143700E0,6.388836503E-1,9.852244860E0
4.032965632E0,4.576273263E-1,9.767501831E0,6.388836503E-1,9.799065624E0
4.035122635E0,4.384847581E-1,9.753145218E0,6.346961856E-1,9.783606174E0
4.037281123E0,4.193421602E-1,9.738788605E0,6.538388133E-1,9.769716297E0
4.039438696E0,4.432703853E-1,9.753145218E0,6.490531564E-1,9.784763680E0
4.041596675E0,4.821537733E-1,9.801001549E0,6.675975323E-1,9.835537102E0
4.043754553E0,5.012963414E-1,9.848857880E0,6.675975323E-1,9.884178571E0
4.045908789E0,5.204389095E-1,9.863214493E0,6.717849374E-1,9.899755138E0
4.048059393E0,5.443671346E-1,9.882357597E0,6.813562512E-1,9.920764769E0
4.050225897E0,5.730810165E-1,9.906285286E0,6.999006271E-1,9.947500737E0
4.052383428E0,5.826523304E-1,9.925428391E0,6.903293133E-1,9.966452079E0
4.054543209E0,5.682953596E-1,9.901499748E0,6.861419082E-1,9.941501275E0
4.056698686E0,5.347958803E-1,9.853643417E0,6.957131624E-1,9.892639286E0
4.058856553E0,5.204389095E-1,9.815358162E0,6.813562512E-1,9.852733572E0
4.061015428E0,4.917250574E-1,9.772287369E0,6.819544435E-1,9.808387014E0
4.063170946E0,4.630111754E-1,9.738788605E0,6.771687865E-1,9.773276851E0
4.065329200E0,4.725824594E-1,9.738788605E0,6.675975323E-1,9.773076493E0
4.067482591E0,4.534398913E-1,9.729216576E0,6.723831892E-1,9.762958674E0
4.069632961E0,4.336991012E-1,9.714859962E0,6.442674994E-1,9.745854483E0
4.071795823E0,4.241278172E-1,9.734002113E0,6.203392744E-1,9.762965859E0
4.073939979E0,4.241278172E-1,9.719645500E0,6.299105883E-1,9.749265634E0
4.076118364E0,4.384847581E-1,9.719645500E0,5.964110494E-1,9.747793785E0
4.078274106E0,4.528416991E-1,9.734002113E0,5.964110494E-1,9.762764408E0
4.080435381E0,4.671986103E-1,9.748359680E0,5.916253924E-1,9.777464477E0
4.082589067E0,4.719842672E-1,9.757930756E0,5.916253924E-1,9.787236708E0
4.084745175E0,4.576273263E-1,9.738788605E0,5.820540786E-1,9.766893734E0
4.086902880E0,4.719842672E-1,9.724431038E0,5.676971674E-1,9.752415508E0
4.089057564E0,4.719842672E-1,9.734002113E0,5.485545993E-1,9.760864636E0
4.091207842E0,4.911268353E-1,9.729216576E0,5.246263742E-1,9.755721069E0
4.093375576E0,4.809573591E-1,9.743574142E0,5.102694035E-1,9.768773307E0
4.095533831E0,5.000999570E-1,9.748359680E0,4.719842672E-1,9.772583362E0
4.097693061E0,5.000999570E-1,9.729216576E0,4.528416991E-1,9.752580210E0
4.099850258E0,4.905286431E-1,9.667003632E0,4.390829504E-1,9.689394790E0
4.102011003E0,4.426721931E-1,9.614959717E0,4.301098585E-1,9.634749790E0
4.104162777E0,4.420739710E-1,9.614959717E0,4.061816335E-1,9.633683785E0
4.106319842E0,4.325026870E-1,9.652647018E0,4.061816335E-1,9.670865347E0
4.108476052E0,4.277170599E-1,9.705288887E0,3.966103494E-1,9.722801758E0
4.110635231E0,4.331009090E-1,9.777072906E0,3.960121572E-1,9.794669808E0
4.112793596E0,4.468596280E-1,9.781859398E0,3.768695593E-1,9.799310561E0
4.114950335E0,4.420739710E-1,9.762716293E0,3.535395563E-1,9.779112896E0
4.117108518E0,4.325026870E-1,9.748359680E0,3.583251834E-1,9.764526203E0
4.119264596E0,4.372883439E-1,9.710074425E0,3.774677813E-1,9.727242587E0
4.121418465E0,4.516452849E-1,9.719645500E0,3.678964674E-1,9.737085802E0
4.123565264E0,4.516452849E-1,9.729216576E0,3.487538993E-1,9.745935969E0
4.125740680E0,4.660021961E-1,9.743574142E0,3.720839322E-1,9.761805241E0
4.127898568E0,4.803591371E-1,9.748359680E0,3.672982752E-1,9.767096261E0
4.130074573E0,4.947160780E-1,9.738788605E0,3.290131092E-1,9.756894850E0
4.132226204E0,4.995017350E-1,9.705288887E0,3.337987661E-1,9.723865280E0
4.134379026E0,4.707878530E-1,9.657432556E0,3.200400174E-1,9.674196111E0
4.136514880E0,4.468596280E-1,9.628718376E0,3.200400174E-1,9.644393538E0
4.138695179E0,4.420739710E-1,9.595816612E0,3.110669553E-1,9.611029524E0
4.140852904E0,4.229314029E-1,9.604789734E0,3.062812984E-1,9.618974220E0
4.143015653E0,4.325026870E-1,9.591031075E0,3.062812984E-1,9.605662074E0
4.145167753E0,4.372883439E-1,9.609575272E0,3.391826153E-1,9.625497537E0
4.147325946E0,4.181457460E-1,9.633503914E0,3.439682424E-1,9.648707565E0
4.149482888E0,4.372883439E-1,9.652647018E0,3.535395563E-1,9.669012658E0
4.151640877E0,4.372883439E-1,9.695717812E0,3.535395563E-1,9.712010873E0
4.153797178E0,4.468596280E-1,9.738788605E0,3.631108403E-1,9.755795021E0
4.155954801E0,4.516452849E-1,9.801001549E0,3.768695593E-1,9.818637659E0
4.158112151E0,4.522434771E-1,9.863214493E0,3.864408433E-1,9.881136616E0
4.160270293E0,4.618147612E-1,9.911071777E0,3.816552162E-1,9.929162973E0
4.162427559E0,4.618147612E-1,9.939785004E0,4.241278172E-1,9.959542319E0
4.164585905E0,4.474578202E-1,9.972686768E0,4.480560422E-1,9.992770091E0
4.166742481E0,4.426721931E-1,9.972686768E0,4.480560422E-1,9.992556943E0
4.168898427E0,4.331009090E-1,9.972686768E0,4.671986103E-1,9.993014175E0
4.171047892E0,4.187439680E-1,9.991828918E0,4.671986103E-1,1.001150669E1
4.173215209E0,4.091726840E-1,1.000618649E1,4.767699242E-1,1.002589147E1
4.175371804E0,4.091726840E-1,9.991828918E0,4.863412082E-1,1.001202253E1
4.177531808E0,4.097708762E-1,1.002054310E1,5.054838061E-1,1.004164877E1
4.179683797E0,4.145565331E-1,1.003011417E1,5.198407173E-1,1.005212822E1
4.181832437E0,3.906283081E-1,1.002532864E1,5.389832854E-1,1.004740303E1
4.184002216E0,4.001995921E-1,1.002054310E1,5.533402562E-1,1.004378560E1
4.186160470E0,4.193421602E-1,1.003011417E1,5.670989752E-1,1.005488137E1
4.188319834E0,4.289134443E-1,1.002532864E1,5.910272002E-1,1.005189008E1
4.190473826E0,4.145565331E-1,9.992427826E0,6.053841114E-1,1.001932936E1
4.192629261E0,4.151547253E-1,9.958928108E0,6.436693072E-1,9.988338835E0
4.194789357E0,3.864408433E-1,9.920642853E0,6.490531564E-1,9.949359836E0
4.196947235E0,3.816552162E-1,9.868000984E0,6.586244106E-1,9.897317326E0
4.199106954E0,3.864408433E-1,9.844072342E0,6.825526357E-1,9.875270877E0
4.201256459E0,3.912265003E-1,9.853643417E0,7.154539824E-1,9.887326290E0
4.203396717E0,4.055834413E-1,9.872786522E0,7.250252366E-1,9.907677489E0
4.205572855E0,4.151547253E-1,9.896714211E0,7.633104324E-1,9.934784770E0
4.207721161E0,4.151547253E-1,9.887143135E0,7.680960894E-1,9.925619599E0
4.209897136E0,4.109672904E-1,9.868000984E0,7.920243144E-1,9.908261202E0
4.212042317E0,4.109672904E-1,9.863214493E0,8.111668825E-1,9.905043461E0
4.214182911E0,4.109672904E-1,9.834501266E0,8.350951076E-1,9.878445886E0
4.216365031E0,4.013960063E-1,9.824930191E0,8.303094506E-1,9.868119669E0
4.218521638E0,3.822534084E-1,9.805787086E0,8.542376757E-1,9.850345175E0
4.220686646E0,3.870390654E-1,9.801001549E0,8.446664214E-1,9.844942456E0
4.222830953E0,3.726821244E-1,9.796216011E0,8.685946465E-1,9.841707004E0
4.224973388E0,4.061816335E-1,9.815358162E0,8.871390224E-1,9.863734334E0
4.227151194E0,4.109672904E-1,9.824930191E0,8.679963946E-1,9.871755929E0
4.229308767E0,4.253242314E-1,9.848857880E0,8.679963946E-1,9.896177038E0
4.231471640E0,4.396811724E-1,9.848857880E0,8.727820516E-1,9.897225347E0
4.233624187E0,4.588237405E-1,9.839286804E0,8.440681696E-1,9.886077843E0
4.235779511E0,4.492524564E-1,9.839286804E0,8.344969153E-1,9.884825628E0
4.237939799E0,4.540380836E-1,9.839286804E0,8.201399446E-1,9.883842619E0
4.240090242E0,4.444667995E-1,9.858428955E0,7.866404653E-1,9.899746230E0
4.242228638E0,4.396811724E-1,9.839286804E0,7.962117195E-1,9.881236636E0
4.244394949E0,4.438686073E-1,9.863214493E0,7.489534616E-1,9.901563046E0
4.246552175E0,4.295116663E-1,9.882357597E0,7.489534616E-1,9.920000163E0
4.248718873E0,4.486542344E-1,9.896714211E0,7.010970116E-1,9.931655441E0
4.250887869E0,4.247260094E-1,9.920642853E0,6.819544435E-1,9.953120549E0
4.253044332E0,4.390829504E-1,9.963713646E0,6.532405615E-1,9.994753958E0
4.255202638E0,4.289134443E-1,9.991828918E0,6.197410822E-1,1.002021411E1
4.257349580E0,4.384847581E-1,1.000618649E1,5.575276613E-1,1.003129473E1
4.259489554E0,4.432703853E-1,1.001575756E1,5.335994363E-1,1.003975182E1
4.261670787E0,4.480560422E-1,1.003011417E1,5.006981492E-1,1.005259385E1
4.263828126E0,4.426721931E-1,1.003968525E1,4.576273263E-1,1.005985394E1
4.265992066E0,4.331009090E-1,1.005404282E1,4.576273263E-1,1.007376673E1
4.268138521E0,4.283152521E-1,1.003968525E1,4.289134443E-1,1.005796702E1
4.270274476E0,4.283152521E-1,1.001575756E1,4.049852192E-1,1.003308858E1
4.272459433E0,4.235295951E-1,1.000618649E1,4.049852192E-1,1.002333070E1
4.274614920E0,4.283152521E-1,9.958329201E0,3.768695593E-1,9.974658144E0
4.276779492E0,4.187439680E-1,9.930213928E0,3.912265003E-1,9.946735814E0
4.278923117E0,4.283152521E-1,9.906285286E0,3.768695593E-1,9.922699874E0
4.281059786E0,4.181457460E-1,9.872786522E0,3.768695593E-1,9.888821479E0
4.283245678E0,4.277170599E-1,9.848857880E0,3.625126183E-1,9.864804043E0
4.285403820E0,4.420739710E-1,9.820143700E0,3.529413342E-1,9.836423093E0
4.287567568E0,4.229314029E-1,9.824930191E0,3.481557071E-1,9.840189867E0
4.289718834E0,4.325026870E-1,9.801001549E0,3.672982752E-1,9.817412997E0
4.291874900E0,4.277170599E-1,9.777072906E0,3.720839322E-1,9.793494931E0
4.294032900E0,4.372883439E-1,9.734002113E0,3.774677813E-1,9.751128148E0
4.296190095E0,4.372883439E-1,9.705288887E0,3.774677813E-1,9.722465500E0
4.298347597E0,4.325026870E-1,9.681360245E0,3.918247223E-1,9.698934033E0
4.300502067E0,4.468596280E-1,9.624530792E0,3.822534084E-1,9.642478632E0
4.302650667E0,4.516452849E-1,9.600603104E0,4.157529473E-1,9.620208622E0
4.304820701E0,4.474578202E-1,9.543174744E0,4.444667995E-1,9.563992546E0
4.306978793E0,4.426721931E-1,9.519247055E0,4.636093974E-1,9.540804832E0
4.309138410E0,4.378865361E-1,9.461818695E0,4.923232496E-1,9.484731932E0
4.311289361E0,4.378865361E-1,9.433105469E0,5.210371017E-1,9.457626714E0
4.313438448E0,4.331009090E-1,9.404391289E0,5.306084156E-1,9.429299932E0
4.315611219E0,4.235295951E-1,9.352347374E0,5.688936114E-1,9.379201387E0
4.317765587E0,4.139583111E-1,9.275776863E0,5.736792088E-1,9.302714966E0
4.319926354E0,4.187439680E-1,9.232706070E0,6.167500615E-1,9.262752751E0
4.322081504E0,3.948157430E-1,9.136993408E0,6.508477330E-1,9.168649343E0
4.324244865E0,3.661018610E-1,9.032307625E0,6.843472719E-1,9.065591144E0
4.326381401E0,3.475574851E-1,8.917451859E0,7.274180651E-1,8.953819347E0
4.328552147E0,3.236292601E-1,8.764909744E0,7.663014531E-1,8.804294216E0
4.330706343E0,2.853440940E-1,8.650053978E0,8.333004713E-1,8.694782617E0
4.332868045E0,2.901297510E-1,8.539983749E0,8.955138922E-1,8.591707796E0
4.335022942E0,2.715853751E-1,8.430512428E0,9.625129104E-1,8.489624816E0
4.337175408E0,2.667997181E-1,8.334799767E0,1.053440213E0,8.405343867E0
4.339340203E0,2.476571500E-1,8.191828728E0,1.121037364E0,8.271887133E0
4.341498051E0,2.578266263E-1,8.057829857E0,1.206580877E0,8.151744230E0
4.343656121E0,2.243271172E-1,7.929215908E0,1.240678549E0,8.028827488E0
4.345816898E0,2.338984162E-1,7.857431412E0,1.283749342E0,7.965045463E0
4.347988763E0,2.673979402E-1,7.857431412E0,1.311864972E0,7.970678751E0
4.350127221E0,2.727817893E-1,7.838288784E0,1.331007600E0,7.955172041E0
4.352284508E0,3.056831062E-1,7.823931694E0,1.311864972E0,7.939038923E0
4.354437951E0,2.961117923E-1,7.800003529E0,1.278963685E0,7.909708297E0
4.356592991E0,3.008974493E-1,7.766504288E0,1.231107235E0,7.869228244E0
4.358731928E0,3.002992272E-1,7.675576687E0,1.164706469E0,7.769246956E0
4.360913823E0,2.662015259E-1,7.499105930E0,1.103091240E0,7.584475149E0
4.363071557E0,2.273181528E-1,7.226922512E0,1.027717352E0,7.303169551E0
4.365235263E0,1.926222295E-1,6.815955162E0,8.620143533E-1,6.872948191E0
4.367387068E0,1.914258152E-1,6.328417778E0,7.058826685E-1,6.370540460E0
4.369546513E0,1.238285750E-1,5.994020939E0,5.832505226E-1,6.023603714E0
4.371702752E0,1.178465188E-1,5.693123341E0,4.408775866E-1,5.711384615E0
4.373859216E0,1.124626622E-1,5.339583874E0,2.991028428E-1,5.349136968E0
4.376017013E0,9.212367237E-2,4.680361271E0,1.956132501E-1,4.685353022E0
4.378173059E0,-1.076770201E-2,1.780858278E0,2.368894368E-1,1.796576955E0
4.380329208E0,4.845465720E-2,1.088734269E-1,-7.896314561E-2,1.429561305E-1
4.382489099E0,3.888336942E-2,4.247260094E-2,-3.110669367E-2,6.544818285E-2
4.384646285E0,1.495514158E-2,5.144568533E-2,-7.178467698E-3,5.405409510E-2
4.386804682E0,4.366901144E-2,4.247260094E-2,-7.178467698E-3,6.133868917E-2
4.388962163E0,4.845465720E-2,2.333002165E-2,1.196411345E-2,5.509340909E-2
4.391113001E0,2.452643216E-2,4.247260094E-2,7.178467698E-3,4.956811579E-2
4.393253696E0,2.452643216E-2,3.290131316E-2,-7.178467698E-3,4.166020499E-2
4.395433385E0,5.324030295E-2,1.375873014E-2,1.196411345E-2,5.627586094E-2
4.397591049E0,2.452643216E-2,3.290131316E-2,2.392822644E-3,4.110678632E-2
4.399752670E0,2.452643216E-2,3.768695518E-2,7.178467698E-3,4.553441406E-2
4.401904037E0,3.888336942E-2,8.973085321E-3,7.178467698E-3,4.054581453E-2
4.404065597E0,4.366901144E-2,1.375873014E-2,7.178467698E-3,4.634453165E-2
4.406227157E0,1.495514158E-2,4.187439755E-2,2.392822644E-3,4.452917055E-2
4.408388717E0,4.366901144E-2,2.333002165E-2,1.196411345E-2,5.093537554E-2
4.410550277E0,4.845465720E-2,1.375873014E-2,2.153540403E-2,5.478074558E-2
4.412668797E0,1.495514158E-2,3.708875179E-2,1.196411345E-2,4.174172708E-2
4.414826167E0,2.991028316E-2,3.768695518E-2,2.632104978E-2,5.484276882E-2
4.416983760E0,3.948157281E-2,1.854437590E-2,2.632104978E-2,5.094591377E-2
4.419142838E0,2.931207791E-2,1.854437590E-2,1.674975827E-2,3.851812808E-2
4.421300655E0,3.888336942E-2,3.290131316E-2,-2.392822644E-3,5.099155248E-2
4.423458969E0,4.366901144E-2,1.854437590E-2,2.392822644E-3,4.750370552E-2
4.425615850E0,4.366901144E-2,3.708875179E-2,-2.392822644E-3,5.734355823E-2
4.427775691E0,2.931207791E-2,3.290131316E-2,2.392822644E-3,4.412958100E-2
4.429929347E0,3.409772366E-2,1.375873014E-2,2.392822644E-3,3.684675039E-2
4.432087346E0,4.366901144E-2,2.811566554E-2,1.674975827E-2,5.457130758E-2
4.434245610E0,1.974078640E-2,3.290131316E-2,1.196411345E-2,4.019123121E-2
4.436407975E0,3.888336942E-2,2.811566554E-2,-2.392822644E-3,4.804302932E-2
4.438559922E0,4.845465720E-2,3.290131316E-2,1.196411345E-2,5.977867699E-2
4.440718359E0,3.409772366E-2,1.854437590E-2,1.196411345E-2,4.061635935E-2
4.442876805E0,2.452643216E-2,2.811566554E-2,-1.196411345E-2,3.918132889E-2
4.445044643E0,3.888336942E-2,2.811566554E-2,-2.392822644E-3,4.804302932E-2
4.447194769E0,2.931207791E-2,2.811566554E-2,7.178467698E-3,4.124583565E-2
4.449359727E0,1.016949583E-2,2.333002165E-2,2.153540403E-2,3.333889893E-2
4.451514278E0,2.452643216E-2,3.708875179E-2,7.178467698E-3,4.504055708E-2
4.453673946E0,4.366901144E-2,1.375873014E-2,7.178467698E-3,4.634453165E-2
4.455829881E0,3.409772366E-2,3.290131316E-2,2.392822644E-3,4.744340593E-2
4.457986741E0,3.888336942E-2,2.333002165E-2,1.196411345E-2,4.689718902E-2
4.460138993E0,3.409772366E-2,2.811566554E-2,2.392822644E-3,4.425913474E-2
4.462303107E0,3.409772366E-2,2.811566554E-2,-2.392822644E-3,4.425913474E-2
4.464459235E0,1.974078640E-2,4.187439755E-2,1.196411345E-2,4.781530956E-2
4.466620866E0,2.452643216E-2,2.811566554E-2,2.392822644E-3,3.738665702E-2
4.468784034E0,2.452643216E-2,2.333002165E-2,2.153540403E-2,4.011993783E-2
4.470932055E0,2.931207791E-2,3.768695518E-2,1.196411345E-2,4.922036685E-2
4.473089911E0,3.409772366E-2,1.854437590E-2,1.674975827E-2,4.227414149E-2
4.475246466E0,3.409772366E-2,3.708875179E-2,7.178467698E-3,5.088969117E-2
4.477404771E0,2.931207791E-2,3.230310604E-2,2.632104978E-2,5.094591478E-2
4.479562863E0,3.888336942E-2,1.854437590E-2,7.178467698E-3,4.367311179E-2
4.481716356E0,3.409772366E-2,3.230310604E-2,1.674975827E-2,4.986682084E-2
4.483866471E0,1.974078640E-2,2.273181453E-2,1.196411345E-2,3.239713028E-2
4.486033871E0,2.931207791E-2,2.333002165E-2,2.153540403E-2,4.321182070E-2
4.488191566E0,4.366901144E-2,4.666004330E-2,1.196411345E-2,6.501755311E-2
4.490351926E0,3.888336942E-2,2.751746029E-2,2.392822644E-3,4.769541527E-2
4.492507758E0,2.931207791E-2,3.230310604E-2,1.196411345E-2,4.523083663E-2
4.494664202E0,3.888336942E-2,3.230310604E-2,1.196411345E-2,5.194754169E-2
4.496822496E0,4.366901144E-2,1.854437590E-2,1.674975827E-2,5.031332666E-2
4.498978573E0,4.905286431E-2,4.187439755E-2,2.632104978E-2,6.965950279E-2
4.501133868E0,3.888336942E-2,2.811566554E-2,1.674975827E-2,5.082284396E-2
4.503283444E0,4.845465720E-2,4.187439755E-2,2.392822644E-3,6.408622765E-2
4.505451393E0,3.888336942E-2,2.333002165E-2,1.674975827E-2,4.834005306E-2
4.507609108E0,1.974078640E-2,3.230310604E-2,2.392822644E-3,3.793303188E-2
4.509770007E0,3.409772366E-2,2.333002165E-2,1.674975827E-2,4.458137584E-2
4.511919308E0,2.452643216E-2,3.708875179E-2,2.153540403E-2,4.940541479E-2
4.514063514E0,3.409772366E-2,4.187439755E-2,1.674975827E-2,5.653913982E-2
4.516238512E0,3.409772366E-2,4.187439755E-2,2.392822644E-3,5.405409817E-2
4.518393603E0,2.931207791E-2,3.708875179E-2,2.153540403E-2,5.194754130E-2
4.520548073E0,3.888336942E-2,4.666004330E-2,1.674975827E-2,6.300500345E-2
4.522709480E0,4.845465720E-2,4.187439755E-2,1.674975827E-2,6.619572023E-2
4.524861041E0,3.888336942E-2,2.811566554E-2,1.674975827E-2,5.082284396E-2
4.527029793E0,2.991028316E-2,3.708875179E-2,3.110669367E-2,5.690190629E-2
4.529183673E0,3.409772366E-2,2.811566554E-2,2.632104978E-2,5.143873122E-2
4.531343931E0,4.426721856E-2,3.708875179E-2,2.632104978E-2,6.346620999E-2
4.533498146E0,2.931207791E-2,3.230310604E-2,1.674975827E-2,4.672518564E-2
4.535655902E0,3.888336942E-2,1.854437590E-2,-2.392822644E-3,4.314551998E-2
4.537813189E0,2.931207791E-2,3.230310604E-2,-2.392822644E-3,4.368539998E-2
4.539970823E0,3.409772366E-2,4.187439755E-2,7.178467698E-3,5.447614457E-2
4.542128822E0,3.409772366E-2,3.708875179E-2,2.153540403E-2,5.479054567E-2
4.544287260E0,2.452643216E-2,3.708875179E-2,1.674975827E-2,4.751500590E-2
4.546441272E0,2.931207791E-2,2.751746029E-2,2.153540403E-2,4.560901401E-2
4.548601917E0,3.409772366E-2,3.708875179E-2,1.196411345E-2,5.178194936E-2
4.550757566E0,2.931207791E-2,4.187439755E-2,1.674975827E-2,5.378863712E-2
4.552916125E0,4.366901144E-2,4.187439755E-2,7.178467698E-3,6.092600536E-2
4.555072721E0,3.469592705E-2,2.751746029E-2,3.589234129E-2,5.700243975E-2
4.557230538E0,3.409772366E-2,3.708875179E-2,1.674975827E-2,5.309222797E-2
4.559385843E0,3.888336942E-2,3.230310604E-2,2.632104978E-2,5.699302359E-2
4.561536569E0,3.469592705E-2,3.708875179E-2,4.067798331E-2,6.506981781E-2
4.563703266E0,3.409772366E-2,3.708875179E-2,2.632104978E-2,5.684213165E-2
4.565861397E0,3.888336942E-2,4.187439755E-2,7.178467698E-3,5.759263829E-2
4.568020140E0,2.512463741E-2,4.187439755E-2,3.589234129E-2,6.060505538E-2
4.570175516E0,1.016949583E-2,5.144568533E-2,2.153540403E-2,5.669083533E-2
4.572332680E0,2.931207791E-2,2.751746029E-2,2.153540403E-2,4.560901401E-2
4.574490284E0,2.931207791E-2,2.751746029E-2,2.153540403E-2,4.560901401E-2
4.576647968E0,4.366901144E-2,3.230310604E-2,2.153540403E-2,5.843155694E-2
4.578803730E0,3.409772366E-2,3.708875179E-2,2.153540403E-2,5.479054567E-2
4.580953033E0,2.512463741E-2,5.144568533E-2,3.589234129E-2,6.757341272E-2
4.583118641E0,2.452643216E-2,4.187439755E-2,1.196411345E-2,4.998150713E-2
4.585266184E0,3.409772366E-2,3.230310604E-2,2.632104978E-2,5.384183392E-2
4.587434142E0,2.991028316E-2,3.708875179E-2,4.546362907E-2,6.585698229E-2
4.589592610E0,3.948157281E-2,5.144568533E-2,2.632104978E-2,6.998750454E-2
4.591753650E0,3.409772366E-2,3.708875179E-2,2.632104978E-2,5.684213165E-2
4.593908650E0,2.931207791E-2,3.708875179E-2,2.153540403E-2,5.194754130E-2
4.596066039E0,2.991028316E-2,4.666004330E-2,3.110669367E-2,6.355636137E-2
4.598220031E0,2.931207791E-2,3.230310604E-2,2.153540403E-2,4.864629686E-2
4.600368713E0,3.948157281E-2,4.666004330E-2,2.632104978E-2,6.654886846E-2
4.602527078E0,3.469592705E-2,3.230310604E-2,3.589234129E-2,5.946055984E-2
4.604694803E0,2.931207791E-2,4.187439755E-2,2.153540403E-2,5.546563538E-2
4.606854380E0,2.991028316E-2,6.101697683E-2,3.589234129E-2,7.685022228E-2
4.609012237E0,2.991028316E-2,3.708875179E-2,4.067798331E-2,6.264901336E-2
4.611166738E0,3.948157281E-2,2.751746029E-2,3.110669367E-2,5.730298075E-2
4.613322793E0,3.469592705E-2,4.666004330E-2,5.024927482E-2,7.685022196E-2
4.615482818E0,2.991028316E-2,2.751746029E-2,3.589234129E-2,5.422265046E-2
4.617640645E0,2.991028316E-2,4.666004330E-2,5.503492057E-2,7.810651165E-2
4.619800700E0,3.948157281E-2,4.666004330E-2,5.503492057E-2,8.224838427E-2
4.621970489E0,3.948157281E-2,3.708875179E-2,4.546362907E-2,7.071995241E-2
4.624124939E0,3.469592705E-2,5.144568533E-2,4.067798331E-2,7.419679386E-2
4.626273742E0,3.948157281E-2,4.666004330E-2,3.110669367E-2,6.858265541E-2
4.628441762E0,4.426721856E-2,5.623133108E-2,4.067798331E-2,8.231796621E-2
4.630598603E0,3.948157281E-2,4.187439755E-2,5.024927482E-2,7.640189383E-2
4.632758301E0,3.469592705E-2,5.144568533E-2,4.546362907E-2,7.692468694E-2
4.634910279E0,4.426721856E-2,5.144568533E-2,4.546362907E-2,8.168957550E-2
4.637058279E0,3.948157281E-2,5.144568533E-2,5.503492057E-2,8.505466250E-2
4.639227357E0,3.469592705E-2,4.187439755E-2,4.546362907E-2,7.088169081E-2
4.641384583E0,4.905286431E-2,4.666004330E-2,5.503492057E-2,8.724784021E-2
4.643545237E0,3.948157281E-2,4.666004330E-2,5.503492057E-2,8.224838427E-2
4.645702617E0,3.948157281E-2,5.623133108E-2,5.503492057E-2,8.803181055E-2
4.647866099E0,3.469592705E-2,4.187439755E-2,5.503492057E-2,7.736998776E-2
4.650015168E0,3.948157281E-2,5.623133108E-2,5.503492057E-2,8.803181055E-2
4.652173015E0,3.948157281E-2,4.187439755E-2,5.024927482E-2,7.640189383E-2
4.654327383E0,2.991028316E-2,3.230310604E-2,4.546362907E-2,6.328552178E-2
4.656491019E0,3.948157281E-2,4.187439755E-2,4.546362907E-2,7.334303872E-2
4.658660330E0,3.469592705E-2,5.623133108E-2,6.460621208E-2,9.241067356E-2
4.660802105E0,4.426721856E-2,4.187439755E-2,7.417750359E-2,9.599663456E-2
4.662959798E0,4.426721856E-2,4.666004330E-2,6.460621208E-2,9.116308967E-2
4.665114024E0,4.905286431E-2,4.187439755E-2,5.982056633E-2,8.796674839E-2
4.667276134E0,3.469592705E-2,5.623133108E-2,7.417750359E-2,9.933816984E-2
4.669439180E0,4.426721856E-2,4.666004330E-2,6.460621208E-2,9.116308967E-2
4.671589305E0,2.991028316E-2,4.666004330E-2,6.939185411E-2,8.880886271E-2
4.673746878E0,3.469592705E-2,4.187439755E-2,6.460621208E-2,8.444664092E-2
4.675902406E0,3.948157281E-2,5.144568533E-2,6.939185411E-2,9.497727384E-2
4.678061637E0,2.033899166E-2,7.058826834E-2,6.460621208E-2,9.782811890E-2
4.680219627E0,3.948157281E-2,4.247260094E-2,8.315058798E-2,1.013742408E-1
4.682379070E0,4.905286431E-2,5.623133108E-2,7.357929647E-2,1.047953194E-1
4.684534343E0,4.905286431E-2,7.058826834E-2,8.315058798E-2,1.195947633E-1
4.686692781E0,4.426721856E-2,5.623133108E-2,8.793623000E-2,1.133769367E-1
4.688850323E0,5.383851007E-2,5.144568533E-2,6.879365444E-2,1.013795374E-1
4.691010835E0,4.426721856E-2,5.144568533E-2,8.315058798E-2,1.073324995E-1
4.693152772E0,5.383851007E-2,6.580262631E-2,8.793623000E-2,1.223166029E-1
4.695321474E0,4.426721856E-2,5.623133108E-2,9.750752151E-2,1.209515026E-1
4.697477429E0,4.905286431E-2,5.204389244E-2,1.118644550E-1,1.327720096E-1
4.699640159E0,4.426721856E-2,6.101697683E-2,9.750752151E-2,1.232492387E-1
4.701792777E0,3.469592705E-2,6.580262631E-2,1.166501045E-1,1.383511470E-1
4.703946972E0,4.905286431E-2,4.725824669E-2,1.166501045E-1,1.350806139E-1
4.706108471E0,3.948157281E-2,5.204389244E-2,1.022931710E-1,1.213723781E-1
4.708266258E0,2.512463741E-2,5.623133108E-2,1.118644550E-1,1.276983410E-1
4.710421704E0,3.948157281E-2,6.580262631E-2,1.070788130E-1,1.317370579E-1
4.712570315E0,4.905286431E-2,5.623133108E-2,9.750752151E-2,1.227838053E-1
4.714746218E0,4.426721856E-2,4.247260094E-2,9.750752151E-2,1.152008039E-1
4.716897382E0,4.905286431E-2,6.101697683E-2,1.118644550E-1,1.365390467E-1
4.719057071E0,3.948157281E-2,5.623133108E-2,1.118644550E-1,1.312799051E-1
4.721210269E0,3.948157281E-2,6.580262631E-2,1.166501045E-1,1.396281745E-1
4.723363029E0,4.426721856E-2,7.058826834E-2,1.262213886E-1,1.512419558E-1
4.725505384E0,2.512463741E-2,6.101697683E-2,1.310070455E-1,1.466873029E-1
4.727683434E0,5.383851007E-2,4.725824669E-2,1.214357466E-1,1.409913742E-1
4.729841627E0,4.426721856E-2,5.204389244E-2,1.357926875E-1,1.520125237E-1
4.732003899E0,4.905286431E-2,6.580262631E-2,1.166501045E-1,1.426303474E-1
4.734153678E0,4.905286431E-2,6.161518395E-2,1.310070455E-1,1.528576474E-1
4.736300235E0,5.383851007E-2,7.537391037E-2,1.357926875E-1,1.643759883E-1
4.738471835E0,5.383851007E-2,7.537391037E-2,1.405783296E-1,1.683510566E-1
4.740628004E0,4.905286431E-2,6.161518395E-2,1.310070455E-1,1.528576474E-1
4.742789126E0,4.007977992E-2,7.058826834E-2,1.549352705E-1,1.749114932E-1
4.744947167E0,4.965107143E-2,5.682953820E-2,1.501496136E-1,1.680468142E-1
4.747117496E0,4.905286431E-2,7.537391037E-2,1.214357466E-1,1.511093988E-1
4.749259016E0,5.443671346E-2,7.597211748E-2,1.597209126E-1,1.850564463E-1
4.751417687E0,5.922235921E-2,8.075776696E-2,1.645065546E-1,1.925915659E-1
4.753569186E0,6.400800496E-2,5.204389244E-2,1.597209126E-1,1.797675203E-1
4.755733686E0,4.486542568E-2,8.075776696E-2,1.501496136E-1,1.762941571E-1
4.757892215E0,4.007977992E-2,6.161518395E-2,1.597209126E-1,1.758226082E-1
4.760030480E0,5.443671346E-2,6.161518395E-2,1.645065546E-1,1.839081107E-1
4.762202803E0,5.443671346E-2,7.118647546E-2,1.788634956E-1,2.000575420E-1
4.764358228E0,6.879365444E-2,7.118647546E-2,1.734796464E-1,1.997380007E-1
4.766521864E0,6.400800496E-2,7.118647546E-2,1.734796464E-1,1.981406741E-1
4.768670353E0,4.965107143E-2,8.075776696E-2,1.878365725E-1,2.104034786E-1
4.770808882E0,5.922235921E-2,8.075776696E-2,1.926222295E-1,2.171000415E-1
4.772991377E0,6.400800496E-2,8.075776696E-2,2.021935135E-1,2.269384466E-1
4.775147576E0,5.922235921E-2,8.554340899E-2,1.974078715E-1,2.231475529E-1
4.777311335E0,5.443671346E-2,8.075776696E-2,2.117647976E-1,2.330868984E-1
4.779461298E0,4.965107143E-2,8.075776696E-2,2.165504545E-1,2.363919313E-1
4.781615564E0,5.443671346E-2,8.075776696E-2,2.261217386E-1,2.462036014E-1
4.783778446E0,6.879365444E-2,8.554340899E-2,2.213360965E-1,2.470625616E-1
4.785936242E0,6.400800496E-2,7.597211748E-2,2.165504545E-1,2.382496310E-1
4.788094009E0,6.879365444E-2,8.075776696E-2,2.213360965E-1,2.454466366E-1
4.790253951E0,5.443671346E-2,9.511470050E-2,2.261217386E-1,2.512791330E-1
4.792419448E0,6.879365444E-2,8.075776696E-2,2.596212626E-1,2.804595939E-1
4.794564997E0,5.335994363E-1,5.724828243E-1,1.507478207E-1,7.969879849E-1
4.796722224E0,3.504288673E0,1.105244732E1,-1.727019787E0,1.172259477E1
4.798876887E0,1.856830359E0,1.751486397E1,-8.703892231E-1,1.763450754E1
4.801031489E0,9.050851464E-1,1.922692871E1,3.373879910E0,1.954167425E1
4.803171147E0,2.563909531E0,2.166880417E1,4.153940201E0,2.221184201E1
4.805352380E0,4.445266247E0,1.948236275E1,5.392824173E0,2.069795649E1
4.807510716E0,7.932207108E0,1.823450470E1,9.698708534E0,2.212424052E1
4.809673019E0,7.118049145E0,2.149053764E1,7.040282249E0,2.370812953E1
4.811823236E0,6.884150982E0,3.403730392E1,1.423310757E1,3.753013382E1
4.813976201E0,1.024427223E1,4.115475464E1,2.052682877E1,4.711697828E1
4.816139796E0,1.150528908E1,5.430750275E1,2.555474854E1,6.111236948E1
4.818297592E0,2.422014999E1,6.582714844E1,2.245424843E1,7.364796270E1
4.820458135E0,3.540480042E1,8.387082672E1,2.801337242E1,9.525001051E1
4.822609104E0,4.011447525E1,1.037366409E2,4.316771698E1,1.193059663E2
4.824757705E0,3.708934784E1,1.270445251E2,6.954260254E1,1.495062028E2
4.826926733E0,3.061915588E1,1.499964752E2,1.020347443E2,1.839770755E2
4.829084427E0,3.277748108E1,1.566263885E2,1.096283646E2,1.939705317E2
4.831244889E0,4.005345917E1,1.566287842E2,1.094429245E2,1.952296324E2
4.833396225E0,4.333521271E1,1.566251984E2,1.001282654E2,1.908797081E2
4.835541611E0,4.469134521E1,1.566162262E2,8.242556000E1,1.825374799E2
4.837696935E0,4.370071793E1,1.566036682E2,5.865466309E1,1.728433717E2
4.839842403E0,4.405844498E1,1.566036682E2,5.924868011E1,1.731365402E2
4.841993993E0,4.286981201E1,1.402523041E2,4.776372910E1,1.542397595E2
4.844145584E0,4.040579987E1,1.132899857E2,2.543929482E1,1.229406655E2
4.846328323E0,3.636432266E1,8.383313751E1,2.257030010E0,9.140816754E1
4.848501471E0,3.023151970E1,5.701677704E1,-1.374975681E1,6.598419098E1
4.850659553E0,2.218565369E1,3.974119568E1,-1.406142235E1,4.763705975E1
4.852816931E0,1.542652798E1,3.077169991E1,-7.011568546E0,3.512886810E1
4.854962367E0,1.084546852E1,2.517548561E1,-9.840483069E-1,2.742986719E1
4.857130000E0,6.866204739E0,2.102992058E1,3.410968781E0,2.238385657E1
4.859283403E0,4.324428558E0,1.684128380E1,5.685346603E0,1.829351493E1
4.861449520E0,2.449054003E0,1.336870003E1,6.920641422E0,1.525173051E1
4.863603807E0,8.159525394E-1,1.060738277E1,7.499105930E0,1.301610301E1
4.865762671E0,1.268195957E-1,8.586644173E0,7.007380962E0,1.108376873E1
4.867917069E0,-1.722832322E-1,6.751348972E0,5.936593056E0,8.991859183E0
4.870069871E0,-7.716853172E-2,5.212764263E0,5.043471813E0,7.253652471E0
4.872234950E0,8.374879509E-2,4.252045631E0,3.671786308E0,5.618622661E0
4.874391384E0,6.825526357E-1,3.210569859E0,2.908475876E0,4.385529482E0
4.876551377E0,1.025922656E0,2.188834429E0,2.741576433E0,3.655099833E0
4.878705827E0,9.960124493E-1,1.629512191E0,2.562114954E0,3.195588180E0
4.880863614E0,9.038887620E-1,1.773081541E0,2.276172638E0,3.023540131E0
4.883022325E0,9.194421172E-1,1.825125456E0,1.499103427E0,2.534515303E0
4.885183702E0,8.584251404E-1,1.934597135E0,7.555337548E-1,2.247307511E0
4.887336636E0,8.141579032E-1,1.929213285E0,4.654040039E-1,2.145068269E0
4.889492418E0,9.804590940E-1,1.795813441E0,1.884347796E-1,2.054690638E0
4.891637284E0,8.506484628E-1,1.886142492E0,5.982056633E-2,2.069955267E0
4.893809882E0,8.321040869E-1,1.838286042E0,2.368894368E-1,2.031701107E0
4.895965400E0,9.367900491E-1,1.780858278E0,1.124626622E-1,2.015360924E0
4.898126971E0,9.559326172E-1,1.780858278E0,8.853443712E-2,2.023141548E0
4.900277168E0,9.092726111E-1,1.743171334E0,3.224328458E-1,1.992331780E0
4.902422075E0,1.023529887E0,1.542174220E0,2.458625287E-1,1.867180532E0
4.904582780E0,9.906286001E-1,1.728814363E0,3.361915946E-1,2.020685259E0
4.906754341E0,6.795616150E-1,1.862214208E0,3.565305769E-1,2.014139964E0
4.908914192E0,9.373882413E-1,1.728814363E0,2.315055877E-1,1.980174400E0
4.911072497E0,9.948160052E-1,1.661815286E0,2.362912297E-1,1.951184890E0
4.913225053E0,1.000199914E0,1.604387641E0,4.031906128E-1,1.933137926E0
4.915381517E0,1.028913736E0,1.570888042E0,4.217349887E-1,1.924633243E0
4.917540290E0,1.081555843E0,1.509272933E0,3.696911037E-1,1.893235152E0
4.919698016E0,1.052243710E0,1.528415442E0,2.883351147E-1,1.877873192E0
4.921856107E0,9.523434043E-1,1.633101463E0,3.128615618E-1,1.916209985E0
4.924009417E0,9.708877802E-1,1.609173179E0,2.554338276E-1,1.896657017E0
4.926152096E0,1.019342422E0,1.585245013E0,3.553341627E-1,1.917895486E0
4.928328845E0,1.037288666E0,1.570888042E0,1.453639716E-1,1.888064539E0
4.930485085E0,1.018146038E0,1.580459356E0,1.076770201E-1,1.883100495E0
4.932647417E0,1.018146038E0,1.599601984E0,7.896314561E-2,1.897783718E0
4.934794564E0,9.367900491E-1,1.700100541E0,3.589234129E-2,1.941444232E0
4.936936033E0,9.272187948E-1,1.671386600E0,1.507478207E-1,1.917287867E0
4.939115446E0,9.038887620E-1,1.709671736E0,2.081755698E-1,1.945078252E0
4.941273802E0,9.367900491E-1,1.704886079E0,4.546362907E-2,1.945836344E0
4.943435890E0,9.403793216E-1,1.671386600E0,-1.304088384E-1,1.922200015E0
4.945585427E0,9.613165259E-1,1.609173179E0,2.315055877E-1,1.888693363E0
4.947728432E0,1.028315544E0,1.542174220E0,2.075773627E-1,1.865160193E0
4.949889922E0,1.067797065E0,1.542772412E0,4.313062727E-1,1.925191520E0
4.952059853E0,1.014556766E0,1.628315806E0,3.409772217E-1,1.948590070E0
4.954220864E0,1.037288666E0,1.599601984E0,9.272187948E-2,1.908740849E0
4.956371946E0,1.042074203E0,1.594816327E0,8.793623000E-2,1.907115766E0
4.958501270E0,1.080359459E0,1.580459356E0,4.965107143E-2,1.915070120E0
4.960665434E0,1.089930773E0,1.570888042E0,1.615155302E-2,1.912040586E0
4.962848915E0,1.071386337E0,1.580459356E0,1.974078715E-1,1.919554721E0
4.965007780E0,1.014556766E0,1.690529227E0,2.739782035E-1,1.990547300E0
4.967156350E0,1.057627559E0,1.652244091E0,3.164508045E-1,1.987115422E0
4.969319731E0,1.100100160E0,1.590030670E0,2.021935135E-1,1.944042209E0
4.971464182E0,1.143171072E0,1.570888042E0,1.686939895E-1,1.950124869E0
4.973638772E0,1.144965649E0,1.542772412E0,5.736792088E-1,2.005043862E0
4.975792327E0,1.153938770E0,1.490130305E0,5.264210105E-1,1.956829602E0
4.977953052E0,1.149153113E0,1.470987678E0,5.120640397E-1,1.935605127E0
4.980100117E0,1.105484009E0,1.251446247E0,3.409772217E-1,1.704252936E0
4.982233265E0,1.072582722E0,1.117448211E0,5.180460811E-1,1.633247054E0
4.984422799E0,8.656035662E-1,1.179661512E0,3.092723191E-1,1.495499978E0
4.986579538E0,7.363911867E-1,1.060020447E0,3.678964674E-1,1.342111448E0
4.988744801E0,7.034898400E-1,1.098305583E0,5.108676553E-1,1.400770813E0
4.990891296E0,3.481557071E-1,6.442674994E-1,3.852444589E-1,8.274698184E-1
4.993039855E0,1.214357466E-1,4.247260094E-2,1.926222295E-1,2.316330841E-1
4.995209736E0,-3.230310604E-2,-4.067798555E-1,1.896311939E-1,4.499703670E-1
4.997367827E0,-2.542374134E-1,-5.742774606E-1,-1.752742529E-1,6.520370602E-1
4.999527211E0,-1.974078715E-1,-4.217349887E-1,-2.859423161E-1,5.464368916E-1
5.001674946E0,-1.016949639E-1,-9.631111473E-2,6.993024349E-1,7.131911329E-1
5.003812092E0,2.871387079E-2,3.870390654E-1,1.874776483E0,1.914526204E0
5.005996683E0,3.541377485E-1,9.990034699E-1,2.653640270E0,2.857486336E0
5.008154398E0,6.849454641E-1,1.595414519E0,1.663011789E0,2.404185099E0
5.010319417E0,6.933203340E-1,1.748555183E0,1.290927768E0,2.281366436E0
5.012468871E0,5.138586760E-1,2.039881229E0,1.868196249E0,2.813418453E0
5.014620239E0,3.852444589E-1,2.245065928E0,1.887338877E0,2.958172129E0
5.016754913E0,3.684946895E-1,2.693720102E0,1.371685624E0,3.045231974E0
5.018912699E0,3.014956415E-1,3.104687452E0,1.204187989E0,3.343658552E0
5.021070658E0,3.158525825E-1,3.252444267E0,1.316052526E-1,3.270393938E0
5.023235290E0,5.557330847E-1,2.907877684E0,-7.417750359E-1,3.052019346E0
5.025398794E0,5.449653864E-1,2.955136061E0,-1.995614052E0,3.607255446E0
5.027563019E0,7.369893789E-1,2.893520832E0,-8.668000102E-1,3.109173268E0
5.029718536E0,6.604190469E-1,3.376272678E0,2.392822690E-2,3.440340547E0
5.031875518E0,6.466603279E-1,3.753740549E0,1.567298770E-1,3.812256805E0
5.034025207E0,5.766702294E-1,4.091726780E0,-2.679961443E0,4.925136539E0
5.036168406E0,5.144568682E-1,5.012963295E0,-3.878167391E0,6.358824512E0
5.038345459E0,9.457631707E-1,5.647659779E0,-5.002793789E0,7.603846043E0
5.040503062E0,9.032905698E-1,6.306882381E0,-5.027918816E0,8.116197807E0
5.042665700E0,9.332008362E-1,6.741179466E0,-4.876572609E0,8.372295074E0
5.044818929E0,1.268794179E0,6.965506554E0,-5.794219971E0,9.148830815E0
5.046975882E0,1.864008784E0,7.280761242E0,-6.718447685E0,1.008075157E1
5.049134390E0,2.453241348E0,7.399804115E0,-7.723433495E0,1.097391995E1
5.051290234E0,2.585444927E0,7.323233604E0,-8.209774017E0,1.130109133E1
5.053447866E0,2.406581402E0,7.020541668E0,-1.165962696E1,1.382123512E1
5.055602652E0,2.568096876E0,6.584449768E0,-1.391904926E1,1.561057439E1
5.057753754E0,3.043072224E0,6.527021885E0,-1.479841137E1,1.645768156E1
5.059920747E0,3.122035265E0,6.665805817E0,-1.434676647E1,1.612481875E1
5.062078867E0,3.887140274E0,7.524828911E0,-1.583570004E1,1.795834918E1
5.064237733E0,4.693521500E0,7.945367813E0,-1.660379601E1,1.899589576E1
5.066393962E0,5.093122959E0,8.694919586E0,-1.734198189E1,2.005706519E1
5.068549877E0,5.452046394E0,9.028717995E0,-1.859402657E1,2.137709949E1
5.070705313E0,5.712265968E0,9.725028992E0,-2.047059822E1,2.337202522E1
5.072854615E0,5.991627693E0,1.047936630E1,-2.130330086E1,2.448565596E1
5.075022533E0,6.159723759E0,1.124806118E1,-2.239323044E1,2.580538406E1
5.077180238E0,6.093921185E0,1.226022530E1,-2.344846535E1,2.715289168E1
5.079341076E0,5.893522263E0,1.336810207E1,-2.342633247E1,2.760856409E1
5.081495353E0,5.612963676E0,1.435214996E1,-2.311227417E1,2.777889103E1
5.083653565E0,5.035097122E0,1.529851151E1,-2.198166466E1,2.725050896E1
5.085809561E0,4.654638290E0,1.598285866E1,-1.940698814E1,2.556850831E1
5.087967266E0,4.089334011E0,1.628495216E1,-1.633460426E1,2.342523460E1
5.090127178E0,3.573082447E0,1.618624878E1,-1.289910889E1,2.100353727E1
5.092294771E0,3.040081263E0,1.575793362E1,-9.901499748E0,1.885720720E1
5.094447054E0,2.389233351E0,1.545763397E1,-7.627720356E0,1.740198270E1
5.096599418E0,1.886740685E0,1.506222057E1,-5.340780258E0,1.609205434E1
5.098752504E0,1.345962763E0,1.469073486E1,-3.043670416E0,1.506297567E1
5.100913281E0,7.082754970E-1,1.438505173E1,-2.090728760E0,1.455343651E1
5.103076265E0,8.374879137E-3,1.404168129E1,-1.051047325E0,1.408096531E1
5.105227154E0,-7.298108935E-1,1.395613766E1,-8.853443712E-2,1.397548713E1
5.107384228E0,-1.405783296E0,1.393220997E1,8.069794178E-1,1.402618683E1
5.109540163E0,-2.068595171E0,1.392742443E1,1.578066587E0,1.416836375E1
5.111699617E0,-2.541177750E0,1.399920845E1,1.847857237E0,1.434747357E1
5.113858003E0,-2.887538671E0,1.410868073E1,1.597209096E0,1.448943851E1
5.116014782E0,-3.057429075E0,1.416072464E1,1.073180914E0,1.452672407E1
5.118172966E0,-2.918645382E0,1.396929836E1,-8.973085321E-3,1.427094489E1
5.120326510E0,-2.512463808E0,1.349133205E1,-1.187438250E0,1.377456078E1
5.122478426E0,-1.928615093E0,1.271246815E1,-2.237887383E0,1.305122762E1
5.124654889E0,-1.210768223E0,1.187617683E1,-3.274577856E0,1.237870736E1
5.126818667E0,-5.312066078E-1,1.101117134E1,-4.286741734E0,1.182811183E1
5.128978488E0,1.262213886E-1,1.013719273E1,-4.960919380E0,1.128668815E1
5.131132205E0,7.555337548E-1,9.324830055E0,-5.467599869E0,1.083595566E1
5.133287214E0,1.194018483E0,8.613563538E0,-5.821139336E0,1.046445508E1
5.135442559E0,1.686341763E0,7.882555962E0,-5.799005508E0,9.930100801E0
5.137589379E0,2.027917147E0,7.180860519E0,-5.413163185E0,9.218434868E0
5.139760063E0,2.343171597E0,6.832107067E0,-5.556732178E0,9.112925579E0
5.141916669E0,2.405983210E0,6.373881340E0,-5.289334297E0,8.625089904E0
5.144071068E0,2.493919373E0,6.125626087E0,-4.869394302E0,8.213034133E0
5.146205539E0,2.405983210E0,5.949155331E0,-4.239483356E0,7.691191292E0
5.148387261E0,2.224726915E0,5.825326920E0,-4.052245140E0,7.436701839E0
5.150534518E0,1.963909149E0,5.763113499E0,-3.440280676E0,6.993278736E0
5.152712181E0,1.606780410E0,5.758925915E0,-2.933002472E0,6.659540110E0
5.154861616E0,1.345364571E0,6.122036934E0,-2.503490686E0,6.749578332E0
5.157018690E0,9.601200819E-1,6.384648800E0,-2.053640127E0,6.775175912E0
5.159161004E0,6.741777658E-1,6.637690067E0,-1.704886079E0,6.886224047E0
5.161334172E0,4.654040039E-1,6.967301369E0,-1.375274777E0,7.116970561E0
5.163492241E0,3.326023519E-1,7.254439831E0,-1.160519004E0,7.354204644E0
5.165655215E0,2.386840582E-1,7.469195843E0,-7.890332937E-1,7.514547901E0
5.167802423E0,2.536391914E-1,7.837092400E0,-7.184450030E-1,7.874040471E0
5.169947107E0,2.763710022E-1,8.104490280E0,-9.954141974E-1,8.170066894E0
5.172121178E0,4.097708762E-1,8.414958954E0,-1.283151150E0,8.522084442E0
5.174279209E0,5.808576941E-1,8.706285477E0,-1.590030670E0,8.869329174E0
5.176440870E0,8.141579032E-1,8.959325790E0,-1.987239242E0,9.213115190E0
5.178588159E0,1.047458172E0,9.231510162E0,-2.270788670E0,9.564226559E0
5.180728072E0,1.275972724E0,9.484550476E0,-2.687139750E0,9.940096788E0
5.182910150E0,1.514058471E0,9.737591743E0,-3.013760090E0,1.030513541E1
5.185066827E0,1.694716692E0,1.002413273E1,-3.358326674E0,1.070671096E1
5.187231174E0,1.908874273E0,1.025803089E1,-3.713062525E0,1.107509964E1
5.189377883E0,2.042274237E0,1.048714352E1,-3.938585997E0,1.138698919E1
5.191526036E0,2.218744755E0,1.064925671E1,-4.173680782E0,1.165114192E1
5.193696608E0,2.274976015E0,1.080239773E1,-4.412364960E0,1.188849347E1
5.195853855E0,2.251047850E0,1.084068298E1,-4.417150497E0,1.192052190E1
5.198014744E0,2.246262312E0,1.079282665E1,-4.441078663E0,1.188503181E1
5.200171920E0,2.150549412E0,1.072582722E1,-4.406980991E0,1.179363022E1
5.202332492E0,1.901097536E0,1.051047325E1,-4.399802685E0,1.155173076E1
5.204471725E0,1.618744493E0,1.025743294E1,-4.287938118E0,1.123484212E1
5.206641118E0,1.288534999E0,9.836894035E0,-4.223331928E0,1.078245516E1
5.208796249E0,9.337990284E-1,9.321240425E0,-4.143770695E0,1.024345348E1
5.210959132E0,6.203392744E-1,8.766703606E0,-4.441078663E0,9.846983935E0
5.213106419E0,2.967100143E-1,8.069195747E0,-4.875974178E0,9.432660337E0
5.215242833E0,2.991028316E-2,7.466803074E0,-5.578267574E0,9.320467365E0
5.217434178E0,-8.973085135E-2,6.859624386E0,-6.410371780E0,9.389108834E0
5.219601923E0,-1.663011760E-1,6.290730953E0,-7.418946743E0,9.728397750E0
5.221738906E0,-2.117647976E-1,5.749952793E0,-8.752346992E0,1.047427226E1
5.223893874E0,-2.554338276E-1,5.381458282E0,-9.894919395E0,1.126653316E1
5.226026606E0,-2.895315289E-1,4.960919380E0,-1.099980545E1,1.207022243E1
5.228219090E0,-1.010967568E-1,4.750350952E0,-1.165843010E1,1.258948161E1
5.230373164E0,4.905286431E-2,4.558925152E0,-1.232602787E1,1.314219037E1
5.232538111E0,2.051845491E-1,4.491926193E0,-1.274178028E1,1.351193792E1
5.234687505E0,4.588237405E-1,4.530211449E0,-1.279083347E1,1.357714093E1
5.236832789E0,6.520441771E-1,4.702494621E0,-1.251087284E1,1.338135107E1
5.239004227E0,8.362914920E-1,4.999204636E0,-1.198863983E1,1.301610216E1
5.241159898E0,1.037288666E0,5.386243820E0,-1.112782192E1,1.240628917E1
5.243321294E0,1.200598717E0,5.769095421E0,-1.000977516E1,1.161548527E1
5.245468542E0,1.328016520E0,6.305087566E0,-8.490931511E0,1.065897157E1
5.247606441E0,1.487139225E0,6.764509678E0,-7.239484787E0,1.001899767E1
5.249791285E0,1.598405480E0,7.156334400E0,-6.144768715E0,9.566932878E0
5.251949030E0,1.670190215E0,7.534400463E0,-5.102096081E0,9.251384227E0
5.254112259E0,1.764706731E0,7.831110477E0,-4.430909157E0,9.169156838E0
5.256260555E0,1.787438512E0,8.142177582E0,-3.754936934E0,9.142731735E0
5.258407364E0,1.764706731E0,8.395217896E0,-3.493520975E0,9.262751328E0
5.260578406E0,1.765903115E0,8.643473625E0,-3.317648649E0,9.425223747E0
5.262734991E0,1.723430514E0,8.887541771E0,-3.246462107E0,9.617594693E0
5.264895941E0,1.655833244E0,9.131011009E0,-3.337389469E0,9.861810901E0
5.267050227E0,1.597807288E0,9.307481766E0,-3.480360508E0,1.006454739E1
5.269205226E0,1.496112347E0,9.474381447E0,-3.718446493E0,1.028732717E1
5.271350165E0,1.403988719E0,9.579067230E0,-4.061218262E0,1.049872407E1
5.273510870E0,1.331007600E0,9.641280174E0,-4.304089546E0,1.064194773E1
5.275679897E0,1.238883972E0,9.650852203E0,-4.594219685E0,1.076014109E1
5.277843085E0,1.185045362E0,9.626325607E0,-4.822733879E0,1.083186223E1
5.280004768E0,1.121635556E0,9.564111710E0,-4.998606682E0,1.084971741E1
5.282139339E0,1.116251707E0,9.497711182E0,-5.155934811E0,1.086444657E1
5.284309973E0,1.120439172E0,9.392427444E0,-5.188836098E0,1.078874864E1
5.286465949E0,1.149153113E0,9.224929810E0,-5.236093998E0,1.066942188E1
5.288628496E0,1.153938770E0,9.058030128E0,-5.193023205E0,1.050461682E1
5.290777717E0,1.221535921E0,8.881559372E0,-5.078765869E0,1.030379103E1
5.292916917E0,1.274178028E0,8.718847275E0,-4.968696117E0,1.011581774E1
5.295097093E0,1.304088354E0,8.595019341E0,-4.759324074E0,9.910911640E0
5.297254543E0,1.309472203E0,8.470592499E0,-4.587040901E0,9.721450456E0
5.299417853E0,1.334596872E0,8.385048866E0,-4.372883320E0,9.550513171E0
5.301564562E0,1.320838094E0,8.332406998E0,-4.119842529E0,9.388648577E0
5.303706631E0,1.311864972E0,8.322834969E0,-3.996013880E0,9.325164800E0
5.305884864E0,1.327418327E0,8.313861847E0,-3.814757586E0,9.243090049E0
5.308043210E0,1.279561877E0,8.313861847E0,-3.757329702E0,9.212768525E0
5.310204678E0,1.279561877E0,8.323433876E0,-3.762115479E0,9.223358551E0
5.312353715E0,1.303490162E0,8.309076309E0,-3.757329702E0,9.211805589E0
5.314501207E0,1.340578914E0,8.203792572E0,-3.962514400E0,9.208739586E0
5.316672066E0,1.417149186E0,8.303692818E0,-4.029513359E0,9.337912194E0
5.318830238E0,1.492523074E0,8.318049431E0,-4.277768612E0,9.471899269E0
5.320991260E0,1.597807288E0,8.265407562E0,-4.388436794E0,9.493594040E0
5.323141415E0,1.716850281E0,8.232506752E0,-4.460221291E0,9.519207754E0
5.325290148E0,1.807777524E0,8.199007034E0,-4.494318962E0,9.523165380E0
5.327459236E0,1.898704767E0,8.194221497E0,-4.523033142E0,9.550297091E0
5.329616880E0,1.941775560E0,8.179863930E0,-4.599603176E0,9.583163132E0
5.331777229E0,1.965105653E0,8.227720261E0,-4.657031059E0,9.656342952E0
5.333928413E0,1.959721804E0,8.270193100E0,-4.790431023E0,9.756271462E0
5.336076321E0,1.911267042E0,8.313263893E0,-4.966901779E0,9.870836416E0
5.338247821E0,1.804786444E0,8.355736732E0,-5.237888813E0,1.002552092E1
5.340404234E0,1.664208174E0,8.408378601E0,-5.542375565E0,1.020726929E1
5.342565854E0,1.504487276E0,8.426922798E0,-5.874977589E0,1.038228643E1
5.344715645E0,1.359721422E0,8.417351723E0,-6.165107727E0,1.052184421E1
5.346859719E0,1.223928809E0,8.402995110E0,-6.564708710E0,1.073330000E1
5.349013110E0,1.059422255E0,8.364709854E0,-6.859025955E0,1.086908384E1
5.351179157E0,9.290133715E-1,8.288139343E0,-7.063014030E0,1.092897465E1
5.353352170E0,7.992027402E-1,8.192426682E0,-7.157530785E0,1.090801663E1
5.355511727E0,6.987041831E-1,8.039285660E0,-7.170691490E0,1.079523589E1
5.357663949E0,5.976074338E-1,7.905287743E0,-7.141379356E0,1.067005192E1
5.359809640E0,5.503492355E-1,7.747959614E0,-7.064210415E0,1.049937290E1
5.361978462E0,5.222335458E-1,7.595417500E0,-6.859025955E0,1.024740611E1
5.364136259E0,5.228317380E-1,7.437490940E0,-6.649055958E0,9.989973455E0
5.366296579E0,5.383850932E-1,7.289734364E0,-6.424728870E0,9.731763800E0
5.368447416E0,5.970092416E-1,7.165905476E0,-6.167500496E0,9.473367072E0
5.370594440E0,6.508477330E-1,7.051050186E0,-5.895316601E0,9.213884595E0
5.372768115E0,6.897311211E-1,6.989434719E0,-5.685945034E0,9.036475953E0
5.374923775E0,7.339983582E-1,6.946363926E0,-5.495117188E0,8.887465234E0
5.377085773E0,7.872386575E-1,6.965506554E0,-5.352744102E0,8.819858031E0
5.379231057E0,8.452646136E-1,7.013363361E0,-5.267200947E0,8.811648184E0
5.381368183E0,8.883354068E-1,7.109076023E0,-5.243870735E0,8.878416637E0
5.383553068E0,9.026923180E-1,7.242475986E0,-5.239683151E0,8.984575191E0
5.385710946E0,9.415757060E-1,7.395616531E0,-5.254638672E0,9.121016186E0
5.387875671E0,9.559326172E-1,7.576872826E0,-5.279164791E0,9.283985668E0
5.390022196E0,9.607182741E-1,7.773084164E0,-5.274379253E0,9.442610525E0
5.392164855E0,9.894321561E-1,7.987840176E0,-5.318048477E0,9.647082785E0
5.394341683E0,1.009172916E0,8.174480438E0,-5.280361176E0,9.783801641E0
5.396497842E0,1.037886858E0,8.346165657E0,-5.285745144E0,9.933518613E0
5.398660267E0,1.028315544E0,8.532207489E0,-5.252843857E0,1.007215797E1
5.400812753E0,1.071984529E0,8.685347557E0,-5.253442287E0,1.020701077E1
5.402970549E0,1.124626637E0,8.785846710E0,-5.306682587E0,1.032553958E1
5.405128834E0,1.167697430E0,8.847461700E0,-5.316852093E0,1.038797439E1
5.407286560E0,1.229910851E0,8.871390343E0,-5.292923450E0,1.040333052E1
5.409443207E0,1.292124271E0,8.895318031E0,-5.269593716E0,1.041944749E1
5.411595061E0,1.320838094E0,8.871988297E0,-5.264808178E0,1.040072088E1
5.413729389E0,1.407577872E0,8.795417786E0,-5.207978249E0,1.031812420E1
5.415903421E0,1.470389485E0,8.694919586E0,-5.084149837E0,1.017901034E1
5.418066914E0,1.498505235E0,8.627920151E0,-5.179862976E0,1.017435524E1
5.420208292E0,1.565504193E0,8.528019905E0,-5.141577721E0,1.008036449E1
5.422363494E0,1.604387641E0,8.461020470E0,-5.070391178E0,9.993587634E0
5.424520761E0,1.614557028E0,8.361120224E0,-4.922634602E0,9.836028529E0
5.426675729E0,1.624726534E0,8.260622025E0,-4.764708042E0,9.673678477E0
5.428830697E0,1.624726534E0,8.198408127E0,-4.669593334E0,9.573856800E0
5.430989024E0,1.615753531E0,8.160721779E0,-4.631308079E0,9.521399789E0
5.433154836E0,1.630110383E0,8.117650986E0,-4.588237286E0,9.466014936E0
5.435322408E0,1.620539188E0,8.074580193E0,-4.625924587E0,9.445854691E0
5.437477234E0,1.587039590E0,8.050651550E0,-4.611567497E0,9.412663801E0
5.439627594E0,1.528415442E0,8.069794655E0,-4.758726120E0,9.492266000E0
5.441794047E0,1.470389485E0,8.088338852E0,-4.906482697E0,9.573758043E0
5.443949778E0,1.393221021E0,8.131409645E0,-5.067998409E0,9.682225752E0
5.446105631E0,1.329811215E0,8.150551796E0,-5.244469166E0,9.782859974E0
5.448244802E0,1.295713425E0,8.173882484E0,-5.382056236E0,9.872069564E0
5.450421743E0,1.247856975E0,8.169096947E0,-5.444269657E0,9.896027691E0
5.452579020E0,1.208973646E0,8.159524918E0,-5.529813290E0,9.930674659E0
5.454741415E0,1.179661512E0,8.169096947E0,-5.648856163E0,1.000176595E1
5.456891826E0,1.140778184E0,8.149953842E0,-5.729613781E0,1.002754190E1
5.459042308E0,1.092921734E0,8.130811691E0,-5.786443233E0,1.003929788E1
5.461209280E0,1.073779106E0,8.106883049E0,-5.824130535E0,1.003967384E1
5.463367615E0,1.063609719E0,8.068597794E0,-5.828916073E0,1.001048443E1
5.465526317E0,1.030110121E0,8.054241180E0,-5.847460270E0,1.000623403E1
5.467683310E0,1.010967612E0,8.011170387E0,-5.857031822E0,9.975255799E0
5.469845897E0,9.439685345E-1,7.977670670E0,-5.842076302E0,9.932983510E0
5.471994752E0,9.391828775E-1,7.949554920E0,-5.818148136E0,9.895874678E0
5.474146363E0,9.152546525E-1,7.925626755E0,-5.794219971E0,9.860336485E0
5.476310640E0,8.865407705E-1,7.901698589E0,-5.746363640E0,9.810376660E0
5.478469097E0,8.727820516E-1,7.882555962E0,-5.622535229E0,9.721591402E0
5.480629305E0,8.775677085E-1,7.839485168E0,-5.626722336E0,9.689564337E0
5.482783539E0,8.973084688E-1,7.820342541E0,-5.488536835E0,9.596194898E0
5.484941235E0,9.361918569E-1,7.786843300E0,-5.388636589E0,9.515712693E0
5.487095999E0,9.367900491E-1,7.758727551E0,-5.327021599E0,9.457937826E0
5.489246095E0,9.846464992E-1,7.749155998E0,-5.269593716E0,9.422715391E0
5.491414054E0,9.750752449E-1,7.777870178E0,-5.255835056E0,9.437681833E0
5.493572420E0,1.003789067E0,7.797012806E0,-5.241477966E0,9.448496836E0
5.495731447E0,1.032503009E0,7.830512047E0,-5.255835056E0,9.487190497E0
5.497887046E0,1.066002488E0,7.872984886E0,-5.299503803E0,9.550130517E0
5.500043154E0,1.133001566E0,7.920841217E0,-5.294718266E0,9.594657870E0
5.502200970E0,1.142572761E0,8.011768341E0,-5.395216942E0,9.726369843E0
5.504358339E0,1.180259824E0,8.073982239E0,-5.462215900E0,9.819267029E0
5.506515931E0,1.242473125E0,8.154739380E0,-5.510670662E0,9.920232102E0
5.508673881E0,1.261615753E0,8.197810173E0,-5.520241737E0,9.963374668E0
5.510833000E0,1.300499082E0,8.250452042E0,-5.506483078E0,1.000412978E1
5.512986045E0,1.338784218E0,8.283951759E0,-5.464010715E0,1.001357144E1
5.515135164E0,1.348953724E0,8.355736732E0,-5.416752338E0,1.004884164E1
5.517296317E0,1.372882009E0,8.389236450E0,-5.397609711E0,1.006967148E1
5.519458265E0,1.387837172E0,8.422736168E0,-5.283352375E0,1.003904323E1
5.521610710E0,1.406979680E0,8.422736168E0,-5.216951370E0,1.000693050E1
5.523776094E0,1.416550994E0,8.427521706E0,-5.202594757E0,1.000483538E1
5.525927076E0,1.417149186E0,8.403593063E0,-5.164309502E0,9.964877361E0
5.528094047E0,1.412363529E0,8.384450912E0,-5.116453171E0,9.923299899E0
5.530248232E0,1.412363529E0,8.350951195E0,-5.130809784E0,9.902442408E0
5.532408134E0,1.402792215E0,8.303692818E0,-5.097310543E0,9.843866882E0
5.534560173E0,1.369292736E0,8.251050949E0,-5.115854740E0,9.804426250E0
5.536710238E0,1.350150228E0,8.212765694E0,-5.101497650E0,9.762054305E0
5.538877698E0,1.316650629E0,8.145766258E0,-5.101497650E0,9.701152256E0
5.541035394E0,1.272981644E0,8.117053032E0,-5.124827862E0,9.683537205E0
5.543195692E0,1.220339537E0,8.083553314E0,-5.186442852E0,9.681541831E0
5.545350822E0,1.195813060E0,8.040482521E0,-5.209773064E0,9.655105562E0
5.547505730E0,1.167099237E0,8.021339417E0,-5.248058319E0,9.656403201E0
5.549666568E0,1.124028444E0,8.006982803E0,-5.290530682E0,9.662552895E0
5.551822421E0,1.089930773E0,8.006982803E0,-5.380859852E0,9.708417762E0
5.553980767E0,1.051645517E0,7.992625713E0,-5.394618511E0,9.699996545E0
5.556134779E0,1.046261668E0,7.987840176E0,-5.466403484E0,9.735595575E0
5.558285058E0,1.021735311E0,7.978269100E0,-5.542375565E0,9.768042167E0
5.560453148E0,1.026520967E0,7.992625713E0,-5.566303730E0,9.793852577E0
5.562611178E0,1.021735311E0,7.992625713E0,-5.633302689E0,9.831587258E0
5.564770399E0,1.036092162E0,7.992625713E0,-5.661418438E0,9.849223903E0
5.566925937E0,1.040877819E0,8.021339417E0,-5.652445316E0,9.867900016E0
5.569079655E0,1.036092162E0,8.030911446E0,-5.633302689E0,9.864234628E0
5.571230035E0,1.064806104E0,8.045268059E0,-5.586044312E0,9.852108466E0
5.573397647E0,1.089332461E0,8.050053596E0,-5.528616905E0,9.826271572E0
5.575554894E0,1.103689432E0,8.045268059E0,-5.495117188E0,9.805140560E0
5.577715386E0,1.127617717E0,8.054839134E0,-5.457430363E0,9.794666986E0
5.579868839E0,1.142572761E0,8.050053596E0,-5.428716183E0,9.776491948E0
5.582015669E0,1.171286702E0,8.035696983E0,-5.386243820E0,9.744534932E0
5.584185957E0,1.185643673E0,8.035696983E0,-5.367101192E0,9.735705015E0
5.586341729E0,1.204786181E0,8.030911446E0,-5.367101192E0,9.734106205E0
5.588502598E0,1.214357495E0,8.035696983E0,-5.362315655E0,9.736607177E0
5.590655156E0,1.247856975E0,8.040482521E0,-5.377270699E0,9.753027549E0
5.592807865E0,1.233500123E0,8.026124954E0,-5.381458282E0,9.741678376E0
5.594972314E0,1.238285661E0,8.050053596E0,-5.362913609E0,9.751797612E0
5.597128096E0,1.233500123E0,8.073982239E0,-5.367699623E0,9.773582301E0
5.599278904E0,1.238285661E0,8.097909927E0,-5.348556995E0,9.783483965E0
5.601448511E0,1.234098315E0,8.126624107E0,-5.343770981E0,9.804127005E0
5.603613702E0,1.229312658E0,8.150551796E0,-5.319842815E0,9.810373682E0
5.605762099E0,1.234098315E0,8.174480438E0,-5.310869694E0,9.826009668E0
5.607916590E0,1.238883972E0,8.193622589E0,-5.296513081E0,9.834802257E0
5.610071294E0,1.238883972E0,8.198408127E0,-5.291727066E0,9.836213939E0
5.612231002E0,1.234098315E0,8.221738815E0,-5.291727066E0,9.855067891E0
5.614386286E0,1.238883972E0,8.236095428E0,-5.277370453E0,9.859956405E0
5.616547113E0,1.243669510E0,8.226524353E0,-5.277370453E0,9.852565944E0
5.618705306E0,1.258026481E0,8.236095428E0,-5.286941528E0,9.867504713E0
5.620860031E0,1.248455167E0,8.231309891E0,-5.277370453E0,9.857167023E0
5.623009648E0,1.238883972E0,8.212765694E0,-5.267798901E0,9.835347431E0
5.625180984E0,1.243669510E0,8.179265976E0,-5.248656273E0,9.797729248E0
5.627361078E0,1.214955688E0,8.164909363E0,-5.253442287E0,9.784708381E0
5.629530757E0,1.200598717E0,8.136195183E0,-5.252843857E0,9.758661687E0
5.631666884E0,1.181456208E0,8.131409645E0,-5.281557560E0,9.767830458E0
5.633818262E0,1.162313581E0,8.093124390E0,-5.309673309E0,9.748962298E0
5.635970331E0,1.161715388E0,8.073982239E0,-5.347958565E0,9.753944466E0
5.638123459E0,1.142572761E0,8.059624672E0,-5.414359570E0,9.776416108E0
5.640289454E0,1.118644595E0,8.035696983E0,-5.419145107E0,9.756583697E0
5.642436457E0,1.108475089E0,8.011768341E0,-5.443073273E0,9.749061269E0
5.644609583E0,1.094118118E0,8.002197266E0,-5.438287735E0,9.736900381E0
5.646757441E0,1.089332461E0,7.987840176E0,-5.485546112E0,9.751074404E0
5.648898077E0,1.094118118E0,7.997411251E0,-5.490331650E0,9.762142326E0
5.651080002E0,1.108475089E0,7.992625713E0,-5.499902725E0,9.765229788E0
5.653238236E0,1.108475089E0,8.006982803E0,-5.509474277E0,9.782371770E0
5.655401474E0,1.127617717E0,8.002197266E0,-5.504688263E0,9.777948438E0
5.657551794E0,1.141974568E0,8.002197266E0,-5.467001438E0,9.758451297E0
5.659706416E0,1.161117196E0,8.011768341E0,-5.457430363E0,9.763204969E0
5.661853358E0,1.161117196E0,8.026124954E0,-5.443073273E0,9.766981191E0
5.664024267E0,1.200000525E0,8.050053596E0,-5.448457241E0,9.794337674E0
5.666182379E0,1.200000525E0,8.073982239E0,-5.419743061E0,9.798102127E0
5.668336777E0,1.223928809E0,8.097909927E0,-5.382056236E0,9.800034503E0
5.670474595E0,1.228714466E0,8.117053032E0,-5.343770981E0,9.795518233E0
5.672653743E0,1.243071318E0,8.126624107E0,-5.353342533E0,9.810480210E0
5.674811448E0,1.214955688E0,8.117053032E0,-5.329414368E0,9.785975922E0
5.676974402E0,1.223928809E0,8.145766258E0,-5.353342533E0,9.823939431E0
5.679123430E0,1.234098315E0,8.164909363E0,-5.338985443E0,9.833285774E0
5.681272254E0,1.234098315E0,8.179265976E0,-5.353342533E0,9.853002935E0
5.683442602E0,1.224527001E0,8.174480438E0,-5.343770981E0,9.842636085E0
5.685598964E0,1.224527001E0,8.179265976E0,-5.329414368E0,9.838826952E0
5.687760281E0,1.200598717E0,8.188239098E0,-5.329414368E0,9.843340607E0
5.689919053E0,1.210170031E0,8.160123825E0,-5.305486202E0,9.808175987E0
5.692094274E0,1.200598717E0,8.169694901E0,-5.286343575E0,9.804630561E0
5.694228969E0,1.195813060E0,8.169694901E0,-5.286343575E0,9.804045697E0
5.696386105E0,1.191027522E0,8.145766258E0,-5.276772022E0,9.778362719E0
5.698538052E0,1.181456208E0,8.140980721E0,-5.291129112E0,9.780974039E0
5.700701891E0,1.181456208E0,8.131409645E0,-5.305486202E0,9.780789612E0
5.702855435E0,1.167099237E0,8.112266541E0,-5.305486202E0,9.763153840E0
5.705004096E0,1.195214868E0,8.088338852E0,-5.334199905E0,9.762348723E0
5.707173601E0,1.176072359E0,8.093124390E0,-5.347958565E0,9.771513158E0
5.709330899E0,1.176072359E0,8.088338852E0,-5.352744102E0,9.770170981E0
5.711491391E0,1.171286702E0,8.073982239E0,-5.362315655E0,9.762967321E0
5.713638353E0,1.152144074E0,8.064410210E0,-5.376672268E0,9.760673782E0
5.715773820E0,1.176072359E0,8.059624672E0,-5.381458282E0,9.762212315E0
5.717963315E0,1.161715388E0,8.069195747E0,-5.410171986E0,9.784245682E0
5.720118537E0,1.166501045E0,8.050053596E0,-5.429314613E0,9.779649522E0
5.722284268E0,1.156929731E0,8.045268059E0,-5.419145107E0,9.768928203E0
5.724432045E0,1.161715388E0,8.069195747E0,-5.438287735E0,9.799820210E0
5.726585375E0,1.156331539E0,8.054839134E0,-5.457430363E0,9.798014200E0
5.728735623E0,1.175474167E0,8.035696983E0,-5.486144066E0,9.800609279E0
5.730905597E0,1.147358418E0,8.059624672E0,-5.443073273E0,9.792907017E0
5.733063911E0,1.146760225E0,8.069195747E0,-5.452644825E0,9.806034602E0
5.735221117E0,1.161715388E0,8.069195747E0,-5.443073273E0,9.802476692E0
5.737364448E0,1.166501045E0,8.088338852E0,-5.443671703E0,9.819140069E0
5.739537239E0,1.161715388E0,8.069195747E0,-5.419743061E0,9.789541230E0
5.741692766E0,1.190429211E0,8.093124390E0,-5.395814896E0,9.799520523E0
5.743853859E0,1.190429211E0,8.073982239E0,-5.410171986E0,9.791642958E0
5.746004605E0,1.200000525E0,8.088338852E0,-5.381458282E0,9.788836493E0
5.748154305E0,1.214357495E0,8.093124390E0,-5.362913609E0,9.784383930E0
5.750323230E0,1.209571838E0,8.083553314E0,-5.338985443E0,9.762769268E0
5.752481352E0,1.205384374E0,8.102695465E0,-5.310271740E0,9.762459282E0
5.754640684E0,1.205384374E0,8.112266541E0,-5.315057278E0,9.773006384E0
5.756799650E0,1.210170031E0,8.112266541E0,-5.300700188E0,9.765797582E0
5.758965992E0,1.210170031E0,8.126624107E0,-5.310271740E0,9.782919648E0
5.761110330E0,1.205384374E0,8.136195183E0,-5.305486202E0,9.787686518E0
5.763267342E0,1.181456208E0,8.145766258E0,-5.300700188E0,9.790136321E0
5.765421710E0,1.176670551E0,8.145766258E0,-5.329414368E0,9.805137379E0
5.767582782E0,1.176670551E0,8.131409645E0,-5.324628353E0,9.790609966E0
5.769734048E0,1.186241865E0,8.155337334E0,-5.319842815E0,9.809048087E0
5.771870257E0,1.181456208E0,8.155337334E0,-5.338985443E0,9.818866093E0
5.774055998E0,1.180858016E0,8.136195183E0,-5.357530117E0,9.813013129E0
5.776212136E0,1.190429211E0,8.121838570E0,-5.348556995E0,9.797369310E0
5.778380116E0,1.185643673E0,8.121838570E0,-5.357530117E0,9.801690753E0
5.780537240E0,1.180858016E0,8.126624107E0,-5.357530117E0,9.805078990E0
5.782672118E0,1.190429211E0,8.097909927E0,-5.362315655E0,9.785075170E0
5.784842751E0,1.190429211E0,8.093124390E0,-5.376672268E0,9.788993246E0
5.786998493E0,1.180858016E0,8.088338852E0,-5.371886730E0,9.781248288E0
5.789160654E0,1.176072359E0,8.069195747E0,-5.386243820E0,9.772752360E0
5.791314991E0,1.180858016E0,8.073982239E0,-5.386243820E0,9.777281695E0
5.793468728E0,1.171286702E0,8.054839134E0,-5.395814896E0,9.765611318E0
5.795629698E0,1.180858016E0,8.059624672E0,-5.414957523E0,9.781295440E0
5.797786915E0,1.176072359E0,8.069195747E0,-5.429314613E0,9.796556710E0
5.799945230E0,1.161715388E0,8.059624672E0,-5.424529076E0,9.784306219E0
5.802097798E0,1.171286702E0,8.054839134E0,-5.414957523E0,9.776201256E0
5.804242553E0,1.171286702E0,8.069195747E0,-5.419743061E0,9.790681661E0
5.806417347E0,1.171286702E0,8.064410210E0,-5.429314613E0,9.792041755E0
5.808575449E0,1.176072359E0,8.064410210E0,-5.400600910E0,9.776724831E0
5.810732757E0,1.171286702E0,8.054839134E0,-5.395814896E0,9.765611318E0
5.812874755E0,1.180858016E0,8.069195747E0,-5.400600910E0,9.781249197E0
5.815040821E0,1.180858016E0,8.093124390E0,-5.386243820E0,9.793095043E0
5.817204304E0,1.180858016E0,8.102695465E0,-5.371886730E0,9.793123429E0
5.819365407E0,1.185643673E0,8.102695465E0,-5.381458282E0,9.798954942E0
5.821521861E0,1.200000525E0,8.107481003E0,-5.377270699E0,9.802361432E0
5.823674346E0,1.185643673E0,8.107481003E0,-5.358128071E0,9.790124389E0
5.825822662E0,1.204786181E0,8.107481003E0,-5.362913609E0,9.795080415E0
5.827991241E0,1.185643673E0,8.121838570E0,-5.348556995E0,9.796788995E0
5.830148874E0,1.195813060E0,8.140980721E0,-5.338985443E0,9.808685005E0
5.832309427E0,1.205384374E0,8.140980721E0,-5.315057278E0,9.796854212E0
5.834464040E0,1.181456208E0,8.126624107E0,-5.319842815E0,9.784609636E0
5.836621724E0,1.191027522E0,8.131409645E0,-5.338985443E0,9.800159944E0
5.838780619E0,1.186241865E0,8.136195183E0,-5.324628353E0,9.795739325E0
5.840936778E0,1.191027522E0,8.140980721E0,-5.334199905E0,9.805498574E0
5.843095011E0,1.195813060E0,8.126624107E0,-5.338985443E0,9.796772623E0
5.845252787E0,1.181456208E0,8.112266541E0,-5.334199905E0,9.780511021E0
5.847412994E0,1.200000525E0,8.112266541E0,-5.358128071E0,9.795836162E0
5.849553090E0,1.195214868E0,8.102695465E0,-5.367699623E0,9.792569204E0
5.851720580E0,1.185643673E0,8.112266541E0,-5.371886730E0,9.801621620E0
5.853866892E0,1.190429211E0,8.097909927E0,-5.381458282E0,9.795578602E0
5.856044179E0,1.185643673E0,8.097909927E0,-5.381458282E0,9.794998181E0
5.858193767E0,1.166501045E0,8.083553314E0,-5.367101192E0,9.772938866E0
5.860346559E0,1.166501045E0,8.093124390E0,-5.391029358E0,9.794007587E0
5.862510529E0,1.171286702E0,8.097909927E0,-5.400600910E0,9.803802728E0
5.864668417E0,1.176072359E0,8.093124390E0,-5.391029358E0,9.795152174E0
5.866828684E0,1.185643673E0,8.078767776E0,-5.391029358E0,9.784448745E0
5.868978231E0,1.180858016E0,8.073982239E0,-5.405386448E0,9.787840288E0
5.871119955E0,1.166501045E0,8.078767776E0,-5.419743061E0,9.798001241E0
5.873299459E0,1.176072359E0,8.073982239E0,-5.395814896E0,9.781981076E0
5.875456147E0,1.176072359E0,8.069195747E0,-5.400600910E0,9.780672594E0
5.877619783E0,1.176072359E0,8.064410210E0,-5.405386448E0,9.779369145E0
5.879768281E0,1.180858016E0,8.073982239E0,-5.391029358E0,9.779918833E0
5.881919231E0,1.176072359E0,8.073982239E0,-5.386243820E0,9.776704858E0
5.884085836E0,1.166501045E0,8.078767776E0,-5.371886730E0,9.771610948E0
5.886243287E0,1.190429211E0,8.083553314E0,-5.376672268E0,9.781081769E0
5.888403281E0,1.185643673E0,8.088338852E0,-5.391029358E0,9.792352825E0
5.890551932E0,1.176072359E0,8.102695465E0,-5.376672268E0,9.795173540E0
5.892686799E0,1.180858016E0,8.112266541E0,-5.371886730E0,9.801043879E0
5.894874095E0,1.195214868E0,8.102695465E0,-5.371886730E0,9.794864952E0
5.897030295E0,1.180858016E0,8.117053032E0,-5.348556995E0,9.792243742E0
5.899195375E0,1.180858016E0,8.102695465E0,-5.357530117E0,9.785255664E0
5.901343274E0,1.185643673E0,8.112266541E0,-5.353342533E0,9.791470555E0
5.903495098E0,1.195214868E0,8.117053032E0,-5.362913609E0,9.801833037E0
5.905660920E0,1.195214868E0,8.107481003E0,-5.353342533E0,9.788670138E0
5.907819592E0,1.195214868E0,8.126624107E0,-5.343770981E0,9.799308458E0
5.909977673E0,1.190429211E0,8.117053032E0,-5.348556995E0,9.793402553E0
5.912130789E0,1.195214868E0,8.117053032E0,-5.353342533E0,9.796599654E0
5.914274101E0,1.190429211E0,8.112266541E0,-5.353342533E0,9.792051185E0
5.916434836E0,1.195214868E0,8.117053032E0,-5.348556995E0,9.793985421E0
5.918609143E0,1.190429211E0,8.112266541E0,-5.353342533E0,9.792051185E0
5.920783419E0,1.185643673E0,8.107481003E0,-5.362315655E0,9.792416878E0
5.922944805E0,1.190429211E0,8.102695465E0,-5.367101192E0,9.791658221E0
5.925109615E0,1.190429211E0,8.112266541E0,-5.367101192E0,9.799579855E0
5.927274425E0,1.176072359E0,8.093124390E0,-5.362315655E0,9.779378189E0
5.929439235E0,1.190429211E0,8.093124390E0,-5.395814896E0,9.799520523E0
5.931560420E0,1.180858016E0,8.097909927E0,-5.381458282E0,9.794420049E0
5.933702674E0,1.180858016E0,8.107481003E0,-5.371886730E0,9.797083286E0
5.935864549E0,1.185643673E0,8.073982239E0,-5.391029358E0,9.780497822E0
5.938013247E0,1.185643673E0,8.088338852E0,-5.391029358E0,9.792352825E0
5.940183454E0,1.180858016E0,8.073982239E0,-5.391029358E0,9.779918833E0
5.942338482E0,1.166501045E0,8.078767776E0,-5.395814896E0,9.784785734E0
5.944494896E0,1.190429211E0,8.078767776E0,-5.381458282E0,9.779759902E0
5.946633801E0,1.176072359E0,8.073982239E0,-5.381458282E0,9.774069195E0
5.948781812E0,1.171286702E0,8.069195747E0,-5.381458282E0,9.769540716E0
5.950967359E0,1.171286702E0,8.088338852E0,-5.391029358E0,9.790624876E0
5.953127576E0,1.180858016E0,8.083553314E0,-5.376672268E0,9.779921498E0
5.955289228E0,1.180858016E0,8.088338852E0,-5.395814896E0,9.794410111E0
5.957436648E0,1.185643673E0,8.093124390E0,-5.381458282E0,9.791042159E0
5.959585432E0,1.200000525E0,8.078767776E0,-5.381458282E0,9.780929572E0
5.961755027E0,1.180858016E0,8.093124390E0,-5.367101192E0,9.782579581E0
5.963913078E0,1.185643673E0,8.102695465E0,-5.362315655E0,9.788455133E0
5.966072421E0,1.180858016E0,8.093124390E0,-5.371886730E0,9.785205929E0
5.968227023E0,1.190429211E0,8.097909927E0,-5.357530117E0,9.782453468E0
5.970384118E0,1.185643673E0,8.102695465E0,-5.367101192E0,9.791077567E0
5.972541863E0,1.176072359E0,8.088338852E0,-5.362315655E0,9.775418188E0
5.974699689E0,1.200000525E0,8.112266541E0,-5.353342533E0,9.793219387E0
5.976857862E0,1.190429211E0,8.112266541E0,-5.362315655E0,9.796959697E0
5.979011264E0,1.195214868E0,8.102695465E0,-5.347958565E0,9.781762274E0
5.981159773E0,1.190429211E0,8.107481003E0,-5.362315655E0,9.792997452E0
5.983329105E0,1.200000525E0,8.102695465E0,-5.343770981E0,9.780059476E0
5.985487125E0,1.195214868E0,8.097909927E0,-5.352744102E0,9.780416821E0
5.987647170E0,1.195214868E0,8.112266541E0,-5.357530117E0,9.794923989E0
5.989798293E0,1.190429211E0,8.112266541E0,-5.362315655E0,9.796959697E0
5.991943444E0,1.180858016E0,8.117053032E0,-5.381458282E0,9.810253250E0
5.994102949E0,1.195214868E0,8.097909927E0,-5.367101192E0,9.788281718E0
5.996257612E0,1.176072359E0,8.093124390E0,-5.367101192E0,9.782003056E0
5.998412275E0,1.190429211E0,8.102695465E0,-5.367101192E0,9.791658221E0
6.000566938E0,1.180858016E0,8.102695465E0,-5.386243820E0,9.801006170E0
6.002730533E0,1.180858016E0,8.117053032E0,-5.381458282E0,9.810253250E0
6.004888014E0,1.176072359E0,8.088338852E0,-5.376672268E0,9.783300887E0
6.007052443E0,1.185643673E0,8.093124390E0,-5.376672268E0,9.788412434E0
6.009223119E0,1.180858016E0,8.088338852E0,-5.381458282E0,9.786508278E0
6.011380691E0,1.180858016E0,8.093124390E0,-5.381458282E0,9.790463793E0
6.013536330E0,1.185643673E0,8.078767776E0,-5.400600910E0,9.789725731E0
6.015682418E0,1.185643673E0,8.069195747E0,-5.376672268E0,9.768637346E0
6.017819493E0,1.176072359E0,8.088338852E0,-5.391029358E0,9.791198554E0
6.019977503E0,1.176072359E0,8.078767776E0,-5.376672268E0,9.775389489E0
6.022136163E0,1.176072359E0,8.088338852E0,-5.391029358E0,9.791198554E0
6.024300561E0,1.190429211E0,8.093124390E0,-5.371886730E0,9.786365573E0
6.026468541E0,1.195214868E0,8.088338852E0,-5.376672268E0,9.785620504E0
6.028626530E0,1.180858016E0,8.088338852E0,-5.371886730E0,9.781248288E0
6.030783259E0,1.176072359E0,8.097909927E0,-5.357530117E0,9.780716760E0
6.032938939E0,1.185643673E0,8.093124390E0,-5.395814896E0,9.798940335E0
6.035093277E0,1.180858016E0,8.097909927E0,-5.376672268E0,9.791791232E0
6.037240341E0,1.185643673E0,8.093124390E0,-5.362315655E0,9.780533855E0
6.039390823E0,1.180858016E0,8.097909927E0,-5.367101192E0,9.786539023E0
6.041567795E0,1.180858016E0,8.107481003E0,-5.371886730E0,9.797083286E0
6.043727412E0,1.176072359E0,8.102695465E0,-5.371886730E0,9.792547525E0
6.045887944E0,1.180858016E0,8.088338852E0,-5.371886730E0,9.781248288E0
6.048034969E0,1.185643673E0,8.102695465E0,-5.376672268E0,9.796327342E0
6.050187373E0,1.180858016E0,8.102695465E0,-5.362315655E0,9.787876615E0
6.052354965E0,1.176072359E0,8.107481003E0,-5.376672268E0,9.799132568E0
6.054513259E0,1.190429211E0,8.107481003E0,-5.357530117E0,9.790377872E0
6.056670039E0,1.180858016E0,8.107481003E0,-5.367101192E0,9.794460122E0
6.058817327E0,1.176072359E0,8.107481003E0,-5.381458282E0,9.801759416E0
6.060985550E0,1.195214868E0,8.102695465E0,-5.352744102E0,9.784379480E0
6.063144668E0,1.190429211E0,8.088338852E0,-5.367101192E0,9.779781301E0
6.065303055E0,1.180858016E0,8.097909927E0,-5.371886730E0,9.789164310E0
6.067458431E0,1.200000525E0,8.097909927E0,-5.371886730E0,9.791491893E0
6.069614467E0,1.185643673E0,8.093124390E0,-5.391029358E0,9.796305979E0
6.071772435E0,1.180858016E0,8.078767776E0,-5.386243820E0,9.781233917E0
6.073929683E0,1.185643673E0,8.088338852E0,-5.391029358E0,9.792352825E0
6.076087622E0,1.176072359E0,8.107481003E0,-5.367101192E0,9.793884297E0
6.078245113E0,1.166501045E0,8.088338852E0,-5.381458282E0,9.784786319E0
6.080403357E0,1.190429211E0,8.088338852E0,-5.381458282E0,9.787667768E0
6.082560044E0,1.176072359E0,8.088338852E0,-5.391029358E0,9.791198554E0
6.084718186E0,1.176072359E0,8.093124390E0,-5.386243820E0,9.792519138E0
6.086874305E0,1.190429211E0,8.097909927E0,-5.367101192E0,9.787698509E0
6.089031979E0,1.200000525E0,8.088338852E0,-5.381458282E0,9.788836493E0
6.091189307E0,1.190429211E0,8.088338852E0,-5.371886730E0,9.782408401E0
6.093347184E0,1.176072359E0,8.088338852E0,-5.386243820E0,9.788564454E0
6.095502356E0,1.180858016E0,8.083553314E0,-5.386243820E0,9.785186883E0
6.097653246E0,1.180858016E0,8.107481003E0,-5.381458282E0,9.802334779E0
6.099819647E0,1.171286702E0,8.107481003E0,-5.376672268E0,9.798559355E0
6.101975439E0,1.176072359E0,8.112266541E0,-5.371886730E0,9.800468441E0
6.104126553E0,1.171286702E0,8.102695465E0,-5.362315655E0,9.786726497E0
6.106291938E0,1.180858016E0,8.112266541E0,-5.376672268E0,9.803667618E0
6.108449124E0,1.171286702E0,8.107481003E0,-5.371886730E0,9.795934248E0
6.110609270E0,1.161715388E0,8.088338852E0,-5.362315655E0,9.773701305E0
6.112761909E0,1.180858016E0,8.093124390E0,-5.371886730E0,9.785205929E0
6.114912564E0,1.185643673E0,8.102695465E0,-5.367101192E0,9.791077567E0
6.117079353E0,1.180858016E0,8.088338852E0,-5.371886730E0,9.781248288E0
6.119237627E0,1.190429211E0,8.093124390E0,-5.362315655E0,9.781115134E0
6.121396309E0,1.190429211E0,8.102695465E0,-5.376672268E0,9.796907685E0
6.123554806E0,1.185643673E0,8.093124390E0,-5.367101192E0,9.783158412E0
6.125725207E0,1.185643673E0,8.097909927E0,-5.367101192E0,9.787117621E0
6.127883094E0,1.185643673E0,8.093124390E0,-5.367101192E0,9.783158412E0
6.130040881E0,1.161715388E0,8.097909927E0,-5.367101192E0,9.784247700E0
6.132196581E0,1.176072359E0,8.107481003E0,-5.352744102E0,9.786023903E0
6.134352007E0,1.185643673E0,8.112266541E0,-5.367101192E0,9.798999671E0
6.136510424E0,1.180858016E0,8.097909927E0,-5.371886730E0,9.789164310E0
6.138666939E0,1.190429211E0,8.107481003E0,-5.371886730E0,9.798241524E0
6.140824511E0,1.176072359E0,8.097909927E0,-5.367101192E0,9.785962732E0
6.142981696E0,1.176072359E0,8.088338852E0,-5.362315655E0,9.775418188E0
6.145141690E0,1.180858016E0,8.093124390E0,-5.371886730E0,9.785205929E0
6.147304675E0,1.185643673E0,8.097909927E0,-5.367101192E0,9.787117621E0
6.149446613E0,1.180858016E0,8.093124390E0,-5.362315655E0,9.779954868E0
6.151612007E0,1.176072359E0,8.088338852E0,-5.381458282E0,9.785931985E0
6.153767840E0,1.180858016E0,8.088338852E0,-5.386243820E0,9.789140592E0
6.155928525E0,1.171286702E0,8.102695465E0,-5.386243820E0,9.799857592E0
6.158077054E0,1.176072359E0,8.112266541E0,-5.371886730E0,9.800468441E0
6.160212797E0,1.185643673E0,8.093124390E0,-5.381458282E0,9.791042159E0
6.162399167E0,1.180858016E0,8.097909927E0,-5.381458282E0,9.794420049E0
6.164556842E0,1.180858016E0,8.102695465E0,-5.371886730E0,9.793123429E0
6.166722146E0,1.166501045E0,8.093124390E0,-5.371886730E0,9.783483741E0
6.168868183E0,1.180858016E0,8.097909927E0,-5.400600910E0,9.804950843E0
6.171015857E0,1.176072359E0,8.097909927E0,-5.381458282E0,9.793844221E0
6.173186145E0,1.190429211E0,8.102695465E0,-5.381458282E0,9.799535129E0
6.175343850E0,1.180858016E0,8.083553314E0,-5.367101192E0,9.774662912E0
6.177504647E0,1.190429211E0,8.093124390E0,-5.367101192E0,9.783739536E0
6.179654234E0,1.185643673E0,8.088338852E0,-5.376672268E0,9.784456090E0
6.181798358E0,1.176072359E0,8.088338852E0,-5.381458282E0,9.785931985E0
6.183974719E0,1.185643673E0,8.097909927E0,-5.371886730E0,9.789742752E0
6.186131458E0,1.180858016E0,8.073982239E0,-5.367101192E0,9.766749206E0
6.188294229E0,1.190429211E0,8.102695465E0,-5.376672268E0,9.796907685E0
6.190442687E0,1.176072359E0,8.093124390E0,-5.395814896E0,9.797786840E0
6.192591327E0,1.195214868E0,8.102695465E0,-5.367101192E0,9.792241193E0
6.194760862E0,1.180858016E0,8.102695465E0,-5.367101192E0,9.790499204E0
6.196918628E0,1.185643673E0,8.102695465E0,-5.371886730E0,9.793701637E0
6.199079650E0,1.180858016E0,8.097909927E0,-5.347958565E0,9.776053992E0
6.201234334E0,1.176072359E0,8.097909927E0,-5.362315655E0,9.783338927E0
6.203386280E0,1.185643673E0,8.097909927E0,-5.367101192E0,9.787117621E0
6.205549274E0,1.185643673E0,8.117053032E0,-5.367101192E0,9.802962616E0
6.207705372E0,1.176072359E0,8.093124390E0,-5.371886730E0,9.784629560E0
6.209864542E0,1.176072359E0,8.097909927E0,-5.381458282E0,9.793844221E0
6.212022765E0,1.180858016E0,8.093124390E0,-5.367101192E0,9.782579581E0
6.214183847E0,1.176072359E0,8.097909927E0,-5.381458282E0,9.793844221E0
6.216323414E0,1.171286702E0,8.093124390E0,-5.386243820E0,9.791945538E0
6.218494496E0,1.185643673E0,8.102695465E0,-5.371886730E0,9.793701637E0
6.220648691E0,1.185643673E0,8.102695465E0,-5.381458282E0,9.798954942E0
6.222812417E0,1.176072359E0,8.107481003E0,-5.371886730E0,9.796507615E0
6.224962025E0,1.185643673E0,8.107481003E0,-5.367101192E0,9.795038251E0
6.227110005E0,1.180858016E0,8.093124390E0,-5.381458282E0,9.790463793E0
6.229280263E0,1.176072359E0,8.097909927E0,-5.371886730E0,9.788588173E0
6.231438079E0,1.185643673E0,8.102695465E0,-5.376672268E0,9.796327342E0
6.233595814E0,1.180858016E0,8.107481003E0,-5.367101192E0,9.794460122E0
6.235739003E0,1.176072359E0,8.083553314E0,-5.371886730E0,9.776714551E0
6.237902252E0,1.176072359E0,8.112266541E0,-5.362315655E0,9.795225561E0
6.240068858E0,1.180858016E0,8.097909927E0,-5.381458282E0,9.794420049E0
6.242228535E0,1.171286702E0,8.107481003E0,-5.400600910E0,9.811709889E0
6.244382588E0,1.185643673E0,8.102695465E0,-5.371886730E0,9.793701637E0
6.246523285E0,1.176072359E0,8.093124390E0,-5.376672268E0,9.787257698E0
6.248679688E0,1.171286702E0,8.097909927E0,-5.376672268E0,9.790641573E0
6.250855327E0,1.180858016E0,8.097909927E0,-5.381458282E0,9.794420049E0
6.253016865E0,1.180858016E0,8.107481003E0,-5.381458282E0,9.802334779E0
6.255174967E0,1.195214868E0,8.097909927E0,-5.391029358E0,9.801422413E0
6.257322316E0,1.176072359E0,8.102695465E0,-5.376672268E0,9.795173540E0
6.259459117E0,1.180858016E0,8.097909927E0,-5.371886730E0,9.789164310E0
6.261642558E0,1.185643673E0,8.102695465E0,-5.362315655E0,9.788455133E0
6.263799815E0,1.180858016E0,8.102695465E0,-5.381458282E0,9.798377044E0
6.265963929E0,1.171286702E0,8.102695465E0,-5.376672268E0,9.794600095E0
6.268115601E0,1.180858016E0,8.093124390E0,-5.371886730E0,9.785205929E0
6.270271435E0,1.171286702E0,8.107481003E0,-5.395814896E0,9.809076365E0
6.272417307E0,1.180858016E0,8.107481003E0,-5.371886730E0,9.797083286E0
6.274588409E0,1.171286702E0,8.093124390E0,-5.376672268E0,9.786683790E0
6.276744284E0,1.180858016E0,8.093124390E0,-5.391029358E0,9.795727925E0
6.278902385E0,1.185643673E0,8.107481003E0,-5.371886730E0,9.797661260E0
6.281046957E0,1.176072359E0,8.097909927E0,-5.391029358E0,9.799106537E0
6.283217306E0,1.176072359E0,8.088338852E0,-5.362315655E0,9.775418188E0
6.285375041E0,1.176072359E0,8.088338852E0,-5.391029358E0,9.791198554E0
6.287536419E0,1.190429211E0,8.078767776E0,-5.371886730E0,9.774496280E0
6.289686779E0,1.200000525E0,8.093124390E0,-5.376672268E0,9.790161813E0
6.291832795E0,1.180858016E0,8.083553314E0,-5.371886730E0,9.777291388E0
6.293991761E0,1.190429211E0,8.088338852E0,-5.367101192E0,9.779781301E0
6.296162110E0,1.185643673E0,8.083553314E0,-5.386243820E0,9.785765560E0
6.298322399E0,1.185643673E0,8.093124390E0,-5.376672268E0,9.788412434E0
6.300480196E0,1.176072359E0,8.097909927E0,-5.371886730E0,9.788588173E0
6.302629396E0,1.190429211E0,8.107481003E0,-5.376672268E0,9.800866012E0
6.304771709E0,1.171286702E0,8.121838570E0,-5.386243820E0,9.815691355E0
6.306949587E0,1.190429211E0,8.107481003E0,-5.371886730E0,9.798241524E0
6.309107861E0,1.180858016E0,8.102695465E0,-5.367101192E0,9.790499204E0
6.311269309E0,1.185643673E0,8.097909927E0,-5.376672268E0,9.792369519E0
6.313418051E0,1.190429211E0,8.107481003E0,-5.376672268E0,9.800866012E0
6.315563783E0,1.180858016E0,8.088338852E0,-5.362315655E0,9.775995101E0
6.317736676E0,1.180858016E0,8.083553314E0,-5.357530117E0,9.769410872E0
6.319894422E0,1.204786181E0,8.088338852E0,-5.362913609E0,9.779242174E0
6.322056510E0,1.195214868E0,8.083553314E0,-5.367101192E0,9.776407723E0
6.324206331E0,1.200000525E0,8.093124390E0,-5.362315655E0,9.782284642E0
6.326352124E0,1.180858016E0,8.097909927E0,-5.371886730E0,9.789164310E0
6.328511344E0,1.180858016E0,8.102695465E0,-5.362315655E0,9.787876615E0
6.330681510E0,1.180858016E0,8.097909927E0,-5.376672268E0,9.791791232E0
6.332841809E0,1.176072359E0,8.097909927E0,-5.371886730E0,9.788588173E0
6.334999615E0,1.190429211E0,8.102695465E0,-5.376672268E0,9.796907685E0
6.337154422E0,1.185643673E0,8.088338852E0,-5.367101192E0,9.779199942E0
6.339313479E0,1.180858016E0,8.097909927E0,-5.367101192E0,9.786539023E0
6.341469048E0,1.171286702E0,8.093124390E0,-5.371886730E0,9.784055497E0
6.343627383E0,1.190429211E0,8.097909927E0,-5.376672268E0,9.792950096E0
6.345780153E0,1.176072359E0,8.102695465E0,-5.381458282E0,9.797801449E0
6.347928825E0,1.185643673E0,8.097909927E0,-5.391029358E0,9.800259877E0
6.350099011E0,1.171286702E0,8.088338852E0,-5.371886730E0,9.780097390E0
6.352256289E0,1.171286702E0,8.097909927E0,-5.381458282E0,9.793270699E0
6.354417147E0,1.190429211E0,8.093124390E0,-5.386243820E0,9.794253753E0
6.356569583E0,1.185643673E0,8.073982239E0,-5.395814896E0,9.783136435E0
6.358715864E0,1.161715388E0,8.093124390E0,-5.395814896E0,9.796073878E0
6.360868625E0,1.166501045E0,8.073982239E0,-5.400600910E0,9.783476073E0
6.363020907E0,1.171286702E0,8.088338852E0,-5.391029358E0,9.790624876E0
6.365203413E0,1.161715388E0,8.083553314E0,-5.371886730E0,9.774997896E0
6.367363935E0,1.166501045E0,8.093124390E0,-5.347958565E0,9.770365801E0
6.369528465E0,1.161715388E0,8.088338852E0,-5.343173027E0,9.763211870E0
6.371660952E0,1.161715388E0,8.078767776E0,-5.352744102E0,9.760529743E0
6.373831892E0,1.161715388E0,8.102695465E0,-5.338387489E0,9.772493921E0
6.375986128E0,1.171286702E0,8.097909927E0,-5.338387489E0,9.769669325E0
6.378150140E0,1.176072359E0,8.102695465E0,-5.357530117E0,9.784679297E0
6.380297052E0,1.180858016E0,8.093124390E0,-5.386243820E0,9.793095043E0
6.382436486E0,1.190429211E0,8.097909927E0,-5.391029358E0,9.800839986E0
6.384617771E0,1.185643673E0,8.102695465E0,-5.391029358E0,9.804214515E0
6.386775658E0,1.185643673E0,8.097909927E0,-5.386243820E0,9.797628213E0
6.388939427E0,1.204786181E0,8.107481003E0,-5.405386448E0,9.818399086E0
6.391085871E0,1.200000525E0,8.088338852E0,-5.400600910E0,9.799373288E0
6.393225081E0,1.204786181E0,8.097909927E0,-5.395814896E0,9.805226837E0
6.395406620E0,1.195214868E0,8.107481003E0,-5.395814896E0,9.811962351E0
6.397562860E0,1.190429211E0,8.102695465E0,-5.371886730E0,9.794282135E0
6.399726282E0,1.195214868E0,8.117053032E0,-5.376672268E0,9.809367624E0
6.401878014E0,1.176072359E0,8.112266541E0,-5.367101192E0,9.797846183E0
6.404036726E0,1.185643673E0,8.102695465E0,-5.371886730E0,9.793701637E0
6.406193403E0,1.185643673E0,8.093124390E0,-5.376672268E0,9.788412434E0
6.408352401E0,1.190429211E0,8.107481003E0,-5.376672268E0,9.800866012E0
6.410507827E0,1.190429211E0,8.102695465E0,-5.376672268E0,9.796907685E0
6.412661889E0,1.200000525E0,8.107481003E0,-5.367101192E0,9.796786447E0
6.414801365E0,1.180858016E0,8.102695465E0,-5.371886730E0,9.793123429E0
6.416980544E0,1.195214868E0,8.093124390E0,-5.352744102E0,9.776454899E0
6.419137222E0,1.180858016E0,8.083553314E0,-5.352744102E0,9.766787049E0
6.421300450E0,1.190429211E0,8.088338852E0,-5.362315655E0,9.777155837E0
6.423454482E0,1.176072359E0,8.093124390E0,-5.352744102E0,9.774133108E0
6.425617965E0,1.176072359E0,8.102695465E0,-5.352744102E0,9.782059569E0
6.427768081E0,1.176072359E0,8.102695465E0,-5.371886730E0,9.792547525E0
6.429926091E0,1.161715388E0,8.097909927E0,-5.391029358E0,9.797393805E0
6.432080580E0,1.161715388E0,8.107481003E0,-5.400600910E0,9.810571902E0
6.434239862E0,1.156929731E0,8.102695465E0,-5.395814896E0,9.803416679E0
6.436393854E0,1.152144074E0,8.121838570E0,-5.400600910E0,9.821312942E0
6.438542119E0,1.171286702E0,8.112266541E0,-5.371886730E0,9.799895306E0
6.440712631E0,1.156929731E0,8.097909927E0,-5.371886730E0,9.786306690E0
6.442870895E0,1.171286702E0,8.107481003E0,-5.362315655E0,9.790688941E0
6.445030837E0,1.161715388E0,8.097909927E0,-5.362315655E0,9.781623435E0
6.447183537E0,1.185643673E0,8.083553314E0,-5.362315655E0,9.772615529E0
6.449331802E0,1.190429211E0,8.073982239E0,-5.362315655E0,9.765282386E0
6.451499782E0,1.190429211E0,8.083553314E0,-5.362315655E0,9.773197280E0
6.453656906E0,1.185643673E0,8.093124390E0,-5.362315655E0,9.780533855E0
6.455817174E0,1.190429211E0,8.078767776E0,-5.376672268E0,9.777127143E0
6.457972610E0,1.195214868E0,8.083553314E0,-5.391029358E0,9.789564357E0
6.460131648E0,1.195214868E0,8.083553314E0,-5.405386448E0,9.797478013E0
6.462287247E0,1.195214868E0,8.083553314E0,-5.386243820E0,9.786929818E0
6.464445654E0,1.190429211E0,8.093124390E0,-5.395814896E0,9.799520523E0
6.466601476E0,1.190429211E0,8.112266541E0,-5.376672268E0,9.804825078E0
6.468765000E0,1.180858016E0,8.107481003E0,-5.381458282E0,9.802334779E0
6.470938401E0,1.195214868E0,8.097909927E0,-5.367101192E0,9.788281718E0
6.473074367E0,1.176072359E0,8.102695465E0,-5.376672268E0,9.795173540E0
6.475232407E0,1.185643673E0,8.117053032E0,-5.371886730E0,9.805583506E0
6.477385961E0,1.185643673E0,8.097909927E0,-5.381458282E0,9.794998181E0
6.479541875E0,1.195214868E0,8.102695465E0,-5.376672268E0,9.797490345E0
6.481684656E0,1.185643673E0,8.107481003E0,-5.367101192E0,9.795038251E0
6.483861222E0,1.185643673E0,8.102695465E0,-5.391029358E0,9.804214515E0
6.486019781E0,1.176072359E0,8.093124390E0,-5.391029358E0,9.795152174E0
6.488183946E0,1.185643673E0,8.083553314E0,-5.386243820E0,9.785765560E0
6.490331407E0,1.180858016E0,8.107481003E0,-5.371886730E0,9.797083286E0
6.492481095E0,1.180858016E0,8.093124390E0,-5.400600910E0,9.800998838E0
6.494649877E0,1.176072359E0,8.093124390E0,-5.376672268E0,9.787257698E0
6.496807268E0,1.166501045E0,8.093124390E0,-5.362315655E0,9.778231755E0
6.498967862E0,1.171286702E0,8.088338852E0,-5.357530117E0,9.772219138E0
6.501118059E0,1.171286702E0,8.093124390E0,-5.362315655E0,9.778803818E0
6.503259101E0,1.176072359E0,8.093124390E0,-5.386243820E0,9.792519138E0
6.505407325E0,1.176072359E0,8.083553314E0,-5.367101192E0,9.774085921E0
6.507593889E0,1.185643673E0,8.088338852E0,-5.362315655E0,9.776574323E0
6.509754788E0,1.171286702E0,8.093124390E0,-5.376672268E0,9.786683790E0
6.511915502E0,1.180858016E0,8.093124390E0,-5.386243820E0,9.793095043E0
6.514053890E0,1.171286702E0,8.088338852E0,-5.376672268E0,9.782726747E0
6.516198849E0,1.176072359E0,8.107481003E0,-5.371886730E0,9.796507615E0
6.518380937E0,1.176072359E0,8.107481003E0,-5.371886730E0,9.796507615E0
6.520534471E0,1.195214868E0,8.088338852E0,-5.371886730E0,9.782991925E0
6.522676316E0,1.185643673E0,8.102695465E0,-5.386243820E0,9.801583913E0
6.524837978E0,1.190429211E0,8.097909927E0,-5.381458282E0,9.795578602E0
6.526995013E0,1.185643673E0,8.097909927E0,-5.371886730E0,9.789742752E0
6.529158973E0,1.200000525E0,8.097909927E0,-5.371886730E0,9.791491893E0
6.531312996E0,1.195214868E0,8.107481003E0,-5.376672268E0,9.801448437E0
6.533471401E0,1.185643673E0,8.112266541E0,-5.367101192E0,9.798999671E0
6.535625760E0,1.185643673E0,8.093124390E0,-5.371886730E0,9.785784606E0
6.537777972E0,1.190429211E0,8.083553314E0,-5.381458282E0,9.783713463E0
6.539942563E0,1.176072359E0,8.097909927E0,-5.376672268E0,9.791215250E0
6.542100318E0,1.180858016E0,8.093124390E0,-5.376672268E0,9.787833913E0
6.544255643E0,1.176072359E0,8.112266541E0,-5.386243820E0,9.808345279E0
6.546399584E0,1.185643673E0,8.097909927E0,-5.381458282E0,9.794998181E0
6.548573575E0,1.180858016E0,8.097909927E0,-5.376672268E0,9.791791232E0
6.550731301E0,1.190429211E0,8.088338852E0,-5.371886730E0,9.782408401E0
6.552889076E0,1.195214868E0,8.097909927E0,-5.391029358E0,9.801422413E0
6.555034930E0,1.180858016E0,8.093124390E0,-5.371886730E0,9.785205929E0
6.557203194E0,1.185643673E0,8.097909927E0,-5.371886730E0,9.789742752E0
6.559363879E0,1.185643673E0,8.088338852E0,-5.376672268E0,9.784456090E0
6.561520475E0,1.176072359E0,8.078767776E0,-5.381458282E0,9.778022716E0
6.563675992E0,1.180858016E0,8.088338852E0,-5.376672268E0,9.783877335E0
6.565831683E0,1.180858016E0,8.083553314E0,-5.367101192E0,9.774662912E0
6.567990873E0,1.180858016E0,8.102695465E0,-5.352744102E0,9.782636091E0
6.570147072E0,1.180858016E0,8.117053032E0,-5.357530117E0,9.797147775E0
6.572304909E0,1.180858016E0,8.093124390E0,-5.367101192E0,9.782579581E0
6.574462003E0,1.185643673E0,8.102695465E0,-5.381458282E0,9.798954942E0
6.576619810E0,1.180858016E0,8.097909927E0,-5.381458282E0,9.794420049E0
6.578777444E0,1.180858016E0,8.097909927E0,-5.381458282E0,9.794420049E0
6.580935780E0,1.176072359E0,8.093124390E0,-5.386243820E0,9.792519138E0
6.583092436E0,1.176072359E0,8.088338852E0,-5.386243820E0,9.788564454E0
6.585250699E0,1.171286702E0,8.097909927E0,-5.376672268E0,9.790641573E0
6.587406757E0,1.176072359E0,8.107481003E0,-5.362315655E0,9.791262614E0
6.589564523E0,1.176072359E0,8.093124390E0,-5.381458282E0,9.789887733E0
6.591721850E0,1.180858016E0,8.102695465E0,-5.367101192E0,9.790499204E0
6.593879606E0,1.185643673E0,8.093124390E0,-5.362315655E0,9.780533855E0
6.596037342E0,1.190429211E0,8.078767776E0,-5.386243820E0,9.782394031E0
6.598195576E0,1.190429211E0,8.083553314E0,-5.381458282E0,9.783713463E0
6.600352223E0,1.171286702E0,8.093124390E0,-5.391029358E0,9.794578728E0
6.602510425E0,1.185643673E0,8.107481003E0,-5.362315655E0,9.792416878E0
6.604666777E0,1.180858016E0,8.088338852E0,-5.371886730E0,9.781248288E0
6.606824349E0,1.185643673E0,8.097909927E0,-5.371886730E0,9.789742752E0
6.608981586E0,1.180858016E0,8.097909927E0,-5.367101192E0,9.786539023E0
6.611139241E0,1.180858016E0,8.102695465E0,-5.371886730E0,9.793123429E0
6.613297362E0,1.180858016E0,8.083553314E0,-5.376672268E0,9.779921498E0
6.615456980E0,1.171286702E0,8.102695465E0,-5.381458282E0,9.797228158E0
6.617612182E0,1.180858016E0,8.093124390E0,-5.371886730E0,9.785205929E0
6.619770232E0,1.171286702E0,8.088338852E0,-5.362315655E0,9.774843585E0
6.621929015E0,1.180858016E0,8.097909927E0,-5.371886730E0,9.789164310E0
6.624099679E0,1.185643673E0,8.117053032E0,-5.367101192E0,9.802962616E0
6.626256560E0,1.161715388E0,8.102695465E0,-5.367101192E0,9.788208807E0
6.628415414E0,1.166501045E0,8.083553314E0,-5.371886730E0,9.775567805E0
6.630569905E0,1.156929731E0,8.102695465E0,-5.367101192E0,9.787641974E0
6.632728270E0,1.161715388E0,8.078767776E0,-5.367101192E0,9.768410651E0
6.634880818E0,1.166501045E0,8.083553314E0,-5.357530117E0,9.767685899E0
6.637024078E0,1.166501045E0,8.097909927E0,-5.343173027E0,9.771712638E0
6.639186330E0,1.161715388E0,8.097909927E0,-5.338387489E0,9.768526441E0
6.641356791E0,1.156929731E0,8.093124390E0,-5.343173027E0,9.766608766E0
6.643518371E0,1.156929731E0,8.083553314E0,-5.352744102E0,9.763922880E0
6.645671865E0,1.137787223E0,8.083553314E0,-5.381458282E0,9.777447888E0
6.647817149E0,1.147358418E0,8.078767776E0,-5.381458282E0,9.774610651E0
6.649988282E0,1.142572761E0,8.064410210E0,-5.400600910E0,9.772751646E0
6.652144632E0,1.156929731E0,8.093124390E0,-5.357530117E0,9.774470714E0
6.654305969E0,1.166501045E0,8.097909927E0,-5.343173027E0,9.771712638E0
6.656455759E0,1.176670551E0,8.069195747E0,-5.300700188E0,9.725939342E0
6.658601461E0,1.162313581E0,8.078767776E0,-5.324030399E0,9.744883855E0
6.660760722E0,1.162313581E0,8.083553314E0,-5.324030399E0,9.748851560E0
6.662931600E0,1.180858016E0,8.083553314E0,-5.343173027E0,9.761544849E0
6.665092966E0,1.195214868E0,8.093124390E0,-5.353342533E0,9.776782561E0
6.667250784E0,1.204786181E0,8.093124390E0,-5.391029358E0,9.798641215E0
6.669402568E0,1.195214868E0,8.097909927E0,-5.419743061E0,9.817244961E0
6.671555777E0,1.200000525E0,8.107481003E0,-5.429314613E0,9.831007407E0
6.673718750E0,1.209571838E0,8.112266541E0,-5.434100151E0,9.838769075E0
6.675876394E0,1.219143152E0,8.107481003E0,-5.438885689E0,9.838650099E0
6.678035289E0,1.223928809E0,8.117053032E0,-5.438885689E0,9.847133044E0
6.680187521E0,1.223928809E0,8.126624107E0,-5.424529076E0,9.847108043E0
6.682334351E0,1.228714466E0,8.121838570E0,-5.401198864E0,9.830918073E0
6.684508688E0,1.209571838E0,8.121838570E0,-5.414957523E0,9.836111567E0
6.686664420E0,1.200000525E0,8.126624107E0,-5.391029358E0,9.825742627E0
6.688826102E0,1.204786181E0,8.102695465E0,-5.386243820E0,9.803917892E0
6.690970999E0,1.219143152E0,8.107481003E0,-5.386841774E0,9.809975664E0
6.693108074E0,1.214357495E0,8.107481003E0,-5.372485161E0,9.801505453E0
6.695293316E0,1.214357495E0,8.112266541E0,-5.362913609E0,9.800223208E0
6.697451142E0,1.228714466E0,8.117053032E0,-5.358128071E0,9.803357873E0
6.699615846E0,1.233500123E0,8.131409645E0,-5.377270699E0,9.826310881E0
6.701766154E0,1.257428288E0,8.112266541E0,-5.415555954E0,9.834543234E0
6.703919903E0,1.262213945E0,8.117053032E0,-5.468197823E0,9.868177207E0
6.706081921E0,1.256830096E0,8.097909927E0,-5.510670662E0,9.875386485E0
6.708237978E0,1.252044439E0,8.078767776E0,-5.520241737E0,9.864439817E0
6.710396802E0,1.232901812E0,8.064410210E0,-5.520241737E0,9.850270440E0
6.712549806E0,1.237687469E0,8.050053596E0,-5.510670662E0,9.833754335E0
6.714697837E0,1.200000525E0,8.059624672E0,-5.443671703E0,9.799546557E0
6.716868674E0,1.166501045E0,8.059624672E0,-5.395814896E0,9.768986279E0
6.719026867E0,1.156929731E0,8.059624672E0,-5.333601475E0,9.733619108E0
6.721186637E0,1.138385415E0,8.073982239E0,-5.261816978E0,9.704217045E0
6.723338441E0,1.100100160E0,8.093124390E0,-5.233103275E0,9.700219206E0
6.725482617E0,1.100100160E0,8.073982239E0,-5.233103275E0,9.684254202E0
6.727643638E0,1.085743308E0,8.083553314E0,-5.242674351E0,9.695788109E0
6.729812919E0,1.104885817E0,8.083553314E0,-5.261816978E0,9.708312148E0
6.731973644E0,1.114457130E0,8.088338852E0,-5.304887772E0,9.736789735E0
6.734133852E0,1.104287624E0,8.097909927E0,-5.328815937E0,9.756632392E0
6.736295921E0,1.109073281E0,8.093124390E0,-5.371886730E0,9.776802799E0
6.738437889E0,1.118644595E0,8.097909927E0,-5.381458282E0,9.787114190E0
6.740585248E0,1.123430252E0,8.112266541E0,-5.395814896E0,9.807435054E0
6.742742637E0,1.133001566E0,8.117053032E0,-5.386243820E0,9.807235337E0
6.744915896E0,1.180858016E0,8.126624107E0,-5.371886730E0,9.812930861E0
6.747070976E0,1.190429211E0,8.121838570E0,-5.358128071E0,9.802597609E0
6.749213493E0,1.200000525E0,8.136195183E0,-5.343770981E0,9.807831647E0
6.751388694E0,1.210170031E0,8.117053032E0,-5.329414368E0,9.785382922E0
6.753547324E0,1.214357495E0,8.121838570E0,-5.348556995E0,9.800305496E0
6.755708071E0,1.209571838E0,8.112266541E0,-5.358128071E0,9.797013263E0
6.757856184E0,1.209571838E0,8.107481003E0,-5.386243820E0,9.808462404E0
6.759997103E0,1.233500123E0,8.097909927E0,-5.438885689E0,9.832555379E0
6.762175489E0,1.238285661E0,8.078767776E0,-5.458028316E0,9.828016751E0
6.764332399E0,1.242473125E0,8.073982239E0,-5.491528034E0,9.843262102E0
6.766494978E0,1.242473125E0,8.059624672E0,-5.505885124E0,9.839515248E0
6.768642489E0,1.232901812E0,8.064410210E0,-5.481956482E0,9.828865946E0
6.770785515E0,1.247258782E0,8.064410210E0,-5.472385406E0,9.825343177E0
6.772962750E0,1.228714466E0,8.069195747E0,-5.429314613E0,9.803015680E0
6.775121015E0,1.223928809E0,8.069195747E0,-5.400600910E0,9.786542389E0
6.777282280E0,1.214357495E0,8.064410210E0,-5.367101192E0,9.762947883E0
6.779436751E0,1.204786181E0,8.083553314E0,-5.333601475E0,9.759234018E0
6.781599378E0,1.195214868E0,8.083553314E0,-5.333601475E0,9.758057053E0
6.783749687E0,1.176072359E0,8.083553314E0,-5.347958565E0,9.763587516E0
6.785907494E0,1.176072359E0,8.102695465E0,-5.347958565E0,9.779441743E0
6.788063968E0,1.161715388E0,8.117053032E0,-5.381458282E0,9.807967466E0
6.790223351E0,1.161715388E0,8.112266541E0,-5.376672268E0,9.801380298E0
6.792383843E0,1.152144074E0,8.102695465E0,-5.405386448E0,9.808124817E0
6.794537337E0,1.156929731E0,8.107481003E0,-5.405386448E0,9.812641707E0
6.796694665E0,1.147358418E0,8.112266541E0,-5.381458282E0,9.802315696E0
6.798851088E0,1.147358418E0,8.102695465E0,-5.362315655E0,9.783891573E0
6.801009352E0,1.137787223E0,8.112266541E0,-5.352744102E0,9.785463587E0
6.803163902E0,1.142572761E0,8.117053032E0,-5.324030399E0,9.774319523E0
6.805312869E0,1.157527924E0,8.102695465E0,-5.314459324E0,9.758945773E0
6.807482680E0,1.152742267E0,8.107481003E0,-5.304887772E0,9.757145956E0
6.809640517E0,1.147358418E0,8.093124390E0,-5.324030399E0,9.755018884E0
6.811799777E0,1.176072359E0,8.117053032E0,-5.347958565E0,9.791340916E0
6.813949374E0,1.161715388E0,8.088338852E0,-5.352744102E0,9.768453176E0
6.816092278E0,1.166501045E0,8.083553314E0,-5.376672268E0,9.778198379E0
6.818269597E0,1.185643673E0,8.102695465E0,-5.386243820E0,9.801583913E0
6.820427281E0,1.190429211E0,8.083553314E0,-5.395814896E0,9.791617552E0
6.822591211E0,1.204786181E0,8.088338852E0,-5.414957523E0,9.807879491E0
6.824740432E0,1.209571838E0,8.088338852E0,-5.405386448E0,9.803187852E0
6.826894393E0,1.219143152E0,8.078767776E0,-5.381458282E0,9.783296584E0
6.829056401E0,1.219143152E0,8.078767776E0,-5.386243820E0,9.785929762E0
6.831214197E0,1.214357495E0,8.078767776E0,-5.410171986E0,9.798526105E0
6.833373366E0,1.223928809E0,8.083553314E0,-5.376672268E0,9.785215408E0
6.835522842E0,1.223928809E0,8.088338852E0,-5.395814896E0,9.799696194E0
6.837662633E0,1.200000525E0,8.078767776E0,-5.419743061E0,9.802045954E0
6.839844783E0,1.219143152E0,8.093124390E0,-5.395814896E0,9.803050076E0
6.842001663E0,1.209571838E0,8.093124390E0,-5.419743061E0,9.815056865E0
6.844162918E0,1.195214868E0,8.097909927E0,-5.424529076E0,9.819887956E0
6.846303013E0,1.185643673E0,8.107481003E0,-5.424529076E0,9.826622758E0
6.848471471E0,1.176072359E0,8.097909927E0,-5.414957523E0,9.812291086E0
6.850631007E0,1.166501045E0,8.102695465E0,-5.419743061E0,9.817739726E0
6.852791874E0,1.161715388E0,8.093124390E0,-5.400600910E0,9.798710896E0
6.854947066E0,1.180858016E0,8.097909927E0,-5.376672268E0,9.791791232E0
6.857105443E0,1.171286702E0,8.112266541E0,-5.362315655E0,9.794652120E0
6.859263840E0,1.156929731E0,8.083553314E0,-5.333601475E0,9.753441715E0
6.861419714E0,1.171286702E0,8.078767776E0,-5.338387489E0,9.753808605E0
6.863575811E0,1.147358418E0,8.093124390E0,-5.319244862E0,9.752407888E0
6.865730301E0,1.156929731E0,8.069195747E0,-5.328815937E0,9.738926312E0
6.867878453E0,1.161715388E0,8.064410210E0,-5.343173027E0,9.743397388E0
6.870037603E0,1.161715388E0,8.088338852E0,-5.352744102E0,9.768453176E0
6.872193354E0,1.147358418E0,8.083553314E0,-5.367101192E0,9.770672481E0
6.874367183E0,1.156929731E0,8.088338852E0,-5.376672268E0,9.781018171E0
6.876523159E0,1.166501045E0,8.093124390E0,-5.386243820E0,9.791374243E0
6.878682542E0,1.156929731E0,8.083553314E0,-5.367101192E0,9.771801052E0
6.880831834E0,1.176072359E0,8.093124390E0,-5.371886730E0,9.784629560E0
6.882980159E0,1.176072359E0,8.107481003E0,-5.362315655E0,9.791262614E0
6.885150416E0,1.195214868E0,8.097909927E0,-5.381458282E0,9.796161341E0
6.887308446E0,1.190429211E0,8.097909927E0,-5.352744102E0,9.779833144E0
6.889469509E0,1.190429211E0,8.102695465E0,-5.376672268E0,9.796907685E0
6.891621912E0,1.204786181E0,8.097909927E0,-5.371886730E0,9.792079553E0
6.893767492E0,1.209571838E0,8.093124390E0,-5.376672268E0,9.791339597E0
6.895939073E0,1.204786181E0,8.073982239E0,-5.391029358E0,9.782836832E0
6.898095099E0,1.209571838E0,8.078767776E0,-5.424529076E0,9.805869085E0
6.900256405E0,1.209571838E0,8.097909927E0,-5.400600910E0,9.808450408E0
6.902410670E0,1.200000525E0,8.088338852E0,-5.414957523E0,9.807292777E0
6.904569738E0,1.204786181E0,8.064410210E0,-5.414957523E0,9.788155432E0
6.906725633E0,1.200000525E0,8.083553314E0,-5.395814896E0,9.792785805E0
6.908884010E0,1.190429211E0,8.088338852E0,-5.400600910E0,9.798205819E0
6.911040107E0,1.185643673E0,8.093124390E0,-5.400600910E0,9.801576582E0
6.913195675E0,1.180858016E0,8.083553314E0,-5.391029358E0,9.787821891E0
6.915339199E0,1.176072359E0,8.088338852E0,-5.391029358E0,9.791198554E0
6.917500474E0,1.185643673E0,8.093124390E0,-5.371886730E0,9.785784606E0
6.919670611E0,1.161715388E0,8.097909927E0,-5.362315655E0,9.781623435E0
6.921830959E0,1.171286702E0,8.102695465E0,-5.362315655E0,9.786726497E0
6.923992641E0,1.166501045E0,8.093124390E0,-5.357530117E0,9.775608218E0
6.926159939E0,1.156929731E0,8.097909927E0,-5.343173027E0,9.770574681E0
6.928300483E0,1.161715388E0,8.083553314E0,-5.352744102E0,9.764491090E0
6.930458656E0,1.180858016E0,8.097909927E0,-5.352744102E0,9.778672725E0
6.932610755E0,1.185643673E0,8.088338852E0,-5.376672268E0,9.784456090E0
6.934766324E0,1.180858016E0,8.083553314E0,-5.371886730E0,9.777291388E0
6.936904873E0,1.195214868E0,8.112266541E0,-5.376672268E0,9.805407267E0
6.939087460E0,1.195214868E0,8.102695465E0,-5.386243820E0,9.802746292E0
6.941245216E0,1.185643673E0,8.097909927E0,-5.376672268E0,9.792369519E0
6.943409766E0,1.185643673E0,8.112266541E0,-5.362315655E0,9.796379358E0
6.945556841E0,1.185643673E0,8.117053032E0,-5.367101192E0,9.802962616E0
6.947702024E0,1.185643673E0,8.117053032E0,-5.362315655E0,9.800343363E0
6.949861875E0,1.200000525E0,8.102695465E0,-5.358128071E0,9.787911497E0
6.952032243E0,1.180858016E0,8.117053032E0,-5.371886730E0,9.805005998E0
6.954192776E0,1.176072359E0,8.121838570E0,-5.367101192E0,9.805772950E0
6.956350461E0,1.176072359E0,8.117053032E0,-5.381458282E0,9.809678352E0
6.958504138E0,1.190429211E0,8.102695465E0,-5.381458282E0,9.799535129E0
6.960659534E0,1.195214868E0,8.093124390E0,-5.381458282E0,9.792205789E0
6.962819872E0,1.204786181E0,8.078767776E0,-5.395814896E0,9.789423728E0
6.964978177E0,1.214357495E0,8.083553314E0,-5.405386448E0,9.799831680E0
6.967135170E0,1.200000525E0,8.069195747E0,-5.381458282E0,9.773024840E0
6.969286996E0,1.204786181E0,8.083553314E0,-5.386243820E0,9.788103311E0
6.971428943E0,1.209571838E0,8.078767776E0,-5.391029358E0,9.787377093E0
6.973606992E0,1.195214868E0,8.073982239E0,-5.371886730E0,9.771125565E0
6.975764768E0,1.190429211E0,8.073982239E0,-5.391029358E0,9.781079104E0
6.977928048E0,1.190429211E0,8.078767776E0,-5.386243820E0,9.782394031E0
6.980075926E0,1.176072359E0,8.088338852E0,-5.386243820E0,9.788564454E0
6.982222745E0,1.180858016E0,8.093124390E0,-5.405386448E0,9.803636605E0
6.984394213E0,1.176072359E0,8.083553314E0,-5.386243820E0,9.784610512E0
6.986551776E0,1.176072359E0,8.097909927E0,-5.386243820E0,9.796474564E0
6.988712817E0,1.171286702E0,8.088338852E0,-5.395814896E0,9.793260760E0
6.990863514E0,1.166501045E0,8.107481003E0,-5.391029358E0,9.805874282E0
6.993008766E0,1.171286702E0,8.083553314E0,-5.386243820E0,9.784036448E0
6.995170083E0,1.176072359E0,8.097909927E0,-5.395814896E0,9.801740140E0
6.997339506E0,1.180858016E0,8.102695465E0,-5.362315655E0,9.787876615E0
6.999500965E0,1.171286702E0,8.093124390E0,-5.357530117E0,9.776180434E0
7.001658079E0,1.180858016E0,8.102695465E0,-5.376672268E0,9.795749289E0
7.003813953E0,1.176072359E0,8.093124390E0,-5.362315655E0,9.779378189E0
7.005968667E0,1.166501045E0,8.088338852E0,-5.357530117E0,9.771646690E0
7.008126361E0,1.185643673E0,8.102695465E0,-5.367101192E0,9.791077567E0
7.010283589E0,1.180858016E0,8.097909927E0,-5.371886730E0,9.789164310E0
7.012439858E0,1.190429211E0,8.102695465E0,-5.367101192E0,9.791658221E0
7.014588438E0,1.171286702E0,8.107481003E0,-5.386243820E0,9.803814729E0
7.016757649E0,1.176072359E0,8.107481003E0,-5.400600910E0,9.812282334E0
7.018907754E0,1.190429211E0,8.093124390E0,-5.367101192E0,9.783739536E0
7.021044973E0,1.190429211E0,8.088338852E0,-5.357530117E0,9.774532012E0
7.023199614E0,1.195214868E0,8.097909927E0,-5.362315655E0,9.785658534E0
7.025357289E0,1.195214868E0,8.097909927E0,-5.348556995E0,9.778125879E0
7.027523701E0,1.214955688E0,8.102695465E0,-5.324628353E0,9.771461417E0
7.029693481E0,1.282552958E0,8.073982239E0,-5.110470772E0,9.641112114E0
7.031848651E0,1.307079315E0,8.016553879E0,-4.957928658E0,9.516020649E0
7.034006539E0,1.317248821E0,7.993224144E0,-4.890929699E0,9.462978918E0
7.036159728E0,1.322034478E0,7.959724426E0,-4.857429981E0,9.418047257E0
7.038317891E0,1.336391449E0,7.950153351E0,-4.890929699E0,9.429319897E0
7.040475158E0,1.341177106E0,7.907082558E0,-4.862215519E0,9.378797916E0
7.042632883E0,1.345962763E0,7.835297585E0,-4.847858906E0,9.311564851E0
7.044790567E0,1.345962763E0,7.773084164E0,-4.847858906E0,9.259275843E0
7.046949452E0,1.360319614E0,7.687541008E0,-4.871787071E0,9.202340217E0
7.049107819E0,1.350150228E0,7.630113125E0,-4.909473896E0,9.173029264E0
7.051263754E0,1.340578914E0,7.596613884E0,-4.923830986E0,9.151492004E0
7.053419952E0,1.331007600E0,7.686942577E0,-5.009374142E0,9.271164798E0
7.055577037E0,1.267597795E0,7.720442295E0,-5.204987526E0,9.397017003E0
7.057732310E0,1.218544960E0,7.763513088E0,-5.414359570E0,9.543179598E0
7.059882477E0,1.165304661E0,7.773084164E0,-5.566303730E0,9.631329585E0
7.062050384E0,1.064207911E0,7.829914093E0,-5.751747608E0,9.773571186E0
7.064208556E0,9.720842242E-1,7.782057285E0,-5.889334679E0,9.807631023E0
7.066367717E0,9.002995491E-1,7.695915699E0,-5.879165173E0,9.726368328E0
7.068522136E0,7.854440212E-1,7.596015453E0,-5.845067501E0,9.616713949E0
7.070674449E0,7.429714203E-1,7.471588612E0,-5.749354839E0,9.456834776E0
7.072837555E0,6.951149702E-1,7.352545738E0,-5.615356445E0,9.277679756E0
7.074994578E0,7.004988194E-1,7.314260483E0,-5.486742496E0,9.170247992E0
7.077153687E0,7.298108935E-1,7.285546780E0,-5.443671703E0,9.123890477E0
7.079307485E0,7.495517135E-1,7.338188648E0,-5.305486202E0,9.086199659E0
7.081458192E0,8.027920127E-1,7.400402069E0,-5.191826820E0,9.075543594E0
7.083625062E0,8.703892231E-1,7.491329670E0,-5.106283665E0,9.107784060E0
7.085783204E0,9.852447510E-1,7.520043373E0,-5.164309502E0,9.175611815E0
7.087941987E0,1.099501967E0,7.581658363E0,-5.236692429E0,9.279730368E0
7.090094860E0,1.219143152E0,7.777870178E0,-5.314459324E0,9.498686880E0
7.092245606E0,1.343569875E0,7.992625713E0,-5.434698582E0,9.758237263E0
7.094412120E0,1.467398524E0,8.188239098E0,-5.664409637E0,1.006409730E1
7.096570079E0,1.561915040E0,8.374878883E0,-5.965905190E0,1.040049036E1
7.098731406E0,1.698904037E0,8.527421951E0,-6.334399700E0,1.075768654E1
7.100884258E0,1.793420553E0,8.689535141E0,-6.668796539E0,1.109942456E1
7.103040213E0,1.853839397E0,8.684749603E0,-7.045666218E0,1.133591675E1
7.105198966E0,1.905285001E0,8.459824562E0,-7.326822758E0,1.135258007E1
7.107356884E0,1.938186288E0,8.502895355E0,-7.432106972E0,1.145827254E1
7.109514864E0,1.866401672E0,8.636893272E0,-7.465008259E0,1.156744263E1
7.111671773E0,1.751546144E0,8.751151085E0,-7.536194801E0,1.168095849E1
7.113829632E0,1.617548108E0,8.880363464E0,-7.421339512E0,1.168561497E1
7.115987967E0,1.485344648E0,8.980861664E0,-7.120441914E0,1.155693809E1
7.118144502E0,1.323829174E0,9.119047165E0,-6.843472958E0,1.147792085E1
7.120302247E0,1.156331539E0,9.219545364E0,-6.728617191E0,1.147220156E1
7.122456991E0,1.052243710E0,9.348757744E0,-6.522834301E0,1.144787559E1
7.124616629E0,9.577272534E-1,9.496515274E0,-6.246463299E0,1.140698679E1
7.126780214E0,8.961120844E-1,9.611370087E0,-6.155536175E0,1.144867143E1
7.128960410E0,8.638089895E-1,9.649655342E0,-5.936593056E0,1.136244478E1
7.131105705E0,8.111668825E-1,9.644869804E0,-5.812166214E0,1.128994160E1
7.133263735E0,7.686942816E-1,9.473184586E0,-5.711069584E0,1.108821144E1
7.135408977E0,7.597211599E-1,9.277571678E0,-5.501099110E0,1.081261319E1
7.137554211E0,8.189435601E-1,9.096315384E0,-5.129015446E0,1.047475162E1
7.139731956E0,8.679963946E-1,8.848059654E0,-4.785645485E0,1.009673116E1
7.141889538E0,9.457631707E-1,8.618947029E0,-4.533202648E0,9.784203704E0
7.144052136E0,1.085145116E0,8.422736168E0,-4.452444553E0,9.588758365E0
7.146204185E0,1.141974568E0,8.236693382E0,-4.509274483E0,9.459428109E0
7.148361127E0,1.261017561E0,8.065009117E0,-4.571487427E0,9.355909076E0
7.150520704E0,1.322632670E0,7.954938889E0,-4.743172646E0,9.355645175E0
7.152677004E0,1.374078393E0,7.883154392E0,-4.957928658E0,9.413462231E0
7.154835655E0,1.406979680E0,7.864011765E0,-5.182255745E0,9.522502164E0
7.156991325E0,1.439282775E0,7.892725468E0,-5.416153908E0,9.679946971E0
7.159149356E0,1.438086390E0,7.987840176E0,-5.663811207E0,9.897092529E0
7.161307183E0,1.394417405E0,8.054839134E0,-5.878567219E0,1.006888206E1
7.163464418E0,1.359721422E0,8.145168304E0,-6.126224041E0,1.028218022E1
7.165622215E0,1.267597795E0,8.178668022E0,-6.354738712E0,1.043456367E1
7.167781009E0,1.122832060E0,8.121239662E0,-6.553941250E0,1.049616270E1
7.169933851E0,9.972088337E-1,8.082356453E0,-6.786643028E0,1.060082237E1
7.172082369E0,8.769695163E-1,8.221140862E0,-6.938587666E0,1.079352729E1
7.174251335E0,7.633104324E-1,8.340183258E0,-6.685546398E0,1.071624142E1
7.176408979E0,7.022934556E-1,8.445467949E0,-6.418746948E0,1.063106097E1
7.178569369E0,6.795616150E-1,8.541180611E0,-6.104090691E0,1.052014702E1
7.180718377E0,6.819544435E-1,8.589634895E0,-5.684748173E0,1.032294780E1
7.182859865E0,6.017948985E-1,8.689535141E0,-5.327021599E0,1.021015853E1
7.185040133E0,5.449653864E-1,8.785248756E0,-5.212764263E0,1.022988242E1
7.187196678E0,4.683950245E-1,8.904889107E0,-5.207380295E0,1.032633785E1
7.189360335E0,4.348955154E-1,8.957531929E0,-5.255236626E0,1.039442275E1
7.191507694E0,3.960121572E-1,9.019146919E0,-5.359922886E0,1.049907663E1
7.193655856E0,4.432703853E-1,9.028717995E0,-5.508277893E0,1.058562056E1
7.195825951E0,4.863412082E-1,9.043074608E0,-5.613562107E0,1.065484893E1
7.197983778E0,5.670989752E-1,9.067003250E0,-5.675775528E0,1.071198287E1
7.200144657E0,6.867401004E-1,9.043074608E0,-5.771488190E0,1.074983192E1
7.202301150E0,7.585247755E-1,9.033503532E0,-5.752943993E0,1.073666198E1
7.204462375E0,8.638089895E-1,9.047860146E0,-5.767899036E0,1.076469221E1
7.206614505E0,9.451649189E-1,9.023932457E0,-5.782854080E0,1.075946537E1
7.208770684E0,9.690931439E-1,9.052646637E0,-5.768496990E0,1.077799194E1
7.210926955E0,9.882357717E-1,9.057432175E0,-5.745167255E0,1.077128750E1
7.213084130E0,1.022333503E0,9.100502968E0,-5.702096462E0,1.078787394E1
7.215236983E0,1.027119160E0,9.181859016E0,-5.645267010E0,1.082730568E1
7.217401462E0,1.003789067E0,9.220144272E0,-5.531009674E0,1.079864440E1
7.219559392E0,9.900303483E-1,9.282357216E0,-5.435894966E0,1.080237333E1
7.221717736E0,9.140582681E-1,9.354142189E0,-5.359324455E0,1.081932702E1
7.223874180E0,8.763712645E-1,9.458827972E0,-5.235496044E0,1.084656038E1
7.226030359E0,7.758727670E-1,9.573683739E0,-5.196612358E0,1.092072245E1
7.228188348E0,6.807580590E-1,9.702297211E0,-5.124827862E0,1.099371927E1
7.230345473E0,5.557330847E-1,9.821938515E0,-5.138586521E0,1.109884620E1
7.232504012E0,4.695914388E-1,9.927223206E0,-5.133800983E0,1.118598182E1
7.234661228E0,3.164508045E-1,1.007976532E1,-5.228915691E0,1.135972576E1
7.236808334E0,2.249253243E-1,1.017547798E1,-5.361717224E0,1.150386696E1
7.238980860E0,1.573280841E-1,1.020359421E1,-5.380859852E0,1.153653933E1
7.241133133E0,1.046859920E-1,1.019402313E1,-5.428118229E0,1.154961187E1
7.243293410E0,8.554340899E-2,1.015095139E1,-5.394618511E0,1.149569661E1
7.245444248E0,7.118647546E-2,1.012283611E1,-5.361119270E0,1.145506344E1
7.247591943E0,3.290131316E-2,1.009412193E1,-5.394020557E0,1.144499182E1
7.249746933E0,-1.076770201E-2,1.005583763E1,-5.460421085E0,1.144273502E1
7.251904790E0,-1.495514158E-2,1.000798035E1,-5.364708424E0,1.135517462E1
7.254068425E0,-4.845465720E-2,1.001755238E1,-5.316852093E0,1.134119128E1
7.256238774E0,0.000000000E0,1.002712345E1,-5.231308460E0,1.130972117E1
7.258389694E0,5.982056609E-4,1.006540871E1,-5.179264545E0,1.131977182E1
7.260524002E0,2.033899166E-2,1.013240719E1,-4.974678040E0,1.128775933E1
7.262708053E0,5.982056633E-2,1.016590691E1,-4.717449665E0,1.120729999E1
7.264865107E0,1.794617064E-2,1.027119160E1,-4.555335999E0,1.123604846E1
7.267029953E0,3.828516230E-2,1.040997505E1,-4.336392879E0,1.127711619E1
7.269178919E0,4.845465720E-2,1.053380394E1,-4.127020836E0,1.131351733E1
7.271332790E0,6.819544733E-2,1.062473106E1,-4.084548473E0,1.138301792E1
7.273495193E0,6.400800496E-2,1.077308559E1,-3.932604074E0,1.146860258E1
7.275653620E0,6.520441920E-2,1.084008503E1,-3.760919094E0,1.147415389E1
7.277811142E0,1.130608693E-1,1.092144108E1,-3.699303865E0,1.153150064E1
7.279967739E0,2.003988922E-1,1.102612686E1,-3.571287870E0,1.159179582E1
7.282125677E0,1.674975902E-1,1.117926693E1,-3.442673683E0,1.169854977E1
7.284282344E0,2.398804724E-1,1.126540947E1,-3.329014540E0,1.174943960E1
7.286440110E0,3.062812984E-1,1.133719349E1,-3.496512175E0,1.186808164E1
7.288598069E0,4.061816335E-1,1.133181000E1,-3.644867182E0,1.191049781E1
7.290751898E0,4.636093974E-1,1.137966633E1,-3.621536970E0,1.195103633E1
7.292900813E0,5.114658475E-1,1.139880848E1,-3.707678795E0,1.199755451E1
7.295069565E0,6.017948985E-1,1.136530972E1,-3.841676712E0,1.201211480E1
7.297227230E0,6.825526357E-1,1.134616661E1,-3.927818298E0,1.202618524E1
7.299387579E0,7.597211599E-1,1.134197903E1,-3.832703590E0,1.199613610E1
7.301538916E0,9.272187948E-1,1.135573769E1,-3.909872293E0,1.204573013E1
7.303687526E0,1.204786181E0,1.139402294E1,-3.897309780E0,1.210224327E1
7.305859452E0,1.415354609E0,1.137547874E1,-3.970290899E0,1.213128003E1
7.308014705E0,1.462014675E0,1.145623684E1,-4.247260094E0,1.230536744E1
7.310176205E0,1.424327731E0,1.148495007E1,-4.085146427E0,1.227278326E1
7.312326188E0,1.405185103E0,1.154716396E1,-4.118646145E0,1.233996705E1
7.314476518E0,1.367498159E0,1.160937691E1,-4.070789337E0,1.237816663E1
7.316644385E0,1.429711580E0,1.151844978E1,-3.985246181E0,1.227195778E1
7.318801887E0,1.383051515E0,1.150887871E1,-3.779463291E0,1.219227064E1
7.320962257E0,1.335195065E0,1.146102238E1,-3.760320902E0,1.213580624E1
7.323120388E0,1.234098315E0,1.148016453E1,-3.888336897E0,1.218344533E1
7.325284095E0,1.450050473E0,1.119422245E1,-3.641277790E0,1.186052978E1
7.327431209E0,1.361516118E0,1.126062298E1,-4.170091629E0,1.208490878E1
7.329589342E0,1.284347534E0,1.122712421E1,-4.345963955E0,1.210724037E1
7.331744167E0,1.258026481E0,1.114098263E1,-4.836492538E0,1.221047848E1
7.333904344E0,1.299900889E0,1.111645603E1,-5.098506927E0,1.229878490E1
7.336066413E0,1.241874933E0,1.125523949E1,-5.184648514E0,1.245404551E1
7.338238807E0,1.204187989E0,1.145085239E1,-5.136792183E0,1.260788337E1
7.340378018E0,1.190429211E0,1.144606686E1,-5.060820103E0,1.257145450E1
7.342534329E0,1.186840057E0,1.126959610E1,-4.645665169E0,1.224722787E1
7.344687670E0,1.243071318E0,1.115952682E1,-4.941178799E0,1.226766128E1
7.346843757E0,1.241874933E0,1.101655579E1,-5.193621635E0,1.224256756E1
7.348986946E0,1.299900889E0,1.089691448E1,-5.041079044E0,1.207662890E1
7.351163765E0,1.372283816E0,1.077787113E1,-4.917250633E0,1.192581330E1
7.353321356E0,1.357926846E0,1.074915791E1,-4.864608288E0,1.187656410E1
7.355483995E0,1.368694544E0,1.068694401E1,-4.673780918E0,1.174428904E1
7.357633847E0,1.380658627E0,1.088315582E1,-4.173680782E0,1.173750017E1
7.359779783E0,1.326221943E0,1.106022453E1,-3.449253798E0,1.166125135E1
7.361952400E0,1.326820135E0,1.111765194E1,-3.344567776E0,1.168540842E1
7.364108477E0,1.231705427E0,1.139940739E1,-3.268595695E0,1.192255446E1
7.366269762E0,9.463613629E-1,1.165723324E1,-2.871985435E0,1.204304724E1
7.368427721E0,9.236295223E-1,1.185823059E1,-2.633899450E0,1.218228840E1
7.370598529E0,9.068797827E-1,1.205922794E1,-2.167299032E0,1.228595111E1
7.372738949E0,8.985049129E-1,1.205444241E1,-1.919043779E0,1.223926558E1
7.374893969E0,1.129412293E0,1.199282742E1,-1.729412556E0,1.216940218E1
7.377037484E0,8.745766878E-1,1.214058399E1,-1.914258122E0,1.232164957E1
7.379212878E0,7.064808607E-1,1.220219898E1,-2.070987940E0,1.239684501E1
7.381368030E0,7.776673436E-1,1.222612762E1,-2.147558212E0,1.243764324E1
7.383515978E0,6.155536175E-1,1.234576797E1,-2.051845312E0,1.253024191E1
7.385683154E0,5.389832854E-1,1.246959686E1,-2.046461582E0,1.264789919E1
7.387840178E0,3.667000830E-1,1.257009602E1,-2.055434704E0,1.274231512E1
7.390001819E0,2.309073806E-1,1.258864021E1,-2.407777786E0,1.281891472E1
7.392153603E0,3.469592705E-2,1.263649654E1,-2.416152716E0,1.286545929E1
7.394300688E0,-8.554340899E-2,1.254078388E1,-2.434098721E0,1.277510918E1
7.396471770E0,-1.375873014E-2,1.239781189E1,-2.391027927E0,1.262627988E1
7.398628030E0,-2.045863420E-1,1.245045471E1,-2.276172638E0,1.265846120E1
7.400789010E0,-9.930214286E-2,1.240259838E1,-2.333600283E0,1.262061796E1
7.402937325E0,-8.015955985E-2,1.236909866E1,-2.280958176E0,1.257790911E1
7.405078337E0,-2.141576260E-1,1.246481133E1,-2.233101845E0,1.266507516E1
7.407258400E0,-7.477571070E-2,1.242174053E1,-2.100300074E0,1.259827328E1
7.409416584E0,-7.776673883E-2,1.237866974E1,-1.819143414E0,1.251186616E1
7.411578877E0,-1.878365725E-1,1.234098244E1,-1.689332843E0,1.245748673E1
7.413725757E0,-3.218346536E-1,1.228834057E1,-1.650449395E0,1.240285752E1
7.415864602E0,-3.840480447E-1,1.232184029E1,-1.726421595E0,1.244812325E1
7.418045561E0,-5.910272002E-1,1.229731369E1,-1.872981906E0,1.245316419E1
7.420202798E0,-6.681957245E-1,1.219262791E1,-1.996212244E0,1.237301597E1
7.422366931E0,-5.389832854E-1,1.204427242E1,-2.039283037E0,1.222757852E1
7.424512297E0,-7.316055298E-1,1.212562847E1,-2.186441660E0,1.234287809E1
7.426652882E0,-7.274180651E-1,1.212503052E1,-2.371885538E0,1.237624107E1
7.428832875E0,-3.834498227E-1,1.197727394E1,-2.569293261E0,1.225574937E1
7.430991251E0,-1.202393398E-1,1.183908844E1,-2.517847538E0,1.210446318E1
7.433153268E0,-4.785645287E-3,1.187677479E1,-2.523829699E0,1.214197342E1
7.435307575E0,1.256231815E-1,1.178166008E1,-2.209771633E0,1.198775984E1
7.437472066E0,1.022931710E-1,1.171944714E1,-2.080559254E0,1.190313538E1
7.439620310E0,7.896314561E-2,1.171047401E1,-1.865803480E0,1.185844254E1
7.441778186E0,1.806581169E-1,1.164347458E1,-1.713859200E0,1.177032077E1
7.443934722E0,1.908276081E-1,1.159561825E1,-1.580459356E0,1.170438505E1
7.446089670E0,1.381855011E-1,1.160997581E1,-1.541576028E0,1.171268929E1
7.448238759E0,1.860419661E-1,1.156211948E1,-1.518245935E0,1.166285940E1
7.450407145E0,1.812563092E-1,1.149571800E1,-1.565504193E0,1.160324048E1
7.452564910E0,1.710868180E-1,1.145264721E1,-1.631905079E0,1.156959433E1
7.454725260E0,1.944168359E-1,1.141914749E1,-1.718046665E0,1.154930351E1
7.456878499E0,2.566302419E-1,1.137607670E1,-1.789831281E0,1.151887478E1
7.459029195E0,2.464607358E-1,1.138564873E1,-1.875374794E0,1.154169704E1
7.461182810E0,2.943171859E-1,1.145204926E1,-1.928615093E0,1.161703968E1
7.463352559E0,3.667000830E-1,1.143350506E1,-1.804786444E0,1.158087911E1
7.465512075E0,3.517449200E-1,1.165783215E1,-1.981855392E0,1.183032230E1
7.467670817E0,3.900300860E-1,1.178644657E1,-1.977667928E0,1.195757570E1
7.469824036E0,4.241278172E-1,1.188215923E1,-1.958525300E0,1.204995493E1
7.471969970E0,4.432703853E-1,1.199222851E1,-1.992623091E0,1.216472688E1
7.474139709E0,4.528416991E-1,1.208315659E1,-1.978266120E0,1.225239877E1
7.476296885E0,4.624129832E-1,1.215912819E1,-1.954936147E0,1.232396038E1
7.478458648E0,3.523431420E-1,1.231226921E1,-1.921436548E0,1.246627600E1
7.480610942E0,4.055834413E-1,1.237926769E1,-1.840678811E0,1.252193535E1
7.482764882E0,4.163511395E-1,1.248873997E1,-1.674377680E0,1.260735955E1
7.484926605E0,3.834498227E-1,1.258923817E1,-1.569093466E0,1.269243892E1
7.487084412E0,3.355933726E-1,1.267059422E1,-1.459621787E0,1.275880388E1
7.489243033E0,2.889333367E-1,1.269930840E1,-1.307079315E0,1.276966611E1
7.491396943E0,2.943171859E-1,1.267059422E1,-1.144965649E0,1.272562481E1
7.493547465E0,2.225325108E-1,1.260897923E1,-1.039083242E0,1.265367819E1
7.495715363E0,1.513460279E-1,1.247019482E1,-9.385846853E-1,1.250638259E1
7.497872030E0,9.332008660E-2,1.235534000E1,-9.523434043E-1,1.239234010E1
7.500030223E0,3.649054468E-2,1.222194004E1,-8.847461939E-1,1.225397592E1
7.502178538E0,-1.136590727E-2,1.208794212E1,-8.315058947E-1,1.211651254E1
7.504351258E0,-4.007977992E-2,1.194497108E1,-7.453642488E-1,1.196827091E1
7.506493613E0,-7.776673883E-2,1.178225899E1,-6.257231236E-1,1.179911878E1
7.508661653E0,-1.208375469E-1,1.161535931E1,-5.724828243E-1,1.163008642E1
7.510814912E0,-1.734796464E-1,1.143829060E1,-5.575276613E-1,1.145318401E1
7.512974813E0,-1.932204217E-1,1.128096199E1,-5.952146053E-1,1.129830598E1
7.515118968E0,-1.890329868E-1,1.112303638E1,-6.376872063E-1,1.114290433E1
7.517290539E0,-1.645065546E-1,1.098485088E1,-5.802595019E-1,1.100139593E1
7.519445914E0,-1.112662554E-1,1.088913727E1,-4.755735099E-1,1.090008536E1
7.521607250E0,-6.340979785E-2,1.082273674E1,-3.517449200E-1,1.082863684E1
7.523755219E0,-5.982056609E-4,1.076052380E1,-2.327020019E-1,1.076303967E1
7.525889894E0,4.785645381E-2,1.072702408E1,-1.519442350E-1,1.072820688E1
7.528050589E0,9.571290761E-2,1.067438221E1,-9.511470050E-2,1.067523505E1
7.530218925E0,1.202393398E-1,1.063190937E1,-5.682953820E-2,1.063274113E1
7.532380962E0,1.633101404E-1,1.060798073E1,-7.597211748E-2,1.060950975E1
7.534539034E0,1.914258152E-1,1.057926750E1,-1.621137410E-1,1.058224105E1
7.536692649E0,2.243271172E-1,1.057448101E1,-2.620140910E-1,1.058010504E1
7.538850536E0,2.476571500E-1,1.056490993E1,-3.912265003E-1,1.057505150E1
7.541007784E0,2.662015259E-1,1.056909752E1,-5.054838061E-1,1.058452642E1
7.543165641E0,2.949153781E-1,1.057866859E1,-5.868397355E-1,1.059903699E1
7.545320996E0,3.230310678E-1,1.054038334E1,-6.538388133E-1,1.056558258E1
7.547471702E0,3.565305769E-1,1.052183914E1,-6.921239495E-1,1.055060418E1
7.549638552E0,3.708875179E-1,1.048833942E1,-6.873382926E-1,1.051737873E1
7.551796367E0,3.852444589E-1,1.043569756E1,-6.490531564E-1,1.046295688E1
7.553955049E0,4.043870270E-1,1.038305569E1,-6.251249313E-1,1.040971447E1
7.556110231E0,4.145565331E-1,1.033998489E1,-6.059823632E-1,1.036601946E1
7.558267662E0,4.193421602E-1,1.031605625E1,-5.485545993E-1,1.033913810E1
7.560425519E0,4.193421602E-1,1.030648518E1,-4.917250574E-1,1.032672640E1
7.562583081E0,3.960121572E-1,1.030648518E1,-4.486542344E-1,1.032384390E1
7.564741264E0,3.960121572E-1,1.033998489E1,-4.295116663E-1,1.035647592E1
7.566897809E0,4.055834413E-1,1.043091202E1,-3.870390654E-1,1.044596681E1
7.569053531E0,4.109672904E-1,1.050748253E1,-3.726821244E-1,1.052211838E1
7.571202070E0,4.301098585E-1,1.057448101E1,-3.397808075E-1,1.058867764E1
7.573367495E0,4.396811724E-1,1.063190937E1,-2.967100143E-1,1.064513284E1
7.575517082E0,4.498506486E-1,1.063190937E1,-2.781656384E-1,1.064505700E1
7.577687533E0,4.689932466E-1,1.057448101E1,-2.733799815E-1,1.058840592E1
7.579839318E0,4.546363056E-1,1.052662468E1,-1.920240223E-1,1.053818744E1
7.581989942E0,4.504488707E-1,1.044526863E1,-1.202393398E-1,1.045566825E1
7.584157718E0,4.504488707E-1,1.038843918E1,-1.974078640E-2,1.039821920E1
7.586316013E0,4.414757788E-1,1.028794098E1,1.184447184E-1,1.029809009E1
7.588475599E0,4.181457460E-1,1.019222832E1,2.380858511E-1,1.020358020E1
7.590630160E0,4.187439680E-1,1.012582684E1,3.481557071E-1,1.014045995E1
7.592786979E0,4.043870270E-1,1.004925728E1,4.432703853E-1,1.006715398E1
7.594944694E0,3.900300860E-1,9.953543663E0,4.869394004E-1,9.973077003E0
7.597102379E0,3.517449200E-1,9.906285286E0,4.917250574E-1,9.924716932E0
7.599260715E0,2.895315289E-1,9.853643417E0,5.018945336E-1,9.870664376E0
7.601415735E0,2.416750938E-1,9.786644936E0,5.258227587E-1,9.803739874E0
7.603568739E0,1.794617027E-1,9.738788605E0,5.216353536E-1,9.754399696E0
7.605731886E0,1.172483116E-1,9.681360245E0,5.030909777E-1,9.695131969E0
7.607889550E0,4.007977992E-2,9.590433121E0,5.036891699E-1,9.603734514E0
7.610048476E0,-3.170489892E-2,9.504889488E0,4.857429862E-1,9.517346039E0
7.612203443E0,-1.226321608E-1,9.404391289E0,4.767699242E-1,9.417267317E0
7.614358056E0,-1.992024779E-1,9.318249702E0,5.060819983E-1,9.334108320E0
7.616520705E0,-2.811566591E-1,9.227322578E0,4.971089065E-1,9.244979627E0
7.618677260E0,-3.816552162E-1,9.155537605E0,5.168496966E-1,9.178053342E0
7.620836450E0,-4.821537733E-1,9.074779510E0,5.270192027E-1,9.102848162E0
7.622991499E0,-5.587241054E-1,9.026923180E0,5.324030519E-1,9.059854730E0
7.625149448E0,-6.358926296E-1,9.017352104E0,5.042873621E-1,9.053800536E0
7.627306899E0,-7.268198729E-1,9.007781029E0,5.048855543E-1,9.051148856E0
7.629468123E0,-7.794619799E-1,9.046066284E0,4.624129832E-1,9.091353143E0
7.631638248E0,-8.183453679E-1,9.126823425E0,4.145565331E-1,9.172810480E0
7.633796411E0,-8.422735929E-1,9.208179474E0,3.714857101E-1,9.254079947E0
7.635945266E0,-8.614161611E-1,9.289535522E0,3.337987661E-1,9.335359106E0
7.638077193E0,-8.422735929E-1,9.303294182E0,2.763710022E-1,9.345431417E0
7.640270075E0,-8.428717852E-1,9.351150513E0,2.380858511E-1,9.392078238E0
7.642443506E0,-8.141579032E-1,9.346364975E0,2.141576260E-1,9.384202408E0
7.644587142E0,-7.752745152E-1,9.370293617E0,2.374876440E-1,9.405309853E0
7.646731481E0,-7.082754970E-1,9.375079155E0,2.656033039E-1,9.405546686E0
7.648867874E0,-6.699903607E-1,9.365508080E0,2.943171859E-1,9.394054038E0
7.651054123E0,-6.023930907E-1,9.366106033E0,3.320041299E-1,9.391328256E0
7.653209782E0,-5.258227587E-1,9.351749420E0,3.744767308E-1,9.374003393E0
7.655373427E0,-4.636093974E-1,9.346963882E0,4.073780477E-1,9.367316818E0
7.657523859E0,-3.870390654E-1,9.332606316E0,3.924229145E-1,9.348868147E0
7.659678563E0,-3.152543902E-1,9.289535522E0,3.780659735E-1,9.302568970E0
7.661826318E0,-2.530409992E-1,9.256035805E0,3.110669553E-1,9.264717547E0
7.663996769E0,-2.153540403E-1,9.155537605E0,2.488535494E-1,9.161450447E0
7.666154505E0,-1.968096644E-1,9.069993973E0,1.489532143E-1,9.073351738E0
7.668312820E0,-1.920240223E-1,9.002995491E0,5.862415582E-2,9.005233913E0
7.670456884E0,-2.021935135E-1,8.950352669E0,-1.734796353E-2,8.952653018E0
7.672628005E0,-1.974078715E-1,8.888139725E0,-4.606183618E-2,8.890451019E0
7.674784480E0,-2.213360965E-1,8.854640007E0,-4.127619043E-2,8.857502077E0
7.676944911E0,-2.410768867E-1,8.816354752E0,-5.024927482E-2,8.819793317E0
7.679102311E0,-2.410768867E-1,8.782855988E0,-8.374879509E-2,8.786563106E0
7.681263565E0,-2.650051117E-1,8.744570732E0,-1.549352705E-1,8.749957139E0
7.683387873E0,-3.182454109E-1,8.672785759E0,-2.590230405E-1,8.682487311E0
7.685572586E0,-3.810569942E-1,8.596813202E0,-3.445664644E-1,8.612150005E0
7.687725693E0,-4.438686073E-1,8.539385796E0,-3.726821244E-1,8.559031550E0
7.689896642E0,-5.252245665E-1,8.467600822E0,-3.672982752E-1,8.491821510E0
7.692051936E0,-5.682953596E-1,8.405387878E0,-3.188436031E-1,8.430608889E0
7.694195257E0,-6.592226624E-1,8.328817368E0,-2.518445849E-1,8.358660117E0
7.696358506E0,-7.447660565E-1,8.252845764E0,-1.411765367E-1,8.287585324E0
7.698513790E0,-8.213363886E-1,8.185846329E0,-1.118644550E-1,8.227708505E0
7.700675645E0,-8.548358679E-1,8.161917686E0,-9.272187948E-2,8.207084868E0
7.702824693E0,-8.883354068E-1,8.195417404E0,-7.836493850E-2,8.243794471E0
7.704958298E0,-9.218349457E-1,8.280961037E0,-6.400800496E-2,8.332358153E0
7.707147274E0,-9.218349457E-1,8.371888161E0,-6.879365444E-2,8.422768168E0
7.709303493E0,-9.260223508E-1,8.448458672E0,-5.503492057E-2,8.499235269E0
7.711468858E0,-9.212366939E-1,8.505886078E0,-1.196411345E-2,8.555636631E0
7.713615810E0,-8.973084688E-1,8.558527946E0,6.580262445E-3,8.605440512E0
7.715766058E0,-8.871390224E-1,8.601598740E0,6.340979785E-2,8.647458432E0
7.717934079E0,-8.530412912E-1,8.639883995E0,1.489532143E-1,8.683171192E0
7.720093208E0,-8.093722463E-1,8.630312920E0,2.727817893E-1,8.672473374E0
7.722251481E0,-7.848458290E-1,8.577671051E0,3.822534084E-1,8.621980127E0
7.724404048E0,-7.704889178E-1,8.501100540E0,4.588237405E-1,8.548267824E0
7.726550829E0,-7.657032609E-1,8.405985832E0,5.018945336E-1,8.455696152E0
7.728720863E0,-7.465606928E-1,8.319844246E0,4.875376225E-1,8.367487919E0
7.730878110E0,-7.232306600E-1,8.228917122E0,4.307080805E-1,8.271858862E0
7.733038844E0,-7.184450030E-1,8.166703224E0,3.924229145E-1,8.207630628E0
7.735190965E0,-6.753742099E-1,8.109873772E0,3.780659735E-1,8.146724299E0
7.737341895E0,-6.466603279E-1,8.057231903E0,3.876372576E-1,8.092429682E0
7.739508705E0,-6.179464459E-1,8.004590034E0,4.307080805E-1,8.039952045E0
7.741666673E0,-6.173482537E-1,7.956733704E0,5.066801906E-1,7.996715258E0
7.743825293E0,-6.125625968E-1,7.889734268E0,5.976074338E-1,7.936011240E0
7.745980455E0,-5.976074338E-1,7.842476368E0,7.022934556E-1,7.896504690E0
7.748137733E0,-6.065805554E-1,7.775477409E0,7.692924738E-1,7.836950926E0
7.750295713E0,-5.874379873E-1,7.737192154E0,7.980063558E-1,7.800387167E0
7.752453294E0,-5.730810165E-1,7.703692436E0,7.884350419E-1,7.765109711E0
7.754604224E0,-5.826523304E-1,7.665407181E0,7.884350419E-1,7.727844512E0
7.756735694E0,-5.880361795E-1,7.622336388E0,7.268198729E-1,7.679457382E0
7.758914731E0,-5.880361795E-1,7.607979774E0,6.933203340E-1,7.662103881E0
7.761082700E0,-6.029912829E-1,7.551149845E0,6.364908218E-1,7.601880230E0
7.763247911E0,-6.269195080E-1,7.508079052E0,5.892325640E-1,7.557213384E0
7.765400520E0,-6.370890141E-1,7.479365349E0,5.557330847E-1,7.526993271E0
7.767555356E0,-6.466603279E-1,7.474579811E0,5.413761139E-1,7.522007779E0
7.769709318E0,-6.562315822E-1,7.503293514E0,5.461617708E-1,7.551711470E0
7.771856279E0,-6.610172391E-1,7.522436142E0,5.222335458E-1,7.569459504E0
7.774028084E0,-6.562315822E-1,7.574480057E0,5.126622319E-1,7.620118804E0
7.776186165E0,-6.520441771E-1,7.607979774E0,4.079762697E-1,7.646761569E0
7.778346067E0,-6.568298340E-1,7.631907940E0,3.218346536E-1,7.666878229E0
7.780493335E0,-6.478567123E-1,7.641479015E0,2.267199457E-1,7.672243596E0
7.782630459E0,-6.478567123E-1,7.655836105E0,1.645065546E-1,7.684959805E0
7.784815142E0,-6.532405615E-1,7.660621643E0,1.310070455E-1,7.689539000E0
7.786973132E0,-6.340979934E-1,7.646264553E0,7.896314561E-2,7.672918419E0
7.789138873E0,-6.436693072E-1,7.651050568E0,7.417750359E-2,7.678436512E0
7.791280750E0,-6.675975323E-1,7.636693478E0,1.172483116E-1,7.666715131E0
7.793418424E0,-6.813562512E-1,7.641479015E0,1.692921966E-1,7.673663254E0
7.795602100E0,-7.052844763E-1,7.670193195E0,2.315055877E-1,7.706029113E0
7.797759957E0,-7.381857634E-1,7.660621643E0,3.224328458E-1,7.702856945E0
7.799924019E0,-7.668996453E-1,7.674978733E0,3.990031779E-1,7.723511970E0
7.802079852E0,-7.950153351E-1,7.670193195E0,5.228317380E-1,7.728988683E0
7.804252643E0,-7.992027402E-1,7.679764271E0,6.137589812E-1,7.745592577E0
7.806390745E0,-7.986045480E-1,7.698906898E0,7.136593461E-1,7.773046142E0
7.808547453E0,-8.321040869E-1,7.646264553E0,8.045865893E-1,7.733376908E0
7.810700712E0,-8.554341197E-1,7.612765312E0,8.668000102E-1,7.709559358E0
7.812861967E0,-8.841479421E-1,7.565506935E0,9.242277741E-1,7.672861901E0
7.815019804E0,-9.224331379E-1,7.517650604E0,9.720842242E-1,7.636157492E0
7.817177093E0,-9.559326172E-1,7.460222721E0,1.019940615E0,7.590059886E0
7.819334624E0,-9.655039310E-1,7.407580853E0,1.039083242E0,7.542157908E0
7.821492238E0,-9.888339639E-1,7.364510059E0,1.077966571E0,7.508382845E0
7.823648700E0,-1.007976532E0,7.359724045E0,1.121037364E0,7.512541479E0
7.825796680E0,-1.040877819E0,7.350152969E0,1.206580877E0,7.520905047E0
7.827952819E0,-1.074377418E0,7.359724045E0,1.278365493E0,7.546790257E0
7.830121642E0,-1.131805062E0,7.378866673E0,1.331007600E0,7.582891091E0
7.832280811E0,-1.179661512E0,7.383652687E0,1.336391449E0,7.595779775E0
7.834434884E0,-1.227517962E0,7.412366390E0,1.298106313E0,7.624634801E0
7.836581501E0,-1.275374413E0,7.441080093E0,1.250848055E0,7.652507674E0
7.838748992E0,-1.328614831E0,7.488936901E0,1.170090318E0,7.695356043E0
7.840898172E0,-1.338784218E0,7.546364307E0,1.088734269E0,7.741143310E0
7.843071044E0,-1.357926846E0,7.588837147E0,1.055832982E0,7.781336508E0
7.845225250E0,-1.381855130E0,7.607979774E0,9.888339639E-1,7.795426381E0
7.847381408E0,-1.372882009E0,7.598408222E0,9.314061999E-1,7.777411525E0
7.849532033E0,-1.372882009E0,7.593622684E0,8.841479421E-1,7.767214949E0
7.851717976E0,-1.372882009E0,7.564908981E0,8.745766878E-1,7.738057721E0
7.853854044E0,-1.378265858E0,7.517052174E0,8.410771489E-1,7.688504466E0
7.856015177E0,-1.368694544E0,7.502695560E0,7.746763229E-1,7.665760812E0
7.858159210E0,-1.350150228E0,7.497909546E0,6.981059909E-1,7.650418627E0
7.860300679E0,-1.335793257E0,7.526623726E0,6.598208547E-1,7.672663937E0
7.862485055E0,-1.307079315E0,7.564908981E0,5.976074338E-1,7.700223300E0
7.864640848E0,-1.278963685E0,7.579265594E0,5.401797295E-1,7.705375344E0
7.866805480E0,-1.250249863E0,7.593622684E0,5.162515044E-1,7.713154077E0
7.868949738E0,-1.221535921E0,7.569694519E0,4.875376225E-1,7.683106016E0
7.871088532E0,-1.202393413E0,7.517052174E0,5.018945336E-1,7.629136348E0
7.873271576E0,-1.159322619E0,7.483552933E0,5.066801906E-1,7.589750869E0
7.875429840E0,-1.140179992E0,7.459624767E0,5.162515044E-1,7.563896330E0
7.877592895E0,-1.121037364E0,7.464410305E0,5.252245665E-1,7.566373426E0
7.879741486E0,-1.101894855E0,7.450053215E0,5.060819983E-1,7.548084801E0
7.881887013E0,-1.111466169E0,7.493124008E0,4.630111754E-1,7.589245272E0
7.884051391E0,-1.140179992E0,7.536194801E0,4.492524564E-1,7.635186328E0
7.886202871E0,-1.154536963E0,7.607979774E0,4.348955154E-1,7.707363100E0
7.888376760E0,-1.164108157E0,7.679764271E0,4.534398913E-1,7.780715571E0
7.890527721E0,-1.183250785E0,7.794021606E0,4.677968323E-1,7.897195015E0
7.892673614E0,-1.197009563E0,7.865806103E0,5.060819983E-1,7.972443573E0
7.894842347E0,-1.206580877E0,7.947162151E0,5.820540786E-1,8.059281024E0
7.897004629E0,-1.220339537E0,7.999804497E0,6.388836503E-1,8.117528743E0
7.899165253E0,-1.258624673E0,8.023732185E0,7.010970116E-1,8.152051967E0
7.901316081E0,-1.268195987E0,8.052446365E0,7.250252366E-1,8.183878978E0
7.903459463E0,-1.301097274E0,8.052446365E0,7.489534616E-1,8.191195143E0
7.905620688E0,-1.320239902E0,8.052446365E0,7.537391186E-1,8.194696366E0
7.907791586E0,-1.325025558E0,8.038089752E0,7.824530005E-1,8.184058424E0
7.909952546E0,-1.334596872E0,8.052446365E0,7.680960894E-1,8.198354279E0
7.912109202E0,-1.320239902E0,8.042875290E0,8.015955687E-1,8.189837104E0
7.914257508E0,-1.339382529E0,8.023732185E0,8.303094506E-1,8.177018865E0
7.916394135E0,-1.353739381E0,7.990232944E0,8.494520187E-1,8.148496889E0
7.918578208E0,-1.353739381E0,7.956733704E0,8.685946465E-1,8.117676897E0
7.920735353E0,-1.363310695E0,7.942376614E0,8.973084688E-1,8.108336748E0
7.922899649E0,-1.377069473E0,7.918448448E0,9.260223508E-1,8.090467450E0
7.925051088E0,-1.391426325E0,7.889734268E0,9.643075466E-1,8.069316147E0
7.927207063E0,-1.396211982E0,7.894520283E0,1.012163997E0,8.080676602E0
7.929353212E0,-1.396211982E0,7.899305820E0,1.040877819E0,8.088996661E0
7.931524955E0,-1.390828133E0,7.875377655E0,1.074377418E0,8.069093068E0
7.933679882E0,-1.400997639E0,7.856235027E0,1.050449133E0,8.049016497E0
7.935834382E0,-1.391426325E0,7.828119278E0,1.026520967E0,8.016811333E0
7.937967805E0,-1.377069473E0,7.823333740E0,9.882357717E-1,8.004841103E0
7.940152630E0,-1.392024517E0,7.794619560E0,9.026923180E-1,7.969233324E0
7.942310518E0,-1.377667665E0,7.794619560E0,8.596215248E-1,7.961972837E0
7.944472536E0,-1.392024517E0,7.822735310E0,8.261220455E-1,7.988454019E0
7.946611584E0,-1.430309772E0,7.861020565E0,8.219345808E-1,8.032247931E0
7.948776206E0,-1.449452281E0,7.918448448E0,7.980063558E-1,8.089471669E0
7.950940015E0,-1.473380566E0,7.961519241E0,8.171489239E-1,8.137835786E0
7.953100639E0,-1.502094388E0,8.009375572E0,8.171489239E-1,8.189878935E0
7.955256747E0,-1.530808330E0,8.033304214E0,8.506484628E-1,8.221979905E0
7.957412284E0,-1.559522152E0,8.047660828E0,8.650053740E-1,8.242887142E0
7.959569003E0,-1.588235974E0,8.085348129E0,8.793623447E-1,8.286653487E0
7.961728741E0,-1.602592945E0,8.128418922E0,8.889335990E-1,8.332448696E0
7.963885266E0,-1.621735573E0,8.161917686E0,8.889335990E-1,8.368818885E0
7.966043866E0,-1.650449395E0,8.195417404E0,8.410771489E-1,8.402158080E0
7.968196485E0,-1.683948994E0,8.190631866E0,7.890332937E-1,8.399089720E0
7.970341667E0,-1.712662816E0,8.176275253E0,8.033902049E-1,8.392265890E0
7.972503145E0,-1.707877159E0,8.128418922E0,8.703892231E-1,8.351384075E0
7.974672243E0,-1.707877159E0,8.085348129E0,9.086744189E-1,8.313566501E0
7.976833336E0,-1.703091502E0,8.033304214E0,9.086744189E-1,8.261972311E0
7.978991519E0,-1.683948994E0,7.975875854E0,9.278169870E-1,8.204335697E0
7.981142988E0,-1.649851203E0,7.951947689E0,9.750752449E-1,8.179624244E0
7.983290529E0,-1.606780410E0,7.913662910E0,1.018146038E0,8.139067840E0
7.985459424E0,-1.549352646E0,7.899305820E0,1.060618639E0,8.119386551E0
7.987616905E0,-1.500898004E0,7.913662910E0,1.088734269E0,8.127982393E0
7.989777529E0,-1.453041553E0,7.913662910E0,1.079162955E0,8.118003640E0
7.991925030E0,-1.424327731E0,7.908876896E0,1.107876897E0,8.112116522E0
7.994061526E0,-1.352542996E0,7.889734268E0,1.131206870E0,8.084361964E0
7.996249474E0,-1.285543919E0,7.861020565E0,1.149751306E0,8.047993263E0
7.998405338E0,-1.228116274E0,7.856832981E0,1.149751306E0,8.034925148E0
8.000570184E0,-1.174875975E0,7.847261906E0,1.153938770E0,8.018193541E0
8.002722181E0,-1.112662554E0,7.832904816E0,1.144367456E0,7.993872196E0
8.004890841E0,-1.083948612E0,7.847261906E0,1.138983607E0,8.003233576E0
8.007034376E0,-1.040877819E0,7.828119278E0,1.134197950E0,7.978050078E0
8.009187789E0,-1.016949654E0,7.804191113E0,1.153340459E0,7.954230304E0
8.011326186E0,-9.738788009E-1,7.804191113E0,1.119840980E0,7.944046995E0
8.013492923E0,-9.499505758E-1,7.775477409E0,1.119840980E0,7.912932381E0
8.015656731E0,-9.164510965E-1,7.794619560E0,1.138385415E0,7.930441227E0
8.017826837E0,-8.925228715E-1,7.823333740E0,1.180858016E0,7.962133730E0
8.019976332E0,-9.020941257E-1,7.856832981E0,1.147956610E0,7.991332973E0
8.022109704E0,-9.170492887E-1,7.913662910E0,1.037886858E0,8.033943564E0
8.024266035E0,-9.553344250E-1,7.966304779E0,9.571290612E-1,8.080270524E0
8.026427351E0,-9.702895880E-1,8.023732185E0,8.949156404E-1,8.131581277E0
8.028588678E0,-9.990034699E-1,8.076375008E0,8.901300430E-1,8.186462770E0
8.030757583E0,-1.003789067E0,8.138587952E0,9.044869542E-1,8.249988060E0
8.032912612E0,-1.041476011E0,8.219346046E0,9.236295223E-1,8.336390898E0
8.035069401E0,-1.046261668E0,8.286344528E0,9.284151793E-1,8.403578039E0
8.037215326E0,-1.060618639E0,8.358129501E0,9.373882413E-1,8.477142052E0
8.039383325E0,-1.103689432E0,8.429914474E0,9.188438654E-1,8.551366117E0
8.041540532E0,-1.122832060E0,8.472386360E0,9.427721500E-1,8.598308078E0
8.043700790E0,-1.137188911E0,8.534600258E0,9.517452121E-1,8.662471883E0
8.045855250E0,-1.141376376E0,8.572885513E0,1.004387259E0,8.706658361E0
8.048011367E0,-1.141974568E0,8.601598740E0,9.852447510E-1,8.732829668E0
8.050171096E0,-1.161117196E0,8.620741844E0,9.852447510E-1,8.754204150E0
8.052329196E0,-1.180259824E0,8.644669533E0,9.756734371E-1,8.779251861E0
8.054486067E0,-1.199402332E0,8.649456024E0,9.613165259E-1,8.784974953E0
8.056640813E0,-1.213759303E0,8.649456024E0,9.667003751E-1,8.787537242E0
8.058791570E0,-1.217946768E0,8.668598175E0,1.009172916E0,8.811720526E0
8.060958155E0,-1.246660590E0,8.687741280E0,1.057029366E0,8.840153972E0
8.063116062E0,-1.284347534E0,8.730812073E0,1.143171072E0,8.898509321E0
8.065277195E0,-1.313061476E0,8.778668404E0,1.214357495E0,8.959007395E0
8.067430536E0,-1.355534077E0,8.845666885E0,1.271785259E0,9.038845780E0
8.069588953E0,-1.393819213E0,8.935996056E0,1.262213945E0,9.131699817E0
8.071745010E0,-1.408176184E0,9.036494255E0,1.271785259E0,9.233559787E0
8.073900812E0,-1.451246977E0,9.160323143E0,1.257428288E0,9.359421124E0
8.076051966E0,-1.479960799E0,9.241679192E0,1.252642632E0,9.442882601E0
8.078217738E0,-1.518245935E0,9.318249702E0,1.286142230E0,9.528326720E0
8.080375524E0,-1.546361685E0,9.361320496E0,1.333400369E0,9.581414949E0
8.082535954E0,-1.570289850E0,9.385248184E0,1.381256819E0,9.615433640E0
8.084690556E0,-1.612762451E0,9.399605751E0,1.457827210E0,9.647738138E0
8.086848761E0,-1.646261930E0,9.394820213E0,1.505683661E0,9.656081424E0
8.089004756E0,-1.670190215E0,9.390034676E0,1.529611826E0,9.659295984E0
8.091164333E0,-1.665404558E0,9.385248184E0,1.572682738E0,9.660734279E0
8.093326909E0,-1.694118381E0,9.370891571E0,1.582253933E0,9.653350373E0
8.095477503E0,-1.727617979E0,9.366106033E0,1.578066587E0,9.653957751E0
8.097635331E0,-1.756331801E0,9.342177391E0,1.549352646E0,9.631275794E0
8.099791743E0,-1.780858278E0,9.337391853E0,1.497308731E0,9.622903734E0
8.101951675E0,-1.790429592E0,9.380462646E0,1.415952802E0,9.654203226E0
8.104114091E0,-1.800599098E0,9.422935486E0,1.339980721E0,9.686558657E0
8.106264929E0,-1.805384636E0,9.451649666E0,1.282552958E0,9.707627783E0
8.108422308E0,-1.800599098E0,9.480362892E0,1.234696507E0,9.728510325E0
8.110578110E0,-1.814955950E0,9.523433685E0,1.234696507E0,9.773143288E0
8.112734828E0,-1.805384636E0,9.523433685E0,1.239482164E0,9.771976201E0
8.114885554E0,-1.814955950E0,9.533005714E0,1.272981644E0,9.787376835E0
8.117053371E0,-1.805384636E0,9.547362328E0,1.310668588E0,9.804559819E0
8.119209937E0,-1.800599098E0,9.566504478E0,1.296311617E0,9.820416939E0
8.121370500E0,-1.800599098E0,9.556933403E0,1.305882931E0,9.812362784E0
8.123526068E0,-1.791027784E0,9.561718941E0,1.315454245E0,9.816550794E0
8.125689184E0,-1.762313843E0,9.533005714E0,1.315454245E0,9.783372011E0
8.127839495E0,-1.728814363E0,9.533005714E0,1.267597795E0,9.771069605E0
8.130000322E0,-1.709671736E0,9.542576790E0,1.238883972E0,9.773360872E0
8.132169714E0,-1.657029629E0,9.561718941E0,1.181456208E0,9.775891523E0
8.134330776E0,-1.624128342E0,9.571290970E0,1.128814101E0,9.773516510E0
8.136486355E0,-1.590628862E0,9.623932838E0,1.123430252E0,9.818975455E0
8.138639278E0,-1.557129383E0,9.676574707E0,1.109073281E0,9.863609558E0
8.140783566E0,-1.514058471E0,9.714262009E0,1.108475089E0,9.893835275E0
8.142954962E0,-1.489532113E0,9.733404160E0,1.137188911E0,9.912167325E0
8.145111823E0,-1.456032634E0,9.724431038E0,1.170090318E0,9.902206895E0
8.147267453E0,-1.412961721E0,9.690931320E0,1.189232826E0,9.865337571E0
8.149404233E0,-1.389033556E0,9.647860527E0,1.208375454E0,9.821954908E0
8.151586137E0,-1.360319614E0,9.604789734E0,1.226919770E0,9.777923471E0
8.153742662E0,-1.345962763E0,9.537791252E0,1.203589797E0,9.707198676E0
8.155906755E0,-1.312463164E0,9.466006279E0,1.160519004E0,9.626766788E0
8.158054410E0,-1.303490162E0,9.413962364E0,1.122233868E0,9.569805790E0
8.160204658E0,-1.303490162E0,9.370891571E0,1.084546804E0,9.523073937E0
8.162371700E0,-1.298704505E0,9.380462646E0,1.094118118E0,9.532932776E0
8.164529558E0,-1.327418327E0,9.342177391E0,1.074975610E0,9.497046403E0
8.166689867E0,-1.336989641E0,9.332606316E0,1.046261668E0,9.485765410E0
8.168845640E0,-1.360917926E0,9.284749985E0,1.070788145E0,9.444854003E0
8.171002236E0,-1.370489120E0,9.260822296E0,1.075573802E0,9.423265306E0
8.173160814E0,-1.399203062E0,9.222537041E0,1.109073281E0,9.393774652E0
8.175316668E0,-1.394417405E0,9.184251785E0,1.118644595E0,9.356615119E0
8.177474586E0,-1.403988719E0,9.150752068E0,1.118644595E0,9.325170961E0
8.179632231E0,-1.418943882E0,9.126823425E0,1.071386337E0,9.298396435E0
8.181789355E0,-1.414158225E0,9.098110199E0,1.028315544E0,9.264603906E0
8.183947406E0,-1.428515077E0,9.107681274E0,9.906286001E-1,9.272101086E0
8.186105233E0,-1.400399446E0,9.136395454E0,9.140582681E-1,9.288182978E0
8.188262072E0,-1.400399446E0,9.155537605E0,8.662018180E-1,9.302434791E0
8.190417722E0,-1.405185103E0,9.189037323E0,8.662018180E-1,9.336126482E0
8.192562996E0,-1.405185103E0,9.189037323E0,8.949156404E-1,9.338834301E0
8.194721209E0,-1.414158225E0,9.203393936E0,9.278169870E-1,9.357518250E0
8.196891233E0,-1.438086390E0,9.203393936E0,9.661021233E-1,9.365036344E0
8.199051735E0,-1.457229018E0,9.227322578E0,1.013958573E0,9.396547790E0
8.201207314E0,-1.461416483E0,9.265607834E0,1.071386337E0,9.441138456E0
8.203346250E0,-1.461416483E0,9.299106598E0,1.114457130E0,9.478983930E0
8.205491361E0,-1.456630826E0,9.337391853E0,1.137787223E0,9.518572359E0
8.207680063E0,-1.461416483E0,9.370891571E0,1.147358418E0,9.553312426E0
8.209839039E0,-1.456032634E0,9.399007797E0,1.171286702E0,9.582968806E0
8.212001524E0,-1.442273855E0,9.422935486E0,1.156929731E0,9.602622217E0
8.214151569E0,-1.446461320E0,9.446864128E0,1.175474167E0,9.628978748E0
8.216310545E0,-1.451246977E0,9.470791817E0,1.165902853E0,9.652012479E0
8.218466704E0,-1.451246977E0,9.485149384E0,1.161117196E0,9.665524805E0
8.220624805E0,-1.441675663E0,9.547362328E0,1.161117196E0,9.725160630E0
8.222781106E0,-1.446461320E0,9.585647583E0,1.141974568E0,9.761198484E0
8.224943154E0,-1.446461320E0,9.638289452E0,1.132403374E0,9.811789404E0
8.227109668E0,-1.465603828E0,9.680762291E0,1.127617717E0,9.855793973E0
8.229253692E0,-1.484746456E0,9.728618622E0,1.137188911E0,9.906749767E0
8.231410948E0,-1.503889084E0,9.752547264E0,1.137188911E0,9.933129373E0
8.233565245E0,-1.527817249E0,9.776474953E0,1.161117196E0,9.963025705E0
8.235720559E0,-1.537388563E0,9.790832520E0,1.175474167E0,9.980265755E0
8.237861296E0,-1.556531072E0,9.800403595E0,1.189831018E0,9.994318259E0
8.240041442E0,-1.570888042E0,9.805189133E0,1.180259824E0,1.000012182E1
8.242199533E0,-1.570888042E0,9.805189133E0,1.194616675E0,1.000182644E1
8.244356587E0,-1.590030670E0,9.786046028E0,1.185045362E0,9.984950020E0
8.246493214E0,-1.599601984E0,9.781260490E0,1.147358418E0,9.977385160E0
8.248670633E0,-1.604387641E0,9.762118340E0,1.133001566E0,9.957746067E0
8.250828430E0,-1.609771490E0,9.776474953E0,1.118644595E0,9.971067770E0
8.252991241E0,-1.614557028E0,9.781260490E0,1.099501967E0,9.974405033E0
8.255144368E0,-1.619342685E0,9.795618057E0,1.104287624E0,9.989787536E0
8.257297820E0,-1.600200176E0,9.805189133E0,1.118644595E0,9.997686746E0
8.259446197E0,-1.599601984E0,9.781260490E0,1.147358418E0,9.977385160E0
8.261615569E0,-1.609173179E0,9.781260490E0,1.190429211E0,9.983967989E0
8.263771422E0,-1.561316729E0,9.790832520E0,1.208973646E0,9.987979207E0
8.265924651E0,-1.555932879E0,9.795618057E0,1.252044439E0,9.997133365E0
8.268085052E0,-1.532004714E0,9.809974670E0,1.280160069E0,1.001106644E1
8.270229920E0,-1.484148264E0,9.824331284E0,1.284347534E0,1.001846944E1
8.272394867E0,-1.450648785E0,9.838688850E0,1.250848055E0,1.002341264E1
8.274561127E0,-1.436291814E0,9.872187614E0,1.265205026E0,1.005603134E1
8.276722320E0,-1.388435364E0,9.915258408E0,1.211964726E0,1.008508605E1
8.278880574E0,-1.350150228E0,9.929615974E0,1.207179070E0,1.009343650E1
8.281040853E0,-1.340578914E0,9.929615974E0,1.168893814E0,1.008765275E1
8.283182617E0,-1.297508121E0,9.929615974E0,1.173679471E0,1.008257528E1
8.285347941E0,-1.287936807E0,9.910472870E0,1.202393413E0,1.006588315E1
8.287503215E0,-1.264008522E0,9.886545181E0,1.206580877E0,1.003978738E1
8.289665710E0,-1.240080357E0,9.862616539E0,1.211366415E0,1.001381111E1
8.291816731E0,-1.206580877E0,9.814760208E0,1.201795220E0,9.961408892E0
8.293963724E0,-1.197607756E0,9.753145218E0,1.159322619E0,9.894550769E0
8.296135050E0,-1.173679471E0,9.700503349E0,1.106680512E0,9.833719057E0
8.298292664E0,-1.159920812E0,9.633503914E0,1.044467092E0,9.759135487E0
8.300453634E0,-1.145563841E0,9.552147865E0,1.001994491E0,9.672633474E0
8.302609141E0,-1.140778184E0,9.485149384E0,9.445667267E-1,9.600085416E0
8.304771628E0,-1.136590719E0,9.409176826E0,9.020941257E-1,9.520410749E0
8.306923687E0,-1.141376376E0,9.361320496E0,8.877372146E-1,9.472335447E0
8.309080282E0,-1.146162033E0,9.318249702E0,8.835497499E-1,9.429958912E0
8.311236970E0,-1.141376376E0,9.294321060E0,8.596215248E-1,9.403514937E0
8.313390473E0,-1.161117196E0,9.275178909E0,8.452646136E-1,9.385713037E0
8.315535788E0,-1.170688510E0,9.279964447E0,8.356932998E-1,9.390773931E0
8.317709636E0,-1.161117196E0,9.308678627E0,8.165507317E-1,9.416286212E0
8.319867392E0,-1.175474167E0,9.346963882E0,7.974081635E-1,9.454275917E0
8.322029297E0,-1.199402332E0,9.399007797E0,8.117650747E-1,9.509935650E0
8.324180125E0,-1.217946768E0,9.475577354E0,8.404789567E-1,9.590430929E0
8.326327374E0,-1.237089276E0,9.528220177E0,8.548358679E-1,9.646145032E0
8.328498893E0,-1.241874933E0,9.580862045E0,8.452646136E-1,9.697919527E0
8.330654573E0,-1.227517962E0,9.652647018E0,8.350951076E-1,9.766154752E0
8.332815471E0,-1.246660590E0,9.681360245E0,8.165507317E-1,9.795389421E0
8.334969392E0,-1.246660590E0,9.719047546E0,7.974081635E-1,9.831068488E0
8.337127911E0,-1.237687469E0,9.747760773E0,7.776673436E-1,9.856747783E0
8.339285514E0,-1.232901812E0,9.766903877E0,7.304090858E-1,9.871471808E0
8.341444226E0,-1.237687469E0,9.790832520E0,7.304090858E-1,9.895745001E0
8.343599885E0,-1.242473125E0,9.800403595E0,7.304090858E-1,9.905813824E0
8.345754742E0,-1.261615753E0,9.809974670E0,7.351947427E-1,9.918053673E0
8.347901012E0,-1.261615753E0,9.857831001E0,7.489534616E-1,9.966415486E0
8.350071850E0,-1.284945726E0,9.876974106E0,7.776673436E-1,9.990518981E0
8.352229300E0,-1.304088354E0,9.910472870E0,8.063812256E-1,1.002837821E1
8.354390179E0,-1.318445325E0,9.958329201E0,8.255237937E-1,1.007909262E1
8.356544670E0,-1.342373490E0,9.996016502E0,8.446664214E-1,1.012105597E1
8.358697613E0,-1.380658627E0,9.996016502E0,8.733802438E-1,1.012864044E1
8.360838402E0,-1.395015597E0,9.996016502E0,8.685946465E-1,1.013019600E1
8.363017967E0,-1.418943882E0,1.001037312E1,8.596215248E-1,1.014691681E1
8.365173973E0,-1.433300734E0,9.991230965E0,8.261220455E-1,1.012726640E1
8.367336998E0,-1.428515077E0,9.986445427E0,8.165507317E-1,1.012109197E1
8.369483258E0,-1.433300734E0,9.976874352E0,8.452646136E-1,1.011468463E1
8.371623934E0,-1.442872047E0,9.953543663E0,8.452646136E-1,1.009303638E1
8.373804445E0,-1.471585870E0,9.886545181E0,8.650053740E-1,1.003282487E1
8.375962618E0,-1.476371527E0,9.843474388E0,8.937192559E-1,9.993617714E0
8.378125043E0,-1.495514154E0,9.809974670E0,9.176474810E-1,9.965653141E0
8.380271497E0,-1.495514154E0,9.757332802E0,9.415757060E-1,9.916081424E0
8.382409213E0,-1.509871125E0,9.747760773E0,9.176474810E-1,9.906595167E0
8.384591586E0,-1.509871125E0,9.757332802E0,9.032905698E-1,9.914695561E0
8.386748721E0,-1.519442320E0,9.781260490E0,9.080761671E-1,9.940139037E0
8.388912550E0,-1.524227977E0,9.776474953E0,9.032905698E-1,9.935726812E0
8.391056623E0,-1.529013634E0,9.790832520E0,9.224331379E-1,9.952344800E0
8.393192894E0,-1.505085468E0,9.824331284E0,8.889335990E-1,9.978625676E0
8.395382205E0,-1.509871125E0,9.853045464E0,8.745766878E-1,1.000635299E1
8.397537784E0,-1.495514154E0,9.896116257E0,8.793623447E-1,1.004703726E1
8.399700951E0,-1.505085468E0,9.920044899E0,8.745766878E-1,1.007161643E1
8.401850405E0,-1.485942841E0,9.929615974E0,8.602197170E-1,1.007696767E1
8.404008303E0,-1.471585870E0,9.910472870E0,8.835497499E-1,1.005801659E1
8.406166507E0,-1.462014675E0,9.867402077E0,8.979067206E-1,1.001545541E1
8.408324160E0,-1.462014675E0,9.838688850E0,9.314061999E-1,9.990235368E0
8.410483167E0,-1.462014675E0,9.819545746E0,9.409775138E-1,9.972281797E0
8.412633731E0,-1.437488198E0,9.824331284E0,9.601200819E-1,9.975253784E0
8.414774245E0,-1.394417405E0,9.843474388E0,9.595218897E-1,9.987946245E0
8.416940026E0,-1.385444283E0,9.848259926E0,9.122636318E-1,9.986986751E0
8.419111078E0,-1.371087432E0,9.862616539E0,8.979067206E-1,9.997865883E0
8.421273187E0,-1.347159147E0,9.862616539E0,8.548358679E-1,9.990835157E0
8.423425947E0,-1.318445325E0,9.824331284E0,8.356932998E-1,9.947570886E0
8.425564955E0,-1.304088354E0,9.786046028E0,8.069794178E-1,9.905481264E0
8.427719374E0,-1.304686546E0,9.762118340E0,7.878368497E-1,9.880376934E0
8.429891962E0,-1.280160069E0,9.699904442E0,8.069794178E-1,9.817238500E0
8.432027113E0,-1.261017561E0,9.667003632E0,8.069794178E-1,9.782246178E0
8.434192000E0,-1.237687469E0,9.633503914E0,7.782655358E-1,9.743816766E0
8.436365340E0,-1.232901812E0,9.600004196E0,7.591229677E-1,9.708573280E0
8.438534581E0,-1.194616675E0,9.595218658E0,7.447660565E-1,9.697938265E0
8.440692296E0,-1.170688510E0,9.585647583E0,7.447660565E-1,9.685547359E0
8.442844720E0,-1.161117196E0,9.580862045E0,7.304090858E-1,9.678564362E0
8.444995395E0,-1.146760225E0,9.595218658E0,7.393822074E-1,9.691747323E0
8.447125980E0,-1.127617717E0,9.619147301E0,7.345965505E-1,9.712834221E0
8.449287999E0,-1.122832060E0,9.633503914E0,7.489534616E-1,9.727593782E0
8.451472936E0,-1.103689432E0,9.676574707E0,7.537391186E-1,9.768436471E0
8.453636702E0,-1.094118118E0,9.699904442E0,7.393822074E-1,9.789378258E0
8.455794773E0,-1.093519926E0,9.733404160E0,7.531409264E-1,9.823551477E0
8.457940637E0,-1.108475089E0,9.757332802E0,7.250252366E-1,9.846822941E0
8.460084762E0,-1.127617717E0,9.776474953E0,7.154539824E-1,9.867261961E0
8.462261550E0,-1.151545882E0,9.805189133E0,7.345965505E-1,9.899869895E0
8.464418085E0,-1.151545882E0,9.819545746E0,7.441678643E-1,9.914803194E0
8.466580795E0,-1.155733347E0,9.838688850E0,7.531409264E-1,9.934925220E0
8.468733311E0,-1.189232826E0,9.862616539E0,7.872386575E-1,9.965200671E0
8.470893763E0,-1.198804140E0,9.896116257E0,7.680960894E-1,9.998010799E0
8.473047581E0,-1.232303619E0,9.920044899E0,7.824530005E-1,1.002686869E1
8.475205235E0,-1.265803218E0,9.910472870E0,7.776673436E-1,1.002120236E1
8.477362320E0,-1.299302697E0,9.896116257E0,8.063812256E-1,1.001356855E1
8.479519546E0,-1.323230863E0,9.886545181E0,8.069794178E-1,1.000729391E1
8.481667128E0,-1.342373490E0,9.872187614E0,8.165507317E-1,9.996439865E0
8.483836684E0,-1.361516118E0,9.843474388E0,8.213363886E-1,9.971073545E0
8.485991948E0,-1.361516118E0,9.848259926E0,8.309076428E-1,9.976590461E0
8.488152675E0,-1.375872970E0,9.819545746E0,8.213363886E-1,9.949427046E0
8.490303900E0,-1.375872970E0,9.805189133E0,8.123632669E-1,9.934520342E0
8.492452560E0,-1.395613790E0,9.781260490E0,7.980063558E-1,9.912497605E0
8.494624690E0,-1.405185103E0,9.738189697E0,7.884350419E-1,9.870588309E0
8.496786850E0,-1.395613790E0,9.714262009E0,7.932206988E-1,9.846005449E0
8.498940893E0,-1.395613790E0,9.699904442E0,8.123632669E-1,9.833403180E0
8.501095780E0,-1.409970760E0,9.656833649E0,7.986045480E-1,9.791844713E0
8.503246526E0,-1.395613790E0,9.623334885E0,8.033902049E-1,9.757138309E0
8.505393855E0,-1.390828133E0,9.609575272E0,8.171489239E-1,9.744027512E0
8.507566880E0,-1.395613790E0,9.600004196E0,7.698906660E-1,9.731420762E0
8.509724707E0,-1.376471281E0,9.600004196E0,7.746763229E-1,9.729073808E0
8.511886449E0,-1.366899967E0,9.595218658E0,8.027920127E-1,9.725282085E0
8.514040075E0,-1.362114310E0,9.556933403E0,8.219345808E-1,9.688441976E0
8.516191696E0,-1.342971683E0,9.542576790E0,8.267202377E-1,9.672011739E0
8.518336482E0,-1.337587833E0,9.523433685E0,8.602197170E-1,9.655304673E0
8.520486772E0,-1.328016520E0,9.475577354E0,8.745766878E-1,9.608073608E0
8.522670243E0,-1.338186026E0,9.418149948E0,8.602197170E-1,9.551558420E0
8.524826157E0,-1.323829174E0,9.379864693E0,8.554341197E-1,9.511369663E0
8.526969702E0,-1.323829174E0,9.323035240E0,8.608179688E-1,9.455819232E0
8.529115922E0,-1.304686546E0,9.318249702E0,8.697910309E-1,9.449260338E0
8.531284735E0,-1.304686546E0,9.332606316E0,8.697910309E-1,9.463418202E0
8.533444657E0,-1.308874011E0,9.337391853E0,8.889335990E-1,9.470493163E0
8.535605139E0,-1.304088354E0,9.351749420E0,9.415757060E-1,9.489068893E0
8.537759874E0,-1.299302697E0,9.332606316E0,9.846464992E-1,9.473925104E0
8.539916215E0,-1.351944804E0,9.232108116E0,1.022931695E0,9.386477735E0
8.542073370E0,-1.395015597E0,9.083752632E0,9.571290612E-1,9.239952729E0
8.544228745E0,-1.472782373E0,8.997611046E0,8.524430394E-1,9.157114807E0
8.546377591E0,-1.539781332E0,9.002396584E0,7.387840152E-1,9.162962000E0
8.548532976E0,-1.564906001E0,9.078967094E0,5.814558864E-1,9.231178974E0
8.550703915E0,-1.612762451E0,9.193822861E0,5.144568682E-1,9.348371376E0
8.552863979E0,-1.631905079E0,9.341579437E0,4.618147612E-1,9.494287411E0
8.555021776E0,-1.655833244E0,9.470791817E0,4.666004181E-1,9.625767363E0
8.557171251E0,-1.660618901E0,9.533005714E0,4.851447940E-1,9.688716043E0
8.559314551E0,-1.693520188E0,9.585049629E0,5.377869010E-1,9.748353798E0
8.561490912E0,-1.698305845E0,9.589835167E0,5.377869010E-1,9.753891327E0
8.563648647E0,-1.703091502E0,9.575477600E0,5.569294691E-1,9.741686834E0
8.565811541E0,-1.688734531E0,9.589835167E0,5.569294691E-1,9.753303711E0
8.567963590E0,-1.669592023E0,9.604191780E0,5.473581553E-1,9.763587364E0
8.570121702E0,-1.621735573E0,9.666405678E0,5.371887088E-1,9.816210914E0
8.572278042E0,-1.588235974E0,9.714262009E0,4.941178858E-1,9.855634549E0
8.574435686E0,-1.540379524E0,9.795618057E0,4.887340367E-1,9.928029168E0
8.576592994E0,-1.511665702E0,9.843474388E0,5.120640397E-1,9.972027417E0
8.578750720E0,-1.467996716E0,9.876974106E0,5.407779217E-1,1.000010363E1
8.580908496E0,-1.439282775E0,9.900901794E0,5.449653864E-1,1.001979933E1
8.583066810E0,-1.429711580E0,9.924830437E0,6.071787477E-1,1.004564584E1
8.585223355E0,-1.400399446E0,9.967302322E0,6.448656917E-1,1.008583591E1
8.587381457E0,-1.357328653E0,9.996016502E0,7.208378315E-1,1.011347093E1
8.589537585E0,-1.323230863E0,1.002473068E1,7.920243144E-1,1.014265585E1
8.591695391E0,-1.299302697E0,1.008215809E1,8.536394835E-1,1.020131362E1
8.593852821E0,-1.274776220E0,1.013479996E1,8.775677085E-1,1.025228509E1
8.596010445E0,-1.250848055E0,1.016829967E1,9.296116233E-1,1.028703635E1
8.598168139E0,-1.226321578E0,1.021137047E1,9.577272534E-1,1.032923971E1
8.600326638E0,-1.216750264E0,1.023529911E1,9.672985673E-1,1.035265645E1
8.602480731E0,-1.192822099E0,1.026879883E1,9.954141974E-1,1.038565854E1
8.604631671E0,-1.168893814E0,1.030708313E1,9.762716293E-1,1.041899140E1
8.606797402E0,-1.149751306E0,1.034058285E1,1.004985452E0,1.045273062E1
8.608955239E0,-1.125823021E0,1.035494041E1,1.013958573E0,1.046519854E1
8.611114795E0,-1.110867858E0,1.035494041E1,1.037886858E0,1.046594609E1
8.613268634E0,-1.116251707E0,1.037408257E1,1.018744230E0,1.048357986E1
8.615422280E0,-1.115653515E0,1.047876835E1,1.037886858E0,1.058897908E1
8.617587167E0,-1.096511006E0,1.049791145E1,1.056431174E0,1.060775792E1
8.619742898E0,-1.063011408E0,1.048355389E1,1.042074203E0,1.058871163E1
8.621902524E0,-1.063609719E0,1.044048309E1,1.004387259E0,1.054247346E1
8.624054492E0,-1.106680512E0,1.036391354E1,9.667003751E-1,1.046756682E1
8.626205056E0,-1.121037364E0,1.031665516E1,9.332008362E-1,1.041925920E1
8.628369668E0,-1.130608678E0,1.027358437E1,9.236295223E-1,1.037679638E1
8.630517292E0,-1.135992527E0,1.027358437E1,9.194421172E-1,1.037701251E1
8.632677723E0,-1.149751306E0,1.024965572E1,9.667003751E-1,1.035914476E1
