"Time (s)","Acceleration x (m/s^2)","Acceleration y (m/s^2)","Acceleration z (m/s^2)","Absolute acceleration (m/s^2)"
1.487408600E-2,-8.434699476E-2,2.530409992E-1,9.756733894E0,9.760379114E0
1.703062100E-2,-9.391828626E-2,2.338984162E-1,9.728020668E0,9.731285384E0
1.918979100E-2,-9.930214286E-2,2.673979402E-1,9.699904442E0,9.704097524E0
2.134641700E-2,-8.434699476E-2,2.626122832E-1,9.737591743E0,9.741497451E0
2.350284100E-2,-8.913264424E-2,2.721835673E-1,9.751948357E0,9.756153201E0
2.565931500E-2,-7.956135273E-2,2.673979402E-1,9.747162819E0,9.751154531E0
2.781871900E-2,-8.434699476E-2,2.626122832E-1,9.718449593E0,9.722362990E0
2.997623000E-2,-1.034895778E-1,2.673979402E-1,9.742377281E0,9.746595654E0
3.214018100E-2,-9.391828626E-2,2.578266263E-1,9.751948357E0,9.755808114E0
3.428946300E-2,-8.913264424E-2,2.673979402E-1,9.742377281E0,9.746453785E0
3.644831800E-2,-7.956135273E-2,2.626122832E-1,9.742377281E0,9.746240830E0
3.860375400E-2,-8.913264424E-2,2.578266263E-1,9.742377281E0,9.746195888E0
4.076300500E-2,-7.956135273E-2,2.721835673E-1,9.737591743E0,9.741719913E0
4.291977400E-2,-7.477571070E-2,2.626122832E-1,9.761520386E0,9.765338543E0
4.507743800E-2,-7.477571070E-2,2.673979402E-1,9.747162819E0,9.751116658E0
4.723374000E-2,-7.477571070E-2,2.721835673E-1,9.766305923E0,9.770384163E0
4.939708000E-2,-6.999006122E-2,2.626122832E-1,9.771091461E0,9.774870442E0
5.156547600E-2,-6.999006122E-2,2.626122832E-1,9.790233612E0,9.794005207E0
5.370812600E-2,-7.956135273E-2,2.626122832E-1,9.775876999E0,9.779727313E0
5.586458000E-2,-7.956135273E-2,2.721835673E-1,9.761520386E0,9.765638440E0
5.801814400E-2,-7.477571070E-2,2.626122832E-1,9.775876999E0,9.779689551E0
6.017824000E-2,-8.434699476E-2,2.578266263E-1,9.761520386E0,9.765288999E0
6.233733900E-2,-7.477571070E-2,2.721835673E-1,9.785448074E0,9.789518339E0
6.449403700E-2,-7.956135273E-2,2.626122832E-1,9.780662537E0,9.784510968E0
6.665267800E-2,-8.434699476E-2,2.626122832E-1,9.804591179E0,9.808470208E0
6.880805300E-2,-7.477571070E-2,2.769692242E-1,9.795019150E0,9.799219535E0
7.096821900E-2,-7.956135273E-2,2.434697002E-1,9.799804688E0,9.803151504E0
7.312507000E-2,-7.956135273E-2,2.721835673E-1,9.799804688E0,9.803906661E0
7.528251000E-2,-6.999006122E-2,2.721835673E-1,9.790233612E0,9.794266521E0
7.743884200E-2,-7.477571070E-2,2.673979402E-1,9.790233612E0,9.794170064E0
7.959620100E-2,-7.956135273E-2,2.769692242E-1,9.790233612E0,9.794473755E0
8.174585900E-2,-7.956135273E-2,2.626122832E-1,9.795019150E0,9.798861942E0
8.391159000E-2,-6.041877344E-2,2.769692242E-1,9.795019150E0,9.799120497E0
8.606798300E-2,-6.999006122E-2,2.769692242E-1,9.795019150E0,9.799184186E0
8.822843400E-2,-7.477571070E-2,2.673979402E-1,9.814162254E0,9.818089112E0
9.038403400E-2,-7.477571070E-2,2.578266263E-1,9.809376717E0,9.813049350E0
9.254128100E-2,-7.477571070E-2,2.769692242E-1,9.814162254E0,9.818354450E0
9.470006500E-2,-7.956135273E-2,2.673979402E-1,9.799804688E0,9.803774966E0
9.686414700E-2,-6.520441920E-2,2.673979402E-1,9.823733330E0,9.827588199E0
9.901207700E-2,-5.563312769E-2,2.578266263E-1,9.818947792E0,9.822489774E0
1.011704330E-1,-6.999006122E-2,2.626122832E-1,9.814162254E0,9.817924657E0
1.033250760E-1,-6.520441920E-2,2.578266263E-1,9.809376717E0,9.812981084E0
1.054861980E-1,-6.999006122E-2,2.673979402E-1,9.814162254E0,9.818053831E0
1.076427540E-1,-6.520441920E-2,2.530409992E-1,9.814162254E0,9.817640354E0
1.098003360E-1,-6.999006122E-2,2.626122832E-1,9.814162254E0,9.817924657E0
1.119566380E-1,-7.477571070E-2,2.530409992E-1,9.799804688E0,9.803356214E0
1.141150750E-1,-6.041877344E-2,2.673979402E-1,9.809376717E0,9.813206594E0
1.162716000E-1,-6.041877344E-2,2.673979402E-1,9.804591179E0,9.808422925E0
1.184330890E-1,-7.477571070E-2,2.626122832E-1,9.809376717E0,9.813176254E0
1.205997050E-1,-6.999006122E-2,2.578266263E-1,9.795019150E0,9.798661813E0
1.227580720E-1,-6.520441920E-2,2.769692242E-1,9.799804688E0,9.803934694E0
1.249151770E-1,-6.999006122E-2,2.578266263E-1,9.809376717E0,9.813014050E0
1.270698900E-1,-6.999006122E-2,2.626122832E-1,9.795019150E0,9.798788903E0
1.292239840E-1,-6.041877344E-2,2.673979402E-1,9.799804688E0,9.803638304E0
1.313745170E-1,-6.999006122E-2,2.865405083E-1,9.799804688E0,9.804242754E0
1.335388960E-1,-7.477571070E-2,2.578266263E-1,9.785448074E0,9.789129685E0
1.356899480E-1,-6.999006122E-2,2.626122832E-1,9.785448074E0,9.789221513E0
1.378588220E-1,-8.434699476E-2,2.673979402E-1,9.799804688E0,9.803814971E0
1.400151340E-1,-8.434699476E-2,2.673979402E-1,9.799804688E0,9.803814971E0
1.421753410E-1,-7.956135273E-2,2.578266263E-1,9.771091461E0,9.774816260E0
1.443325370E-1,-6.520441920E-2,2.673979402E-1,9.771091461E0,9.774967090E0
1.464976580E-1,-8.913264424E-2,2.626122832E-1,9.790233612E0,9.794160710E0
1.486440810E-1,-7.956135273E-2,2.673979402E-1,9.780662537E0,9.784640582E0
1.508009520E-1,-7.477571070E-2,2.721835673E-1,9.771091461E0,9.775167704E0
1.529564910E-1,-7.477571070E-2,2.673979402E-1,9.751948357E0,9.755900257E0
1.551157720E-1,-6.999006122E-2,2.626122832E-1,9.780662537E0,9.784437821E0
1.572745450E-1,-7.477571070E-2,2.626122832E-1,9.775876999E0,9.779689551E0
1.594318730E-1,-7.477571070E-2,2.721835673E-1,9.766305923E0,9.770384163E0
1.615892530E-1,-7.956135273E-2,2.721835673E-1,9.747162819E0,9.751286937E0
1.637458500E-1,-8.913264424E-2,2.578266263E-1,9.756733894E0,9.760546884E0
1.659045110E-1,-8.913264424E-2,2.721835673E-1,9.775876999E0,9.780071555E0
1.680591840E-1,-8.434699476E-2,2.769692242E-1,9.766305923E0,9.770596592E0
1.702190450E-1,-7.477571070E-2,2.530409992E-1,9.737591743E0,9.741165953E0
1.723750920E-1,-8.913264424E-2,2.673979402E-1,9.728020668E0,9.732103185E0
1.745344550E-1,-7.477571070E-2,2.626122832E-1,9.756733894E0,9.760553924E0
1.766885290E-1,-7.477571070E-2,2.673979402E-1,9.751948357E0,9.755900257E0
1.788384420E-1,-9.870393574E-2,2.673979402E-1,9.723235130E0,9.727412067E0
1.810052610E-1,-7.956135273E-2,2.626122832E-1,9.747162819E0,9.751024471E0
1.831625900E-1,-7.956135273E-2,2.626122832E-1,9.751948357E0,9.755808115E0
1.853198270E-1,-7.956135273E-2,2.626122832E-1,9.718449593E0,9.722322650E0
1.874784870E-1,-8.973085135E-2,2.626122832E-1,9.713663101E0,9.717626649E0
1.896349320E-1,-8.913264424E-2,2.769692242E-1,9.723235130E0,9.727587470E0
1.917943760E-1,-7.477571070E-2,2.578266263E-1,9.732806206E0,9.736507722E0
1.939509310E-1,-8.434699476E-2,2.578266263E-1,9.732806206E0,9.736585933E0
1.961082500E-1,-8.973085135E-2,2.530409992E-1,9.718449593E0,9.722157366E0
1.982646730E-1,-8.434699476E-2,2.673979402E-1,9.742377281E0,9.746411194E0
2.004203020E-1,-7.477571070E-2,2.721835673E-1,9.713663101E0,9.717763433E0
2.025691670E-1,-8.015955985E-2,2.626122832E-1,9.708877563E0,9.712759356E0
2.047355290E-1,-8.015955985E-2,2.673979402E-1,9.708877563E0,9.712889928E0
2.068841400E-1,-8.494520187E-2,2.673979402E-1,9.708877563E0,9.712930602E0
2.090557100E-1,-6.580262631E-2,2.578266263E-1,9.708877563E0,9.712523261E0
2.112104240E-1,-7.956135273E-2,2.626122832E-1,9.728020668E0,9.731889916E0
2.133704900E-1,-8.913264424E-2,2.626122832E-1,9.723235130E0,9.727189277E0
2.155244610E-1,-7.477571070E-2,2.530409992E-1,9.718449593E0,9.722030839E0
2.176854510E-1,-8.973085135E-2,2.673979402E-1,9.699904442E0,9.704004301E0
2.198550180E-1,-8.015955985E-2,2.673979402E-1,9.685547829E0,9.689569854E0
2.220105360E-1,-7.477571070E-2,2.673979402E-1,9.713663101E0,9.717630571E0
2.241543040E-1,-8.434699476E-2,2.626122832E-1,9.718449593E0,9.722362990E0
2.263100560E-1,-7.058826834E-2,2.482553422E-1,9.699306488E0,9.702739807E0
2.284670590E-1,-8.494520187E-2,2.530409992E-1,9.695118904E0,9.698792502E0
2.306262690E-1,-8.015955985E-2,2.673979402E-1,9.713663101E0,9.717673490E0
2.327792440E-1,-7.477571070E-2,2.578266263E-1,9.718449593E0,9.722156575E0
2.349591660E-1,-7.537391037E-2,2.673979402E-1,9.684949875E0,9.688933737E0
2.371152030E-1,-7.537391037E-2,2.721835673E-1,9.694520950E0,9.698634006E0
2.392752980E-1,-7.956135273E-2,2.626122832E-1,9.718449593E0,9.722322650E0
2.414261880E-1,-8.494520187E-2,2.673979402E-1,9.694520950E0,9.698579989E0
2.435859370E-1,-8.015955985E-2,2.673979402E-1,9.694520950E0,9.698539254E0
2.457472940E-1,-8.494520187E-2,2.817548811E-1,9.699306488E0,9.703769775E0
2.478869630E-1,-6.520441920E-2,2.578266263E-1,9.713663101E0,9.717302971E0
2.500569560E-1,-6.999006122E-2,2.721835673E-1,9.718449593E0,9.722512278E0
2.522129630E-1,-8.434699476E-2,2.721835673E-1,9.713663101E0,9.717841795E0
2.543761400E-1,-8.973085135E-2,2.626122832E-1,9.690333366E0,9.694306452E0
2.565363680E-1,-8.015955985E-2,2.578266263E-1,9.708877563E0,9.712631140E0
2.586858730E-1,-7.956135273E-2,2.769692242E-1,9.713663101E0,9.717936654E0
2.608453690E-1,-7.477571070E-2,2.626122832E-1,9.713663101E0,9.717500062E0
2.629979060E-1,-8.494520187E-2,2.578266263E-1,9.708877563E0,9.712671816E0
2.651462420E-1,-7.058826834E-2,2.530409992E-1,9.708877563E0,9.712431003E0
2.673086070E-1,-8.434699476E-2,2.626122832E-1,9.728020668E0,9.731930217E0
2.694958220E-1,-6.520441920E-2,2.578266263E-1,9.728020668E0,9.731655168E0
2.716339040E-1,-8.434699476E-2,2.721835673E-1,9.732806206E0,9.736976684E0
2.737923820E-1,-8.913264424E-2,2.578266263E-1,9.718449593E0,9.722277597E0
2.759403420E-1,-9.870393574E-2,2.530409992E-1,9.732806206E0,9.736595342E0
2.781040180E-1,-9.391828626E-2,2.578266263E-1,9.742377281E0,9.746240829E0
2.802581630E-1,-7.956135273E-2,2.626122832E-1,9.728020668E0,9.731889916E0
2.824059590E-1,-9.391828626E-2,2.673979402E-1,9.747162819E0,9.751282240E0
2.845756270E-1,-8.434699476E-2,2.626122832E-1,9.732806206E0,9.736713833E0
2.867337180E-1,-7.956135273E-2,2.721835673E-1,9.737591743E0,9.741719913E0
2.888879450E-1,-7.956135273E-2,2.578266263E-1,9.751948357E0,9.755680465E0
2.910252740E-1,-7.956135273E-2,2.721835673E-1,9.766305923E0,9.770421961E0
2.932057550E-1,-9.391828626E-2,2.578266263E-1,9.761520386E0,9.765376360E0
2.953645280E-1,-8.434699476E-2,2.482553422E-1,9.756733894E0,9.760256217E0
2.975272270E-1,-9.391828626E-2,2.673979402E-1,9.761520386E0,9.765633750E0
2.996785140E-1,-8.913264424E-2,2.721835673E-1,9.751948357E0,9.756153201E0
3.018348360E-1,-8.434699476E-2,2.530409992E-1,9.780662537E0,9.784298841E0
3.039940560E-1,-8.913264424E-2,2.626122832E-1,9.751948357E0,9.755890866E0
3.061536430E-1,-6.999006122E-2,2.626122832E-1,9.795019150E0,9.798788903E0
3.083219370E-1,-8.913264424E-2,2.721835673E-1,9.785448074E0,9.789638529E0
3.104616170E-1,-1.082752272E-1,2.626122832E-1,9.766305923E0,9.770436025E0
3.126162700E-1,-8.913264424E-2,2.578266263E-1,9.771091461E0,9.774898851E0
3.148010340E-1,-8.434699476E-2,2.530409992E-1,9.775876999E0,9.779515083E0
3.169380180E-1,-8.913264424E-2,2.578266263E-1,9.766305923E0,9.770115178E0
3.190982760E-1,-7.956135273E-2,2.578266263E-1,9.756733894E0,9.760464173E0
3.212438660E-1,-8.434699476E-2,2.578266263E-1,9.766305923E0,9.770072690E0
3.233919980E-1,-9.870393574E-2,2.482553422E-1,9.795019150E0,9.798661813E0
3.255455930E-1,-6.999006122E-2,2.626122832E-1,9.785448074E0,9.789221513E0
3.277240600E-1,-8.913264424E-2,2.578266263E-1,9.771091461E0,9.774898851E0
3.298828330E-1,-9.870393574E-2,2.578266263E-1,9.775876999E0,9.779774442E0
3.320330300E-1,-8.434699476E-2,2.626122832E-1,9.790233612E0,9.794118327E0
3.341946310E-1,-7.477571070E-2,2.626122832E-1,9.790233612E0,9.794040576E0
3.363424280E-1,-9.870393574E-2,2.578266263E-1,9.799804688E0,9.803692618E0
3.385157580E-1,-7.477571070E-2,2.530409992E-1,9.771091461E0,9.774653421E0
3.406690790E-1,-9.391828626E-2,2.673979402E-1,9.775876999E0,9.779984325E0
3.428301720E-1,-8.434699476E-2,2.530409992E-1,9.804591179E0,9.808218612E0
3.449809390E-1,-9.870393574E-2,2.626122832E-1,9.799804688E0,9.803819643E0
3.471244020E-1,-7.956135273E-2,2.626122832E-1,9.771091461E0,9.774943660E0
3.492733490E-1,-7.477571070E-2,2.578266263E-1,9.790233612E0,9.793913424E0
3.514411140E-1,-7.956135273E-2,2.482553422E-1,9.799804688E0,9.803271527E0
3.536007210E-1,-7.956135273E-2,2.673979402E-1,9.785448074E0,9.789424175E0
3.557622510E-1,-7.956135273E-2,2.578266263E-1,9.780662537E0,9.784383692E0
3.579151550E-1,-7.477571070E-2,2.626122832E-1,9.785448074E0,9.789256899E0
3.600737950E-1,-7.477571070E-2,2.626122832E-1,9.795019150E0,9.798824254E0
3.622299850E-1,-6.520441920E-2,2.578266263E-1,9.795019150E0,9.798628798E0
3.643891040E-1,-6.520441920E-2,2.578266263E-1,9.775876999E0,9.779493713E0
3.665439290E-1,-7.956135273E-2,2.578266263E-1,9.780662537E0,9.784383692E0
3.686950220E-1,-7.477571070E-2,2.578266263E-1,9.775876999E0,9.779562213E0
3.708605300E-1,-6.520441920E-2,2.578266263E-1,9.780662537E0,9.784277482E0
3.730192520E-1,-6.999006122E-2,2.626122832E-1,9.766305923E0,9.770086756E0
3.751770580E-1,-6.041877344E-2,2.673979402E-1,9.780662537E0,9.784503653E0
3.773323330E-1,-7.477571070E-2,2.578266263E-1,9.771091461E0,9.774778479E0
3.794827540E-1,-8.434699476E-2,2.626122832E-1,9.775876999E0,9.779767417E0
3.816348840E-1,-8.434699476E-2,2.673979402E-1,9.780662537E0,9.784680666E0
3.838056810E-1,-7.477571070E-2,2.673979402E-1,9.766305923E0,9.770252016E0
3.859639250E-1,-7.956135273E-2,2.673979402E-1,9.732806206E0,9.736803803E0
3.881230750E-1,-6.999006122E-2,2.769692242E-1,9.756733894E0,9.760915267E0
3.902784200E-1,-7.956135273E-2,2.626122832E-1,9.775876999E0,9.779727313E0
3.924343850E-1,-7.956135273E-2,2.626122832E-1,9.766305923E0,9.770160009E0
3.945929540E-1,-7.477571070E-2,2.578266263E-1,9.747162819E0,9.750858885E0
3.967491940E-1,-8.913264424E-2,2.578266263E-1,9.756733894E0,9.760546884E0
3.989095030E-1,-8.434699476E-2,2.626122832E-1,9.756733894E0,9.760631942E0
4.010708100E-1,-7.477571070E-2,2.673979402E-1,9.751948357E0,9.755900257E0
4.032205600E-1,-7.477571070E-2,2.673979402E-1,9.751948357E0,9.755900257E0
4.053703910E-1,-6.999006122E-2,2.626122832E-1,9.732806206E0,9.736600046E0
4.075358890E-1,-6.520441920E-2,2.673979402E-1,9.751948357E0,9.755831591E0
4.096938880E-1,-8.913264424E-2,2.721835673E-1,9.742377281E0,9.746586254E0
4.118547070E-1,-8.434699476E-2,2.626122832E-1,9.747162819E0,9.751064693E0
4.140090230E-1,-8.913264424E-2,2.626122832E-1,9.751948357E0,9.755890866E0
4.161677250E-1,-8.434699476E-2,2.721835673E-1,9.737591743E0,9.741760173E0
4.183247790E-1,-7.956135273E-2,2.721835673E-1,9.742377281E0,9.746503424E0
4.204821900E-1,-7.477571070E-2,2.530409992E-1,9.747162819E0,9.750733520E0
4.226386330E-1,-7.956135273E-2,2.673979402E-1,9.751948357E0,9.755938111E0
4.247969380E-1,-6.999006122E-2,2.578266263E-1,9.737591743E0,9.741255881E0
4.269535030E-1,-7.537391037E-2,2.673979402E-1,9.708877563E0,9.712851612E0
4.291095200E-1,-6.999006122E-2,2.482553422E-1,9.737591743E0,9.741007252E0
4.312583650E-1,-8.434699476E-2,2.626122832E-1,9.742377281E0,9.746281071E0
4.334251740E-1,-8.434699476E-2,2.673979402E-1,9.747162819E0,9.751194752E0
4.355764500E-1,-5.563312769E-2,2.530409992E-1,9.732806206E0,9.736253973E0
4.377444190E-1,-6.999006122E-2,2.673979402E-1,9.708877563E0,9.712811324E0
4.398984210E-1,-6.520441920E-2,2.673979402E-1,9.723235130E0,9.727129827E0
4.420592590E-1,-6.520441920E-2,2.626122832E-1,9.718449593E0,9.722215761E0
4.442149910E-1,-7.058826834E-2,2.578266263E-1,9.699306488E0,9.702989417E0
4.463794700E-1,-6.520441920E-2,2.673979402E-1,9.723235130E0,9.727129827E0
4.485312040E-1,-6.520441920E-2,2.578266263E-1,9.751948357E0,9.755573942E0
4.507027430E-1,-7.956135273E-2,2.626122832E-1,9.718449593E0,9.722322650E0
4.528585470E-1,-6.999006122E-2,2.721835673E-1,9.713663101E0,9.717727787E0
4.550179810E-1,-7.537391037E-2,2.530409992E-1,9.708877563E0,9.712466963E0
4.571721460E-1,-6.520441920E-2,2.721835673E-1,9.723235130E0,9.727262560E0
4.593288130E-1,-8.015955985E-2,2.626122832E-1,9.713663101E0,9.717542982E0
4.614862740E-1,-8.015955985E-2,2.482553422E-1,9.704689980E0,9.708195706E0
4.636438160E-1,-6.041877344E-2,2.673979402E-1,9.713663101E0,9.717530701E0
4.657974820E-1,-8.434699476E-2,2.578266263E-1,9.718449593E0,9.722234901E0
4.679411080E-1,-6.999006122E-2,2.673979402E-1,9.723235130E0,9.727163084E0
4.700958330E-1,-8.015955985E-2,2.626122832E-1,9.713663101E0,9.717542982E0
4.722740870E-1,-6.999006122E-2,2.673979402E-1,9.718449593E0,9.722379480E0
4.744337340E-1,-7.477571070E-2,2.673979402E-1,9.737591743E0,9.741549468E0
4.765937480E-1,-7.956135273E-2,2.626122832E-1,9.728020668E0,9.731889916E0
4.787442000E-1,-8.494520187E-2,2.673979402E-1,9.708877563E0,9.712930602E0
4.808987820E-1,-7.477571070E-2,2.769692242E-1,9.732806206E0,9.737033429E0
4.830552150E-1,-7.956135273E-2,2.626122832E-1,9.723235130E0,9.727106282E0
4.852339770E-1,-7.477571070E-2,2.673979402E-1,9.723235130E0,9.727198696E0
4.873545630E-1,-7.956135273E-2,2.626122832E-1,9.728020668E0,9.731889916E0
4.895196430E-1,-7.956135273E-2,2.530409992E-1,9.728020668E0,9.731636341E0
4.916584670E-1,-6.041877344E-2,2.721835673E-1,9.742377281E0,9.746365959E0
4.938516230E-1,-8.434699476E-2,2.578266263E-1,9.732806206E0,9.736585933E0
4.960050560E-1,-7.058826834E-2,2.769692242E-1,9.699306488E0,9.703516940E0
4.981698820E-1,-8.913264424E-2,2.673979402E-1,9.718449593E0,9.722536129E0
5.003214940E-1,-9.391828626E-2,2.769692242E-1,9.732806206E0,9.737199250E0
5.024852610E-1,-9.391828626E-2,2.626122832E-1,9.747162819E0,9.751152182E0
5.046378800E-1,-8.434699476E-2,2.721835673E-1,9.747162819E0,9.751327157E0
5.068014340E-1,-8.913264424E-2,2.578266263E-1,9.756733894E0,9.760546884E0
5.089515200E-1,-7.956135273E-2,2.673979402E-1,9.747162819E0,9.751154531E0
5.111028670E-1,-8.434699476E-2,2.530409992E-1,9.742377281E0,9.746027870E0
5.132335130E-1,-9.391828626E-2,2.769692242E-1,9.751948357E0,9.756332782E0
5.153954300E-1,-8.434699476E-2,2.673979402E-1,9.761520386E0,9.765546391E0
5.175628290E-1,-7.956135273E-2,2.626122832E-1,9.756733894E0,9.760591760E0
5.197273790E-1,-8.434699476E-2,2.673979402E-1,9.742377281E0,9.746411194E0
5.218846980E-1,-9.391828626E-2,2.626122832E-1,9.761520386E0,9.765503883E0
5.240392590E-1,-7.956135273E-2,2.626122832E-1,9.766305923E0,9.770160009E0
5.261957040E-1,-8.913264424E-2,2.721835673E-1,9.761520386E0,9.765721108E0
5.283539170E-1,-9.391828626E-2,2.626122832E-1,9.747162819E0,9.751152182E0
5.305107260E-1,-9.870393574E-2,2.673979402E-1,9.780662537E0,9.784814959E0
5.326691840E-1,-8.913264424E-2,2.673979402E-1,9.756733894E0,9.760804402E0
5.348256080E-1,-8.913264424E-2,2.626122832E-1,9.756733894E0,9.760674471E0
5.369844110E-1,-8.434699476E-2,2.578266263E-1,9.747162819E0,9.750936981E0
5.391392580E-1,-8.913264424E-2,2.721835673E-1,9.751948357E0,9.756153201E0
5.412891600E-1,-8.434699476E-2,2.673979402E-1,9.751948357E0,9.755978312E0
5.434528060E-1,-9.391828626E-2,2.673979402E-1,9.771091461E0,9.775200798E0
5.456034610E-1,-6.999006122E-2,2.578266263E-1,9.766305923E0,9.769959292E0
5.477728440E-1,-8.434699476E-2,2.578266263E-1,9.785448074E0,9.789207476E0
5.499288700E-1,-9.870393574E-2,2.530409992E-1,9.780662537E0,9.784433140E0
5.520877150E-1,-8.434699476E-2,2.530409992E-1,9.775876999E0,9.779515083E0
5.542438540E-1,-9.391828626E-2,2.673979402E-1,9.775876999E0,9.779984325E0
5.564002460E-1,-9.870393574E-2,2.578266263E-1,9.785448074E0,9.789341707E0
5.585555300E-1,-9.391828626E-2,2.721835673E-1,9.795019150E0,9.799250210E0
5.607149650E-1,-8.434699476E-2,2.482553422E-1,9.790233612E0,9.793743886E0
5.628730760E-1,-9.391828626E-2,2.721835673E-1,9.775876999E0,9.780116341E0
5.650305770E-1,-9.870393574E-2,2.530409992E-1,9.766305923E0,9.770082067E0
5.671882110E-1,-9.391828626E-2,2.530409992E-1,9.761520386E0,9.765251181E0
5.693447770E-1,-8.913264424E-2,2.626122832E-1,9.775876999E0,9.779809862E0
5.715034590E-1,-7.956135273E-2,2.434697002E-1,9.775876999E0,9.779232005E0
5.736606850E-1,-8.913264424E-2,2.626122832E-1,9.785448074E0,9.789377092E0
5.758180440E-1,-7.956135273E-2,2.578266263E-1,9.785448074E0,9.789167411E0
5.779721280E-1,-8.913264424E-2,2.721835673E-1,9.766305923E0,9.770504588E0
5.801233220E-1,-7.477571070E-2,2.721835673E-1,9.795019150E0,9.799085439E0
5.822892980E-1,-7.477571070E-2,2.626122832E-1,9.775876999E0,9.779689551E0
5.844476840E-1,-7.956135273E-2,2.578266263E-1,9.766305923E0,9.770032547E0
5.866065080E-1,-7.956135273E-2,2.673979402E-1,9.780662537E0,9.784640582E0
5.887614660E-1,-8.434699476E-2,2.626122832E-1,9.790233612E0,9.794118327E0
5.909145130E-1,-8.434699476E-2,2.673979402E-1,9.780662537E0,9.784680666E0
5.930778730E-1,-6.520441920E-2,2.626122832E-1,9.751948357E0,9.755701593E0
5.952339910E-1,-8.913264424E-2,2.721835673E-1,9.751948357E0,9.756153201E0
5.973935780E-1,-6.520441920E-2,2.673979402E-1,9.785448074E0,9.789318020E0
5.995456170E-1,-6.520441920E-2,2.434697002E-1,9.785448074E0,9.788693637E0
6.016945640E-1,-7.477571070E-2,2.578266263E-1,9.775876999E0,9.779562213E0
6.038596940E-1,-8.434699476E-2,2.530409992E-1,9.775876999E0,9.779515083E0
6.060048760E-1,-6.999006122E-2,2.673979402E-1,9.795019150E0,9.798918329E0
6.081802710E-1,-7.477571070E-2,2.626122832E-1,9.785448074E0,9.789256899E0
6.103370310E-1,-8.434699476E-2,2.578266263E-1,9.756733894E0,9.760504355E0
6.124976550E-1,-6.999006122E-2,2.626122832E-1,9.756733894E0,9.760518434E0
6.146591240E-1,-6.999006122E-2,2.769692242E-1,9.771091461E0,9.775266692E0
6.168382930E-1,-6.999006122E-2,2.578266263E-1,9.804591179E0,9.808230287E0
6.189834250E-1,-7.956135273E-2,2.626122832E-1,9.775876999E0,9.779727313E0
6.211397670E-1,-7.956135273E-2,2.530409992E-1,9.756733894E0,9.760338931E0
6.232891300E-1,-8.434699476E-2,2.673979402E-1,9.771091461E0,9.775113524E0
6.254416470E-1,-6.999006122E-2,2.721835673E-1,9.761520386E0,9.765565152E0
6.276098800E-1,-7.477571070E-2,2.578266263E-1,9.771091461E0,9.774778479E0
6.297630690E-1,-6.999006122E-2,2.482553422E-1,9.742377281E0,9.745791113E0
6.319144870E-1,-6.520441920E-2,2.721835673E-1,9.771091461E0,9.775099174E0
6.340771970E-1,-7.956135273E-2,2.673979402E-1,9.756733894E0,9.760721692E0
6.362240170E-1,-6.520441920E-2,2.673979402E-1,9.751948357E0,9.755831591E0
6.383994840E-1,-6.999006122E-2,2.626122832E-1,9.756733894E0,9.760518434E0
6.405562530E-1,-7.956135273E-2,2.721835673E-1,9.795019150E0,9.799123126E0
6.427210980E-1,-6.520441920E-2,2.721835673E-1,9.732806206E0,9.736829677E0
6.448694960E-1,-6.999006122E-2,2.626122832E-1,9.742377281E0,9.746167396E0
6.470270280E-1,-7.477571070E-2,2.626122832E-1,9.747162819E0,9.750986598E0
6.491842340E-1,-7.477571070E-2,2.530409992E-1,9.756733894E0,9.760301094E0
6.513406770E-1,-7.956135273E-2,2.578266263E-1,9.737591743E0,9.741329352E0
6.534991550E-1,-6.999006122E-2,2.721835673E-1,9.732806206E0,9.736862900E0
6.556518960E-1,-5.084748194E-2,2.626122832E-1,9.732806206E0,9.736481259E0
6.577964990E-1,-6.999006122E-2,2.626122832E-1,9.756733894E0,9.760518434E0
6.599524030E-1,-7.477571070E-2,2.673979402E-1,9.732806206E0,9.736765875E0
6.621289170E-1,-7.956135273E-2,2.769692242E-1,9.737591743E0,9.741854799E0
6.642886260E-1,-7.477571070E-2,2.626122832E-1,9.732806206E0,9.736635623E0
6.664422830E-1,-7.956135273E-2,2.673979402E-1,9.742377281E0,9.746370953E0
6.685766720E-1,-7.956135273E-2,2.865405083E-1,9.728020668E0,9.732565006E0
6.707587400E-1,-6.520441920E-2,2.673979402E-1,9.723235130E0,9.727129827E0
6.729151330E-1,-5.563312769E-2,2.817548811E-1,9.756733894E0,9.760959847E0
6.750762360E-1,-7.477571070E-2,2.578266263E-1,9.742377281E0,9.746075162E0
6.772193940E-1,-6.999006122E-2,2.626122832E-1,9.728020668E0,9.731816374E0
6.793941270E-1,-6.999006122E-2,2.626122832E-1,9.732806206E0,9.736600046E0
6.815440300E-1,-7.956135273E-2,2.626122832E-1,9.728020668E0,9.731889916E0
6.837063530E-1,-5.563312769E-2,2.626122832E-1,9.742377281E0,9.746074869E0
6.858582900E-1,-6.520441920E-2,2.578266263E-1,9.732806206E0,9.736438919E0
6.880182130E-1,-7.477571070E-2,2.530409992E-1,9.728020668E0,9.731598392E0
6.901712690E-1,-6.999006122E-2,2.578266263E-1,9.728020668E0,9.731688409E0
6.923205110E-1,-7.477571070E-2,2.626122832E-1,9.747162819E0,9.750986598E0
6.944912260E-1,-7.956135273E-2,2.578266263E-1,9.723235130E0,9.726978255E0
6.966478730E-1,-7.956135273E-2,2.626122832E-1,9.747162819E0,9.751024471E0
6.988075210E-1,-7.956135273E-2,2.626122832E-1,9.728020668E0,9.731889916E0
7.009591330E-1,-8.434699476E-2,2.673979402E-1,9.737591743E0,9.741627638E0
7.031035530E-1,-8.913264424E-2,2.721835673E-1,9.751948357E0,9.756153201E0
7.052585820E-1,-6.999006122E-2,2.578266263E-1,9.742377281E0,9.746039620E0
7.074093590E-1,-6.041877344E-2,2.721835673E-1,9.737591743E0,9.741582381E0
7.095959130E-1,-7.956135273E-2,2.721835673E-1,9.718449593E0,9.722585890E0
7.117481350E-1,-6.999006122E-2,2.578266263E-1,9.728020668E0,9.731688409E0
7.138930840E-1,-8.913264424E-2,2.626122832E-1,9.728020668E0,9.731972871E0
7.160615620E-1,-8.494520187E-2,2.530409992E-1,9.718449593E0,9.722114375E0
7.182107120E-1,-8.913264424E-2,2.673979402E-1,9.723235130E0,9.727319656E0
7.203842960E-1,-8.434699476E-2,2.578266263E-1,9.732806206E0,9.736585933E0
7.225372600E-1,-8.434699476E-2,2.721835673E-1,9.751948357E0,9.756110652E0
7.246970300E-1,-7.477571070E-2,2.626122832E-1,9.728020668E0,9.731851968E0
7.268524060E-1,-9.391828626E-2,2.578266263E-1,9.728020668E0,9.731889916E0
7.290094190E-1,-6.999006122E-2,2.721835673E-1,9.751948357E0,9.755997092E0
7.311666660E-1,-8.434699476E-2,2.673979402E-1,9.756733894E0,9.760761874E0
7.333233540E-1,-8.913264424E-2,2.530409992E-1,9.728020668E0,9.731719298E0
7.354866120E-1,-8.913264424E-2,2.482553422E-1,9.728020668E0,9.731596039E0
7.376586300E-1,-8.434699476E-2,2.721835673E-1,9.728020668E0,9.732193197E0
7.397972920E-1,-8.913264424E-2,2.673979402E-1,9.742377281E0,9.746453785E0
7.419531360E-1,-7.477571070E-2,2.626122832E-1,9.742377281E0,9.746202938E0
7.441064460E-1,-6.520441920E-2,2.626122832E-1,9.732806206E0,9.736566821E0
7.462687800E-1,-8.434699476E-2,2.578266263E-1,9.747162819E0,9.750936981E0
7.484268410E-1,-8.434699476E-2,2.673979402E-1,9.747162819E0,9.751194752E0
7.505831730E-1,-9.870393574E-2,2.578266263E-1,9.742377281E0,9.746288120E0
7.527410710E-1,-9.391828626E-2,2.721835673E-1,9.742377281E0,9.746631194E0
7.549029670E-1,-8.434699476E-2,2.721835673E-1,9.728020668E0,9.732193197E0
7.570705090E-1,-7.477571070E-2,2.530409992E-1,9.761520386E0,9.765085837E0
7.591898330E-1,-7.956135273E-2,2.626122832E-1,9.775876999E0,9.779727313E0
7.613715850E-1,-8.913264424E-2,2.530409992E-1,9.747162819E0,9.750854188E0
7.635237660E-1,-7.956135273E-2,2.578266263E-1,9.742377281E0,9.746113054E0
7.656934140E-1,-7.477571070E-2,2.578266263E-1,9.780662537E0,9.784345948E0
7.678457680E-1,-8.434699476E-2,2.721835673E-1,9.751948357E0,9.756110652E0
7.699880310E-1,-8.434699476E-2,2.626122832E-1,9.751948357E0,9.755848317E0
7.721581460E-1,-8.434699476E-2,2.721835673E-1,9.771091461E0,9.775245606E0
7.743147020E-1,-8.434699476E-2,2.626122832E-1,9.766305923E0,9.770200152E0
7.764753470E-1,-9.391828626E-2,2.530409992E-1,9.747162819E0,9.750899108E0
7.786293490E-1,-8.434699476E-2,2.626122832E-1,9.761520386E0,9.765416523E0
7.807842260E-1,-7.956135273E-2,2.673979402E-1,9.756733894E0,9.760721692E0
7.829575860E-1,-8.913264424E-2,2.530409992E-1,9.775876999E0,9.779557530E0
7.851023120E-1,-7.956135273E-2,2.530409992E-1,9.771091461E0,9.774691202E0
7.872630570E-1,-8.434699476E-2,2.721835673E-1,9.775876999E0,9.780029111E0
7.894136630E-1,-7.956135273E-2,2.673979402E-1,9.761520386E0,9.765506229E0
7.915735550E-1,-8.913264424E-2,2.530409992E-1,9.771091461E0,9.774773794E0
7.937320020E-1,-7.956135273E-2,2.626122832E-1,9.756733894E0,9.760591760E0
7.958905100E-1,-7.477571070E-2,2.578266263E-1,9.751948357E0,9.755642610E0
7.980483470E-1,-6.999006122E-2,2.578266263E-1,9.761520386E0,9.765175545E0
8.002054830E-1,-8.434699476E-2,2.673979402E-1,9.790233612E0,9.794247815E0
8.023632600E-1,-8.913264424E-2,2.482553422E-1,9.761520386E0,9.765083491E0
8.045195700E-1,-9.391828626E-2,2.482553422E-1,9.756733894E0,9.760343623E0
8.066762380E-1,-9.391828626E-2,2.673979402E-1,9.756733894E0,9.760849276E0
8.088343500E-1,-8.913264424E-2,2.578266263E-1,9.761520386E0,9.765331507E0
8.109881890E-1,-8.913264424E-2,2.530409992E-1,9.747162819E0,9.750854188E0
8.131373290E-1,-8.913264424E-2,2.578266263E-1,9.756733894E0,9.760546884E0
8.153079530E-1,-8.434699476E-2,2.626122832E-1,9.780662537E0,9.784551052E0
8.174651790E-1,-7.956135273E-2,2.673979402E-1,9.785448074E0,9.789424175E0
8.196243700E-1,-8.434699476E-2,2.578266263E-1,9.756733894E0,9.760504355E0
8.217784840E-1,-9.391828626E-2,2.482553422E-1,9.747162819E0,9.750776091E0
8.239333000E-1,-8.913264424E-2,2.626122832E-1,9.766305923E0,9.770242639E0
8.260949930E-1,-8.913264424E-2,2.673979402E-1,9.775876999E0,9.779939539E0
8.282507950E-1,-7.956135273E-2,2.482553422E-1,9.742377281E0,9.745864549E0
8.304070650E-1,-8.913264424E-2,2.578266263E-1,9.751948357E0,9.755763217E0
8.325539570E-1,-8.434699476E-2,2.530409992E-1,9.761520386E0,9.765163819E0
8.347220880E-1,-6.999006122E-2,2.578266263E-1,9.766305923E0,9.769959292E0
8.368686750E-1,-7.956135273E-2,2.530409992E-1,9.751948357E0,9.755555161E0
8.390390950E-1,-6.999006122E-2,2.626122832E-1,9.761520386E0,9.765303071E0
8.411792320E-1,-8.434699476E-2,2.769692242E-1,9.756733894E0,9.761028770E0
8.433379340E-1,-8.913264424E-2,2.673979402E-1,9.780662537E0,9.784723090E0
8.454838700E-1,-8.913264424E-2,2.626122832E-1,9.756733894E0,9.760674471E0
8.476562940E-1,-7.956135273E-2,2.578266263E-1,9.747162819E0,9.750896759E0
8.498132970E-1,-8.434699476E-2,2.578266263E-1,9.747162819E0,9.750936981E0
8.519730980E-1,-7.956135273E-2,2.626122832E-1,9.747162819E0,9.751024471E0
8.541272120E-1,-8.913264424E-2,2.721835673E-1,9.766305923E0,9.770504588E0
8.562843780E-1,-9.391828626E-2,2.769692242E-1,9.751948357E0,9.756332782E0
8.584345140E-1,-7.477571070E-2,2.482553422E-1,9.751948357E0,9.755394347E0
8.606003370E-1,-8.434699476E-2,2.626122832E-1,9.747162819E0,9.751064693E0
8.627564960E-1,-8.434699476E-2,2.673979402E-1,9.771091461E0,9.775113524E0
8.649174250E-1,-8.913264424E-2,2.769692242E-1,9.756733894E0,9.761071297E0
8.670700840E-1,-9.391828626E-2,2.626122832E-1,9.723235130E0,9.727234307E0
8.692200380E-1,-8.434699476E-2,2.673979402E-1,9.737591743E0,9.741627638E0
8.713865220E-1,-8.434699476E-2,2.578266263E-1,9.756733894E0,9.760504355E0
8.735448170E-1,-7.477571070E-2,2.673979402E-1,9.756733894E0,9.760683857E0
8.757039260E-1,-7.956135273E-2,2.482553422E-1,9.747162819E0,9.750648375E0
8.778594750E-1,-6.520441920E-2,2.626122832E-1,9.737591743E0,9.741350512E0
8.800145040E-1,-6.999006122E-2,2.769692242E-1,9.742377281E0,9.746564813E0
8.821751490E-1,-7.956135273E-2,2.626122832E-1,9.751948357E0,9.755808115E0
8.843324570E-1,-8.434699476E-2,2.817548811E-1,9.732806206E0,9.737248937E0
8.864901510E-1,-7.477571070E-2,2.673979402E-1,9.713663101E0,9.717630571E0
8.886461170E-1,-8.434699476E-2,2.578266263E-1,9.732806206E0,9.736585933E0
8.908042790E-1,-7.956135273E-2,2.721835673E-1,9.747162819E0,9.751286937E0
8.929613440E-1,-7.477571070E-2,2.721835673E-1,9.737591743E0,9.741682004E0
8.951169940E-1,-6.999006122E-2,2.626122832E-1,9.737591743E0,9.741383720E0
8.972658380E-1,-6.999006122E-2,2.626122832E-1,9.728020668E0,9.731816374E0
8.994347030E-1,-8.434699476E-2,2.673979402E-1,9.732806206E0,9.736844084E0
9.015917150E-1,-7.956135273E-2,2.721835673E-1,9.737591743E0,9.741719913E0
9.037493700E-1,-9.391828626E-2,2.721835673E-1,9.728020668E0,9.732280856E0
9.058954990E-1,-8.913264424E-2,2.721835673E-1,9.732806206E0,9.737019316E0
9.080639360E-1,-6.999006122E-2,2.721835673E-1,9.737591743E0,9.741646445E0
9.102203790E-1,-9.391828626E-2,2.482553422E-1,9.728020668E0,9.731641047E0
9.123814210E-1,-8.913264424E-2,2.769692242E-1,9.756733894E0,9.761071297E0
9.145353820E-1,-8.434699476E-2,2.626122832E-1,9.718449593E0,9.722362990E0
9.166940840E-1,-8.434699476E-2,2.626122832E-1,9.737591743E0,9.741497451E0
9.188514230E-1,-8.434699476E-2,2.673979402E-1,9.728020668E0,9.732060532E0
9.210088020E-1,-7.956135273E-2,2.721835673E-1,9.737591743E0,9.741719913E0
9.231635270E-1,-7.956135273E-2,2.673979402E-1,9.751948357E0,9.755938111E0
9.253168060E-1,-6.999006122E-2,2.769692242E-1,9.728020668E0,9.732214377E0
9.274800450E-1,-7.477571070E-2,2.721835673E-1,9.718449593E0,9.722547906E0
9.296385840E-1,-7.956135273E-2,2.721835673E-1,9.747162819E0,9.751286937E0
9.317966040E-1,-6.520441920E-2,2.626122832E-1,9.751948357E0,9.755701593E0
9.339554490E-1,-7.956135273E-2,2.626122832E-1,9.718449593E0,9.722322650E0
9.361177110E-1,-6.999006122E-2,2.721835673E-1,9.723235130E0,9.727295817E0
9.382683760E-1,-7.956135273E-2,2.673979402E-1,9.737591743E0,9.741587377E0
9.404280040E-1,-7.956135273E-2,2.817548811E-1,9.728020668E0,9.732425286E0
9.425977430E-1,-8.434699476E-2,2.673979402E-1,9.756733894E0,9.760761874E0
9.447559670E-1,-6.999006122E-2,2.578266263E-1,9.732806206E0,9.736472144E0
9.469143940E-1,-7.477571070E-2,2.626122832E-1,9.742377281E0,9.746202938E0
9.490680190E-1,-7.477571070E-2,2.673979402E-1,9.756733894E0,9.760683857E0
9.512263560E-1,-8.913264424E-2,2.769692242E-1,9.742377281E0,9.746721073E0
9.533839180E-1,-6.999006122E-2,2.673979402E-1,9.737591743E0,9.741513909E0
9.555376450E-1,-7.956135273E-2,2.626122832E-1,9.751948357E0,9.755808115E0
9.576832760E-1,-8.434699476E-2,2.626122832E-1,9.751948357E0,9.755848317E0
9.598510620E-1,-6.520441920E-2,2.626122832E-1,9.742377281E0,9.746134204E0
9.620126320E-1,-7.477571070E-2,2.721835673E-1,9.732806206E0,9.736898476E0
9.641740090E-1,-6.520441920E-2,2.721835673E-1,9.742377281E0,9.746396801E0
9.663293440E-1,-7.477571070E-2,2.721835673E-1,9.766305923E0,9.770384163E0
9.684894800E-1,-6.520441920E-2,2.673979402E-1,9.747162819E0,9.751047959E0
9.706433300E-1,-6.999006122E-2,2.721835673E-1,9.751948357E0,9.755997092E0
9.728004450E-1,-8.434699476E-2,2.673979402E-1,9.742377281E0,9.746411194E0
9.749529310E-1,-6.520441920E-2,2.434697002E-1,9.771091461E0,9.774341791E0
9.770990290E-1,-6.999006122E-2,2.721835673E-1,9.756733894E0,9.760780644E0
9.792593380E-1,-7.956135273E-2,2.530409992E-1,9.742377281E0,9.745987628E0
9.814304500E-1,-8.434699476E-2,2.578266263E-1,9.751948357E0,9.755720667E0
9.835898440E-1,-6.520441920E-2,2.530409992E-1,9.747162819E0,9.750664817E0
9.857514050E-1,-6.999006122E-2,2.721835673E-1,9.766305923E0,9.770348709E0
9.879139720E-1,-7.956135273E-2,2.578266263E-1,9.766305923E0,9.770032547E0
9.900553800E-1,-7.477571070E-2,2.578266263E-1,9.751948357E0,9.755642610E0
9.922089650E-1,-7.956135273E-2,2.578266263E-1,9.761520386E0,9.765248836E0
9.943727340E-1,-7.956135273E-2,2.578266263E-1,9.771091461E0,9.774816260E0
9.965320150E-1,-6.520441920E-2,2.626122832E-1,9.756733894E0,9.760485291E0
9.986916420E-1,-7.477571070E-2,2.626122832E-1,9.771091461E0,9.774905880E0
1.000839449E0,-6.999006122E-2,2.626122832E-1,9.761520386E0,9.765303071E0
1.002978905E0,-6.520441920E-2,2.530409992E-1,9.771091461E0,9.774584887E0
1.005156325E0,-6.999006122E-2,2.578266263E-1,9.771091461E0,9.774743041E0
1.007296512E0,-7.956135273E-2,2.626122832E-1,9.761520386E0,9.765376360E0
1.009476749E0,-7.477571070E-2,2.578266263E-1,9.756733894E0,9.760426336E0
1.011605310E0,-6.999006122E-2,2.626122832E-1,9.761520386E0,9.765303071E0
1.013770380E0,-6.999006122E-2,2.673979402E-1,9.756733894E0,9.760648367E0
1.015930841E0,-6.520441920E-2,2.626122832E-1,9.775876999E0,9.779621052E0
1.018084935E0,-6.999006122E-2,2.626122832E-1,9.756733894E0,9.760518434E0
1.020253880E0,-7.956135273E-2,2.626122832E-1,9.756733894E0,9.760591760E0
1.022406021E0,-6.041877344E-2,2.578266263E-1,9.780662537E0,9.784246760E0
1.024558355E0,-6.999006122E-2,2.626122832E-1,9.771091461E0,9.774870442E0
1.026722469E0,-8.434699476E-2,2.578266263E-1,9.747162819E0,9.750936981E0
1.028880449E0,-7.477571070E-2,2.578266263E-1,9.761520386E0,9.765211018E0
1.031039700E0,-6.520441920E-2,2.626122832E-1,9.780662537E0,9.784404759E0
1.033193499E0,-8.913264424E-2,2.578266263E-1,9.771091461E0,9.774898851E0
1.035343238E0,-8.913264424E-2,2.434697002E-1,9.737591743E0,9.741042813E0
1.037510922E0,-6.520441920E-2,2.817548811E-1,9.766305923E0,9.770586923E0
1.039668109E0,-7.477571070E-2,2.578266263E-1,9.780662537E0,9.784345948E0
1.041827675E0,-7.956135273E-2,2.482553422E-1,9.780662537E0,9.784136159E0
1.043981911E0,-6.999006122E-2,2.530409992E-1,9.756733894E0,9.760265603E0
1.046140044E0,-7.956135273E-2,2.386840582E-1,9.751948357E0,9.755193327E0
1.048296904E0,-8.913264424E-2,2.482553422E-1,9.761520386E0,9.765083491E0
1.050455331E0,-8.434699476E-2,2.530409992E-1,9.771091461E0,9.774731327E0
1.052611754E0,-8.434699476E-2,2.578266263E-1,9.766305923E0,9.770072690E0
1.054767913E0,-6.520441920E-2,2.482553422E-1,9.761520386E0,9.764894396E0
1.056917734E0,-7.956135273E-2,2.673979402E-1,9.780662537E0,9.784640582E0
1.059085103E0,-7.477571070E-2,2.482553422E-1,9.771091461E0,9.774530703E0
1.061241678E0,-7.477571070E-2,2.578266263E-1,9.742377281E0,9.746075162E0
1.063403188E0,-7.477571070E-2,2.578266263E-1,9.732806206E0,9.736507722E0
1.065556387E0,-7.956135273E-2,2.673979402E-1,9.761520386E0,9.765506229E0
1.067714885E0,-8.913264424E-2,2.578266263E-1,9.775876999E0,9.779682525E0
1.069871095E0,-1.034895778E-1,2.626122832E-1,9.766305923E0,9.770384163E0
1.072030000E0,-7.956135273E-2,2.673979402E-1,9.775876999E0,9.779856991E0
1.074187136E0,-7.956135273E-2,2.721835673E-1,9.751948357E0,9.756070451E0
1.076344424E0,-8.913264424E-2,2.578266263E-1,9.751948357E0,9.755763217E0
1.078500327E0,-7.956135273E-2,2.626122832E-1,9.761520386E0,9.765376360E0
1.080656477E0,-8.434699476E-2,2.626122832E-1,9.751948357E0,9.755848317E0
1.082815921E0,-7.477571070E-2,2.530409992E-1,9.775876999E0,9.779437215E0
1.084974368E0,-8.913264424E-2,2.578266263E-1,9.738189697E0,9.742009945E0
1.087131452E0,-8.913264424E-2,2.673979402E-1,9.756733894E0,9.760804402E0
1.089286970E0,-8.913264424E-2,2.673979402E-1,9.761520386E0,9.765588898E0
1.091436781E0,-7.477571070E-2,2.817548811E-1,9.742377281E0,9.746737521E0
1.093604181E0,-8.434699476E-2,2.673979402E-1,9.728020668E0,9.732060532E0
1.095760594E0,-9.391828626E-2,2.626122832E-1,9.738189697E0,9.742182735E0
1.097921219E0,-8.913264424E-2,2.626122832E-1,9.751948357E0,9.755890866E0
1.100077733E0,-8.434699476E-2,2.530409992E-1,9.751948357E0,9.755595364E0
1.102243119E0,-7.477571070E-2,2.626122832E-1,9.732806206E0,9.736635623E0
1.104390498E0,-8.973085135E-2,2.673979402E-1,9.719047546E0,9.723139333E0
1.106549139E0,-8.434699476E-2,2.626122832E-1,9.732806206E0,9.736713833E0
1.108703965E0,-7.956135273E-2,2.578266263E-1,9.742377281E0,9.746113054E0
1.110863593E0,-9.451649338E-2,2.482553422E-1,9.728618622E0,9.732244570E0
1.113017666E0,-9.391828626E-2,2.673979402E-1,9.733404160E0,9.737529401E0
1.115169156E0,-9.391828626E-2,2.721835673E-1,9.747162819E0,9.751414644E0
1.117338518E0,-9.391828626E-2,2.530409992E-1,9.756733894E0,9.760466519E0
1.119509936E0,-8.913264424E-2,2.626122832E-1,9.728618622E0,9.732570582E0
1.121665281E0,-9.451649338E-2,2.530409992E-1,9.723833084E0,9.727584128E0
1.123810595E0,-8.015955985E-2,2.721835673E-1,9.718449593E0,9.722590804E0
1.125973244E0,-6.520441920E-2,2.673979402E-1,9.742377281E0,9.746264329E0
1.128136269E0,-9.870393574E-2,2.721835673E-1,9.733404160E0,9.737709325E0
1.130292906E0,-8.434699476E-2,2.530409992E-1,9.723235130E0,9.726892904E0
1.132437153E0,-8.434699476E-2,2.578266263E-1,9.742377281E0,9.746153296E0
1.134591471E0,-7.477571070E-2,2.626122832E-1,9.728020668E0,9.731851968E0
1.136754312E0,-6.041877344E-2,2.530409992E-1,9.737591743E0,9.741066324E0
1.138926178E0,-8.015955985E-2,2.769692242E-1,9.708877563E0,9.713158140E0
1.141084595E0,-8.434699476E-2,2.673979402E-1,9.737591743E0,9.741627638E0
1.143237691E0,-7.956135273E-2,2.578266263E-1,9.732806206E0,9.736545651E0
1.145376556E0,-8.913264424E-2,2.530409992E-1,9.732806206E0,9.736503018E0
1.147536500E0,-6.041877344E-2,2.673979402E-1,9.728020668E0,9.731882562E0
1.149707358E0,-8.913264424E-2,2.578266263E-1,9.728020668E0,9.731844908E0
1.151858481E0,-7.477571070E-2,2.626122832E-1,9.728020668E0,9.731851968E0
1.154028149E0,-7.477571070E-2,2.626122832E-1,9.723235130E0,9.727068316E0
1.156176729E0,-6.520441920E-2,2.626122832E-1,9.737591743E0,9.741350512E0
1.158343833E0,-6.999006122E-2,2.578266263E-1,9.742377281E0,9.746039620E0
1.160498466E0,-8.913264424E-2,2.578266263E-1,9.728020668E0,9.731844908E0
1.162656812E0,-9.391828626E-2,2.578266263E-1,9.732806206E0,9.736673552E0
1.164810967E0,-7.477571070E-2,2.673979402E-1,9.742377281E0,9.746333062E0
1.166962579E0,-6.999006122E-2,2.578266263E-1,9.732806206E0,9.736472144E0
1.169114384E0,-7.956135273E-2,2.626122832E-1,9.728020668E0,9.731889916E0
1.171285313E0,-7.477571070E-2,2.578266263E-1,9.747162819E0,9.750858885E0
1.173442742E0,-6.041877344E-2,2.673979402E-1,9.747162819E0,9.751017132E0
1.175603449E0,-6.999006122E-2,2.673979402E-1,9.742377281E0,9.746297520E0
1.177757380E0,-6.520441920E-2,2.626122832E-1,9.742377281E0,9.746134204E0
1.179909978E0,-7.477571070E-2,2.769692242E-1,9.747162819E0,9.751383819E0
1.182052231E0,-6.999006122E-2,2.626122832E-1,9.756733894E0,9.760518434E0
1.184229579E0,-8.434699476E-2,2.673979402E-1,9.751948357E0,9.755978312E0
1.186386582E0,-7.477571070E-2,2.721835673E-1,9.737591743E0,9.741682004E0
1.188546209E0,-6.999006122E-2,2.530409992E-1,9.732806206E0,9.736346594E0
1.190684678E0,-6.041877344E-2,2.626122832E-1,9.747162819E0,9.750887070E0
1.192846838E0,-6.999006122E-2,2.769692242E-1,9.771091461E0,9.775266692E0
1.195017513E0,-6.999006122E-2,2.673979402E-1,9.737591743E0,9.741513909E0
1.197177863E0,-6.041877344E-2,2.673979402E-1,9.737591743E0,9.741449843E0
1.199331438E0,-7.956135273E-2,2.482553422E-1,9.751948357E0,9.755432203E0
1.201475542E0,-6.520441920E-2,2.578266263E-1,9.751948357E0,9.755573942E0
1.203639717E0,-7.956135273E-2,2.673979402E-1,9.761520386E0,9.765506229E0
1.205800932E0,-6.999006122E-2,2.626122832E-1,9.756733894E0,9.760518434E0
1.207950428E0,-7.477571070E-2,2.578266263E-1,9.766305923E0,9.769994748E0
1.210123401E0,-7.477571070E-2,2.673979402E-1,9.756733894E0,9.760683857E0
1.212285277E0,-9.391828626E-2,2.673979402E-1,9.756733894E0,9.760849276E0
1.214432209E0,-6.999006122E-2,2.530409992E-1,9.747162819E0,9.750697994E0
1.216591044E0,-7.477571070E-2,2.721835673E-1,9.737591743E0,9.741682004E0
1.218746460E0,-6.999006122E-2,2.673979402E-1,9.756733894E0,9.760648367E0
1.220906697E0,-6.999006122E-2,2.626122832E-1,9.751948357E0,9.755734753E0
1.223056060E0,-7.477571070E-2,2.673979402E-1,9.761520386E0,9.765468412E0
1.225189413E0,-7.956135273E-2,2.769692242E-1,9.761520386E0,9.765772996E0
1.227378225E0,-7.477571070E-2,2.578266263E-1,9.761520386E0,9.765211018E0
1.229533143E0,-8.434699476E-2,2.721835673E-1,9.771091461E0,9.775245606E0
1.231688376E0,-6.999006122E-2,2.482553422E-1,9.766305923E0,9.769711394E0
1.233843914E0,-8.913264424E-2,2.578266263E-1,9.771091461E0,9.774898851E0
1.235980348E0,-6.999006122E-2,2.721835673E-1,9.751948357E0,9.755997092E0
1.238168510E0,-7.956135273E-2,2.769692242E-1,9.766305923E0,9.770556450E0
1.240322471E0,-8.434699476E-2,2.673979402E-1,9.761520386E0,9.765546391E0
1.242484103E0,-7.477571070E-2,2.578266263E-1,9.775876999E0,9.779562213E0
1.244637769E0,-7.956135273E-2,2.530409992E-1,9.742377281E0,9.745987628E0
1.246793033E0,-8.434699476E-2,2.578266263E-1,9.756733894E0,9.760504355E0
1.248954095E0,-6.520441920E-2,2.673979402E-1,9.761520386E0,9.765399813E0
1.251109602E0,-7.956135273E-2,2.626122832E-1,9.766305923E0,9.770160009E0
1.253268172E0,-8.913264424E-2,2.530409992E-1,9.742377281E0,9.746070463E0
1.255424391E0,-6.999006122E-2,2.626122832E-1,9.747162819E0,9.750951074E0
1.257577092E0,-7.956135273E-2,2.769692242E-1,9.775876999E0,9.780123366E0
1.259717015E0,-7.956135273E-2,2.578266263E-1,9.751948357E0,9.755680465E0
1.261897883E0,-8.434699476E-2,2.673979402E-1,9.751948357E0,9.755978312E0
1.264055435E0,-7.477571070E-2,2.817548811E-1,9.751948357E0,9.756304319E0
1.266218297E0,-7.956135273E-2,2.530409992E-1,9.771091461E0,9.774691202E0
1.268369319E0,-7.956135273E-2,2.578266263E-1,9.780662537E0,9.784383692E0
1.270528693E0,-6.999006122E-2,2.626122832E-1,9.771091461E0,9.774870442E0
1.272684058E0,-7.956135273E-2,2.673979402E-1,9.756733894E0,9.760721692E0
1.274840044E0,-8.913264424E-2,2.673979402E-1,9.751948357E0,9.756020861E0
1.276988593E0,-8.434699476E-2,2.530409992E-1,9.761520386E0,9.765163819E0
1.279153175E0,-8.434699476E-2,2.530409992E-1,9.756733894E0,9.760379114E0
1.281294370E0,-6.999006122E-2,2.578266263E-1,9.766305923E0,9.769959292E0
1.283459043E0,-7.956135273E-2,2.434697002E-1,9.761520386E0,9.764880324E0
1.285616259E0,-6.999006122E-2,2.530409992E-1,9.780662537E0,9.784185608E0
1.287791186E0,-7.477571070E-2,2.673979402E-1,9.747162819E0,9.751116658E0
1.289941587E0,-7.956135273E-2,2.673979402E-1,9.742377281E0,9.746370953E0
1.292084318E0,-7.477571070E-2,2.578266263E-1,9.761520386E0,9.765211018E0
1.294258289E0,-7.477571070E-2,2.626122832E-1,9.771091461E0,9.774905880E0
1.296417154E0,-7.477571070E-2,2.482553422E-1,9.785448074E0,9.788882272E0
1.298579772E0,-8.434699476E-2,2.578266263E-1,9.775876999E0,9.779640079E0
1.300729350E0,-7.956135273E-2,2.673979402E-1,9.742377281E0,9.746370953E0
1.302878194E0,-8.913264424E-2,2.578266263E-1,9.761520386E0,9.765331507E0
1.305042501E0,-7.956135273E-2,2.673979402E-1,9.756733894E0,9.760721692E0
1.307188609E0,-7.956135273E-2,2.673979402E-1,9.737591743E0,9.741587377E0
1.309363770E0,-8.434699476E-2,2.673979402E-1,9.771091461E0,9.775113524E0
1.311512178E0,-7.477571070E-2,2.769692242E-1,9.751948357E0,9.756167286E0
1.313657604E0,-8.913264424E-2,2.626122832E-1,9.775876999E0,9.779809862E0
1.315832358E0,-8.434699476E-2,2.626122832E-1,9.756733894E0,9.760631942E0
1.317983318E0,-6.999006122E-2,2.673979402E-1,9.751948357E0,9.755864750E0
1.320153281E0,-9.391828626E-2,2.769692242E-1,9.747162819E0,9.751549396E0
1.322305656E0,-6.999006122E-2,2.578266263E-1,9.742377281E0,9.746039620E0
1.324464419E0,-6.999006122E-2,2.578266263E-1,9.751948357E0,9.755607102E0
1.326620985E0,-7.956135273E-2,2.673979402E-1,9.751948357E0,9.755938111E0
1.328769850E0,-7.477571070E-2,2.530409992E-1,9.742377281E0,9.745949735E0
1.330900546E0,-8.913264424E-2,2.578266263E-1,9.747162819E0,9.750979552E0
1.333066938E0,-7.477571070E-2,2.626122832E-1,9.771091461E0,9.774905880E0
1.335234389E0,-6.520441920E-2,2.721835673E-1,9.761520386E0,9.765532026E0
1.337398553E0,-8.434699476E-2,2.626122832E-1,9.766305923E0,9.770200152E0
1.339555770E0,-7.956135273E-2,2.578266263E-1,9.756733894E0,9.760464173E0
1.341708907E0,-7.956135273E-2,2.530409992E-1,9.747162819E0,9.750771394E0
1.343864863E0,-8.913264424E-2,2.434697002E-1,9.728020668E0,9.731475132E0
1.346013413E0,-8.434699476E-2,2.673979402E-1,9.737591743E0,9.741627638E0
1.348182725E0,-7.477571070E-2,2.626122832E-1,9.747162819E0,9.750986598E0
1.350339728E0,-1.034895778E-1,2.673979402E-1,9.756733894E0,9.760946063E0
1.352499630E0,-7.477571070E-2,2.578266263E-1,9.751948357E0,9.755642610E0
1.354655676E0,-1.034895778E-1,2.578266263E-1,9.761520386E0,9.765473102E0
1.356820115E0,-8.913264424E-2,2.482553422E-1,9.771091461E0,9.774651077E0
1.358968635E0,-7.956135273E-2,2.673979402E-1,9.747162819E0,9.751154531E0
1.361127072E0,-7.956135273E-2,2.626122832E-1,9.751948357E0,9.755808115E0
1.363281481E0,-7.477571070E-2,2.673979402E-1,9.742377281E0,9.746333062E0
1.365442065E0,-7.956135273E-2,2.482553422E-1,9.742377281E0,9.745864549E0
1.367597105E0,-7.956135273E-2,2.434697002E-1,9.761520386E0,9.764880324E0
1.369747109E0,-8.434699476E-2,2.482553422E-1,9.737591743E0,9.741120987E0
1.371913328E0,-8.913264424E-2,2.673979402E-1,9.751948357E0,9.756020861E0
1.374071186E0,-8.434699476E-2,2.578266263E-1,9.751948357E0,9.755720667E0
1.376230325E0,-7.956135273E-2,2.530409992E-1,9.713663101E0,9.717284116E0
1.378383951E0,-8.913264424E-2,2.530409992E-1,9.718449593E0,9.722151864E0
1.380532683E0,-7.956135273E-2,2.578266263E-1,9.751948357E0,9.755680465E0
1.382701619E0,-7.956135273E-2,2.482553422E-1,9.771091461E0,9.774568485E0
1.384858775E0,-6.999006122E-2,2.530409992E-1,9.732806206E0,9.736346594E0
1.387018748E0,-8.434699476E-2,2.578266263E-1,9.718449593E0,9.722234901E0
1.389170085E0,-7.956135273E-2,2.721835673E-1,9.737591743E0,9.741719913E0
1.391320608E0,-7.477571070E-2,2.673979402E-1,9.742377281E0,9.746333062E0
1.393487631E0,-7.956135273E-2,2.626122832E-1,9.732806206E0,9.736673552E0
1.395645966E0,-7.956135273E-2,2.626122832E-1,9.732806206E0,9.736673552E0
1.397805025E0,-6.999006122E-2,2.626122832E-1,9.766305923E0,9.770086756E0
1.399958151E0,-8.434699476E-2,2.673979402E-1,9.775876999E0,9.779897094E0
1.402106437E0,-8.913264424E-2,2.626122832E-1,9.728020668E0,9.731972871E0
1.404275392E0,-7.956135273E-2,2.578266263E-1,9.713663101E0,9.717409913E0
1.406430707E0,-8.434699476E-2,2.530409992E-1,9.751948357E0,9.755595364E0
1.408594516E0,-7.477571070E-2,2.578266263E-1,9.771091461E0,9.774778479E0
1.410744866E0,-8.434699476E-2,2.673979402E-1,9.766305923E0,9.770329957E0
1.412897423E0,-7.956135273E-2,2.530409992E-1,9.732806206E0,9.736420102E0
1.415061852E0,-7.956135273E-2,2.626122832E-1,9.756733894E0,9.760591760E0
1.417220686E0,-7.477571070E-2,2.578266263E-1,9.756733894E0,9.760426336E0
1.419380009E0,-7.956135273E-2,2.482553422E-1,9.742377281E0,9.745864549E0
1.421535252E0,-7.956135273E-2,2.530409992E-1,9.737591743E0,9.741203864E0
1.423691604E0,-9.391828626E-2,2.530409992E-1,9.751948357E0,9.755682813E0
1.425849899E0,-8.434699476E-2,2.530409992E-1,9.747162819E0,9.750811617E0
1.428006648E0,-7.956135273E-2,2.673979402E-1,9.747162819E0,9.751154531E0
1.430165157E0,-8.434699476E-2,2.673979402E-1,9.732806206E0,9.736844084E0
1.432324723E0,-8.434699476E-2,2.673979402E-1,9.737591743E0,9.741627638E0
1.434492906E0,-8.434699476E-2,2.673979402E-1,9.742377281E0,9.746411194E0
1.436640153E0,-8.913264424E-2,2.673979402E-1,9.747162819E0,9.751237322E0
1.438811581E0,-7.477571070E-2,2.626122832E-1,9.761520386E0,9.765338543E0
1.440964545E0,-7.956135273E-2,2.578266263E-1,9.747162819E0,9.750896759E0
1.443122912E0,-8.913264424E-2,2.721835673E-1,9.737591743E0,9.741802784E0
1.445262479E0,-7.477571070E-2,2.482553422E-1,9.737591743E0,9.741042813E0
1.447420173E0,-8.434699476E-2,2.578266263E-1,9.747162819E0,9.750936981E0
1.449594714E0,-8.973085135E-2,2.626122832E-1,9.723833084E0,9.727792488E0
1.451755867E0,-9.391828626E-2,2.626122832E-1,9.733404160E0,9.737399159E0
1.453911050E0,-7.956135273E-2,2.578266263E-1,9.742377281E0,9.746113054E0
1.456045480E0,-7.956135273E-2,2.626122832E-1,9.751948357E0,9.755808115E0
1.458194426E0,-6.999006122E-2,2.673979402E-1,9.747162819E0,9.751081134E0
1.460382425E0,-6.999006122E-2,2.482553422E-1,9.742377281E0,9.745791113E0
1.462542378E0,-7.477571070E-2,2.626122832E-1,9.747162819E0,9.750986598E0
1.464701548E0,-7.956135273E-2,2.721835673E-1,9.766305923E0,9.770421961E0
1.466837687E0,-7.956135273E-2,2.673979402E-1,9.775876999E0,9.779856991E0
1.468999655E0,-7.956135273E-2,2.530409992E-1,9.732806206E0,9.736420102E0
1.471169994E0,-8.434699476E-2,2.578266263E-1,9.742377281E0,9.746153296E0
1.473330190E0,-7.477571070E-2,2.673979402E-1,9.751948357E0,9.755900257E0
1.475486950E0,-7.477571070E-2,2.626122832E-1,9.751948357E0,9.755770260E0
1.477635804E0,-7.477571070E-2,2.482553422E-1,9.756733894E0,9.760178195E0
1.479768892E0,-7.477571070E-2,2.530409992E-1,9.747162819E0,9.750733520E0
1.481943747E0,-6.999006122E-2,2.626122832E-1,9.756733894E0,9.760518434E0
1.484110008E0,-6.999006122E-2,2.626122832E-1,9.756733894E0,9.760518434E0
1.486260246E0,-6.999006122E-2,2.673979402E-1,9.756733894E0,9.760648367E0
1.488403638E0,-6.999006122E-2,2.626122832E-1,9.751948357E0,9.755734753E0
1.490557478E0,-6.520441920E-2,2.769692242E-1,9.761520386E0,9.765666583E0
1.492717715E0,-6.999006122E-2,2.578266263E-1,9.756733894E0,9.760390846E0
1.494878005E0,-6.999006122E-2,2.673979402E-1,9.766305923E0,9.770216561E0
1.497034621E0,-8.434699476E-2,2.578266263E-1,9.761520386E0,9.765288999E0
1.499193160E0,-6.999006122E-2,2.578266263E-1,9.756733894E0,9.760390846E0
1.501348199E0,-6.520441920E-2,2.578266263E-1,9.766305923E0,9.769926181E0
1.503508753E0,-8.434699476E-2,2.673979402E-1,9.756733894E0,9.760761874E0
1.505665227E0,-7.956135273E-2,2.626122832E-1,9.766305923E0,9.770160009E0
1.507823634E0,-6.520441920E-2,2.626122832E-1,9.775876999E0,9.779621052E0
1.509979976E0,-6.520441920E-2,2.578266263E-1,9.766305923E0,9.769926181E0
1.512138383E0,-8.434699476E-2,2.578266263E-1,9.775876999E0,9.779640079E0
1.514293982E0,-6.520441920E-2,2.482553422E-1,9.761520386E0,9.764894396E0
1.516452908E0,-7.477571070E-2,2.626122832E-1,9.766305923E0,9.770122211E0
1.518609941E0,-5.084748194E-2,2.578266263E-1,9.751948357E0,9.755488547E0
1.520768581E0,-6.041877344E-2,2.673979402E-1,9.751948357E0,9.755800779E0
1.522925524E0,-6.520441920E-2,2.673979402E-1,9.780662537E0,9.784534375E0
1.525082883E0,-6.041877344E-2,2.721835673E-1,9.771091461E0,9.775068423E0
1.527239489E0,-6.520441920E-2,2.578266263E-1,9.742377281E0,9.746006427E0
1.529397438E0,-6.999006122E-2,2.578266263E-1,9.766305923E0,9.769959292E0
1.531553729E0,-6.041877344E-2,2.578266263E-1,9.761520386E0,9.765111635E0
1.533712593E0,-6.041877344E-2,2.626122832E-1,9.766305923E0,9.770022878E0
1.535868885E0,-7.477571070E-2,2.673979402E-1,9.747162819E0,9.751116658E0
1.538028145E0,-6.520441920E-2,2.673979402E-1,9.766305923E0,9.770183451E0
1.540184996E0,-5.084748194E-2,2.673979402E-1,9.775876999E0,9.779665548E0
1.542342528E0,-6.999006122E-2,2.721835673E-1,9.775876999E0,9.779915828E0
1.544497172E0,-6.999006122E-2,2.626122832E-1,9.737591743E0,9.741383720E0
1.546650767E0,-7.956135273E-2,2.817548811E-1,9.761520386E0,9.765909894E0
1.548814362E0,-6.041877344E-2,2.578266263E-1,9.789635658E0,9.793216597E0
1.550972056E0,-6.999006122E-2,2.530409992E-1,9.785448074E0,9.788969423E0
1.553132528E0,-7.956135273E-2,2.626122832E-1,9.751948357E0,9.755808115E0
1.555297079E0,-6.999006122E-2,2.721835673E-1,9.742377281E0,9.746429992E0
1.557446331E0,-7.477571070E-2,2.721835673E-1,9.780662537E0,9.784734792E0
1.559614005E0,-6.520441920E-2,2.721835673E-1,9.756733894E0,9.760747502E0
1.561767885E0,-6.520441920E-2,2.626122832E-1,9.742377281E0,9.746134204E0
1.563925996E0,-6.520441920E-2,2.626122832E-1,9.761520386E0,9.765269943E0
1.566072634E0,-8.434699476E-2,2.721835673E-1,9.756733894E0,9.760894149E0
1.568246483E0,-6.999006122E-2,2.769692242E-1,9.756733894E0,9.760915267E0
1.570397891E0,-8.434699476E-2,2.530409992E-1,9.751948357E0,9.755595364E0
1.572559522E0,-8.434699476E-2,2.721835673E-1,9.728020668E0,9.732193197E0
1.574712599E0,-6.999006122E-2,2.673979402E-1,9.761520386E0,9.765432940E0
1.576870070E0,-8.913264424E-2,2.673979402E-1,9.756733894E0,9.760804402E0
1.579023116E0,-8.434699476E-2,2.578266263E-1,9.761520386E0,9.765288999E0
1.581185775E0,-8.913264424E-2,2.578266263E-1,9.742377281E0,9.746195888E0
1.583340102E0,-8.434699476E-2,2.673979402E-1,9.737591743E0,9.741627638E0
1.585491907E0,-9.391828626E-2,2.626122832E-1,9.742377281E0,9.746368603E0
1.587657211E0,-7.956135273E-2,2.578266263E-1,9.747162819E0,9.750896759E0
1.589816046E0,-7.956135273E-2,2.673979402E-1,9.756733894E0,9.760721692E0
1.591975978E0,-7.956135273E-2,2.626122832E-1,9.747162819E0,9.751024471E0
1.594130713E0,-8.434699476E-2,2.626122832E-1,9.756733894E0,9.760631942E0
1.596287105E0,-8.434699476E-2,2.578266263E-1,9.761520386E0,9.765288999E0
1.598445268E0,-7.956135273E-2,2.530409992E-1,9.751948357E0,9.755555161E0
1.600599422E0,-7.477571070E-2,2.673979402E-1,9.761520386E0,9.765468412E0
1.602750322E0,-7.956135273E-2,2.626122832E-1,9.747162819E0,9.751024471E0
1.604916907E0,-8.913264424E-2,2.673979402E-1,9.742377281E0,9.746453785E0
1.607075671E0,-7.956135273E-2,2.769692242E-1,9.751948357E0,9.756205139E0
1.609235400E0,-8.434699476E-2,2.721835673E-1,9.747162819E0,9.751327157E0
1.611388710E0,-8.434699476E-2,2.530409992E-1,9.723235130E0,9.726892904E0
1.613540810E0,-8.434699476E-2,2.721835673E-1,9.723235130E0,9.727409712E0
1.615706042E0,-8.434699476E-2,2.721835673E-1,9.742377281E0,9.746543664E0
1.617861459E0,-8.434699476E-2,2.626122832E-1,9.737591743E0,9.741497451E0
1.620019846E0,-8.913264424E-2,2.673979402E-1,9.732806206E0,9.736886716E0
1.622168537E0,-8.913264424E-2,2.673979402E-1,9.742377281E0,9.746453785E0
1.624330687E0,-8.434699476E-2,2.626122832E-1,9.766305923E0,9.770200152E0
1.626492288E0,-9.870393574E-2,2.578266263E-1,9.733404160E0,9.737318603E0
1.628651407E0,-9.391828626E-2,2.673979402E-1,9.742377281E0,9.746498725E0
1.630807200E0,-8.434699476E-2,2.626122832E-1,9.728020668E0,9.731930217E0
1.632964326E0,-7.956135273E-2,2.817548811E-1,9.751948357E0,9.756342172E0
1.635120942E0,-8.434699476E-2,2.721835673E-1,9.761520386E0,9.765678602E0
1.637279512E0,-8.913264424E-2,2.626122832E-1,9.732806206E0,9.736756466E0
1.639435935E0,-7.956135273E-2,2.578266263E-1,9.742377281E0,9.746113054E0
1.641594626E0,-7.956135273E-2,2.626122832E-1,9.747162819E0,9.751024471E0
1.643754203E0,-8.913264424E-2,2.673979402E-1,9.732806206E0,9.736886716E0
1.645918153E0,-7.477571070E-2,2.626122832E-1,9.723235130E0,9.727068316E0
1.648065848E0,-8.434699476E-2,2.578266263E-1,9.747162819E0,9.750936981E0
1.650223859E0,-9.391828626E-2,2.578266263E-1,9.728618622E0,9.732487632E0
1.652378360E0,-7.956135273E-2,2.578266263E-1,9.742377281E0,9.746113054E0
1.654536471E0,-9.391828626E-2,2.769692242E-1,9.732806206E0,9.737199250E0
1.656685784E0,-7.477571070E-2,2.673979402E-1,9.747162819E0,9.751116658E0
1.658859715E0,-8.913264424E-2,2.721835673E-1,9.761520386E0,9.765721108E0
1.661028335E0,-8.434699476E-2,2.578266263E-1,9.737591743E0,9.741369614E0
1.663187738E0,-8.434699476E-2,2.626122832E-1,9.742377281E0,9.746281071E0
1.665341527E0,-7.477571070E-2,2.626122832E-1,9.728020668E0,9.731851968E0
1.667504206E0,-7.956135273E-2,2.626122832E-1,9.737591743E0,9.741457190E0
1.669676743E0,-9.391828626E-2,2.721835673E-1,9.732806206E0,9.737064300E0
1.671811823E0,-7.477571070E-2,2.626122832E-1,9.747162819E0,9.750986598E0
1.673967708E0,-7.477571070E-2,2.482553422E-1,9.742377281E0,9.745826656E0
1.676121201E0,-8.434699476E-2,2.578266263E-1,9.737591743E0,9.741369614E0
1.678277747E0,-8.434699476E-2,2.673979402E-1,9.728020668E0,9.732060532E0
1.680417457E0,-7.477571070E-2,2.578266263E-1,9.742377281E0,9.746075162E0
1.682603889E0,-8.434699476E-2,2.530409992E-1,9.742377281E0,9.746027870E0
1.684757158E0,-8.434699476E-2,2.530409992E-1,9.742377281E0,9.746027870E0
1.686919268E0,-7.956135273E-2,2.578266263E-1,9.747162819E0,9.750896759E0
1.689066383E0,-7.956135273E-2,2.673979402E-1,9.771091461E0,9.775073402E0
1.691214027E0,-8.434699476E-2,2.578266263E-1,9.771091461E0,9.774856384E0
1.693386310E0,-8.913264424E-2,2.578266263E-1,9.751948357E0,9.755763217E0
1.695543872E0,-7.956135273E-2,2.530409992E-1,9.747162819E0,9.750771394E0
1.697704527E0,-8.913264424E-2,2.578266263E-1,9.742377281E0,9.746195888E0
1.699857654E0,-8.434699476E-2,2.769692242E-1,9.756733894E0,9.761028770E0
1.702019683E0,-7.956135273E-2,2.626122832E-1,9.751948357E0,9.755808115E0
1.704188160E0,-6.999006122E-2,2.530409992E-1,9.732806206E0,9.736346594E0
1.706326202E0,-8.913264424E-2,2.721835673E-1,9.747162819E0,9.751369726E0
1.708487417E0,-7.956135273E-2,2.626122832E-1,9.766305923E0,9.770160009E0
1.710638367E0,-6.041877344E-2,2.626122832E-1,9.751948357E0,9.755670781E0
1.712791219E0,-7.956135273E-2,2.530409992E-1,9.751948357E0,9.755555161E0
1.714957856E0,-7.477571070E-2,2.673979402E-1,9.761520386E0,9.765468412E0
1.717105825E0,-7.477571070E-2,2.626122832E-1,9.761520386E0,9.765338543E0
1.719278545E0,-6.999006122E-2,2.578266263E-1,9.761520386E0,9.765175545E0
1.721428977E0,-7.477571070E-2,2.721835673E-1,9.766305923E0,9.770384163E0
1.723578330E0,-7.477571070E-2,2.578266263E-1,9.756733894E0,9.760426336E0
1.725734245E0,-6.041877344E-2,2.626122832E-1,9.747162819E0,9.750887070E0
1.727905489E0,-7.956135273E-2,2.721835673E-1,9.737591743E0,9.741719913E0
1.730065656E0,-7.956135273E-2,2.482553422E-1,9.747162819E0,9.750648375E0
1.732223340E0,-7.956135273E-2,2.673979402E-1,9.771091461E0,9.775073402E0
1.734368767E0,-6.999006122E-2,2.673979402E-1,9.751948357E0,9.755864750E0
1.736503929E0,-8.434699476E-2,2.673979402E-1,9.766305923E0,9.770329957E0
1.738692041E0,-7.956135273E-2,2.626122832E-1,9.756733894E0,9.760591760E0
1.740849888E0,-6.999006122E-2,2.673979402E-1,9.766305923E0,9.770216561E0
1.743014072E0,-8.434699476E-2,2.673979402E-1,9.751948357E0,9.755978312E0
1.745165236E0,-8.913264424E-2,2.721835673E-1,9.756733894E0,9.760936677E0
1.747318933E0,-6.999006122E-2,2.626122832E-1,9.771091461E0,9.774870442E0
1.749463760E0,-6.520441920E-2,2.578266263E-1,9.771091461E0,9.774709946E0
1.751623378E0,-7.956135273E-2,2.626122832E-1,9.775876999E0,9.779727313E0
1.753789068E0,-8.434699476E-2,2.578266263E-1,9.756733894E0,9.760504355E0
1.755925095E0,-8.434699476E-2,2.626122832E-1,9.771091461E0,9.774983784E0
1.758096696E0,-8.913264424E-2,2.721835673E-1,9.747162819E0,9.751369726E0
1.760253902E0,-7.477571070E-2,2.530409992E-1,9.751948357E0,9.755517306E0
1.762431372E0,-7.956135273E-2,2.530409992E-1,9.761520386E0,9.765123655E0
1.764589351E0,-7.956135273E-2,2.578266263E-1,9.766305923E0,9.770032547E0
1.766755886E0,-8.434699476E-2,2.673979402E-1,9.766305923E0,9.770329957E0
1.768882484E0,-8.434699476E-2,2.721835673E-1,9.766305923E0,9.770462103E0
1.771054125E0,-8.913264424E-2,2.673979402E-1,9.761520386E0,9.765588898E0
1.773206358E0,-7.956135273E-2,2.673979402E-1,9.771091461E0,9.775073402E0
1.775372210E0,-6.999006122E-2,2.578266263E-1,9.780662537E0,9.784310545E0
1.777522113E0,-8.434699476E-2,2.578266263E-1,9.766305923E0,9.770072690E0
1.779668374E0,-6.999006122E-2,2.578266263E-1,9.761520386E0,9.765175545E0
1.781825428E0,-8.434699476E-2,2.721835673E-1,9.737591743E0,9.741760173E0
1.783982624E0,-8.434699476E-2,2.530409992E-1,9.761520386E0,9.765163819E0
1.786141682E0,-8.434699476E-2,2.673979402E-1,9.751948357E0,9.755978312E0
1.788295430E0,-9.870393574E-2,2.721835673E-1,9.751948357E0,9.756245339E0
1.790438527E0,-7.956135273E-2,2.626122832E-1,9.756733894E0,9.760591760E0
1.792615580E0,-7.956135273E-2,2.673979402E-1,9.771091461E0,9.775073402E0
1.794771851E0,-6.999006122E-2,2.530409992E-1,9.766305923E0,9.769834172E0
1.796935110E0,-8.434699476E-2,2.626122832E-1,9.761520386E0,9.765416523E0
1.799089183E0,-7.477571070E-2,2.386840582E-1,9.751948357E0,9.755155470E0
1.801251222E0,-8.434699476E-2,2.673979402E-1,9.747162819E0,9.751194752E0
1.803402406E0,-7.477571070E-2,2.626122832E-1,9.761520386E0,9.765338543E0
1.805563254E0,-7.956135273E-2,2.578266263E-1,9.766305923E0,9.770032547E0
1.807714998E0,-9.870393574E-2,2.578266263E-1,9.751948357E0,9.755855359E0
1.809874890E0,-8.913264424E-2,2.530409992E-1,9.751948357E0,9.755637915E0
1.812030469E0,-8.434699476E-2,2.626122832E-1,9.728020668E0,9.731930217E0
1.814190117E0,-6.999006122E-2,2.721835673E-1,9.766305923E0,9.770348709E0
1.816347120E0,-8.913264424E-2,2.626122832E-1,9.756733894E0,9.760674471E0
1.818504723E0,-8.434699476E-2,2.673979402E-1,9.742377281E0,9.746411194E0
1.820661258E0,-7.956135273E-2,2.530409992E-1,9.751948357E0,9.755555161E0
1.822817824E0,-8.913264424E-2,2.673979402E-1,9.766305923E0,9.770372443E0
1.824965753E0,-7.956135273E-2,2.530409992E-1,9.771091461E0,9.774691202E0
1.827134668E0,-7.477571070E-2,2.626122832E-1,9.732806206E0,9.736635623E0
1.829290563E0,-8.434699476E-2,2.578266263E-1,9.732806206E0,9.736585933E0
1.831452153E0,-7.477571070E-2,2.578266263E-1,9.761520386E0,9.765211018E0
1.833607600E0,-8.434699476E-2,2.482553422E-1,9.766305923E0,9.769824795E0
1.835767543E0,-7.956135273E-2,2.721835673E-1,9.732806206E0,9.736936404E0
1.837920721E0,-7.477571070E-2,2.578266263E-1,9.728020668E0,9.731724004E0
1.840078842E0,-6.999006122E-2,2.673979402E-1,9.737591743E0,9.741513909E0
1.842234656E0,-6.999006122E-2,2.530409992E-1,9.761520386E0,9.765050363E0
1.844390204E0,-8.434699476E-2,2.530409992E-1,9.737591743E0,9.741244126E0
1.846535509E0,-9.391828626E-2,2.626122832E-1,9.737591743E0,9.741585026E0
1.848708991E0,-6.999006122E-2,2.769692242E-1,9.756733894E0,9.760915267E0
1.850866177E0,-7.477571070E-2,2.578266263E-1,9.751948357E0,9.755642610E0
1.853027371E0,-7.477571070E-2,2.721835673E-1,9.737591743E0,9.741682004E0
1.855182808E0,-7.956135273E-2,2.673979402E-1,9.723235130E0,9.727236661E0
1.857348946E0,-6.999006122E-2,2.626122832E-1,9.747162819E0,9.750951074E0
1.859495186E0,-8.434699476E-2,2.769692242E-1,9.751948357E0,9.756245339E0
1.861653441E0,-8.913264424E-2,2.578266263E-1,9.747162819E0,9.750979552E0
1.863804655E0,-7.477571070E-2,2.578266263E-1,9.732806206E0,9.736507722E0
1.865958902E0,-6.999006122E-2,2.673979402E-1,9.728020668E0,9.731946690E0
1.868127847E0,-6.999006122E-2,2.769692242E-1,9.751948357E0,9.756131780E0
1.870283477E0,-7.956135273E-2,2.530409992E-1,9.737591743E0,9.741203864E0
1.872439677E0,-7.477571070E-2,2.626122832E-1,9.728020668E0,9.731851968E0
1.874587372E0,-6.999006122E-2,2.673979402E-1,9.747162819E0,9.751081134E0
1.876754548E0,-6.520441920E-2,2.673979402E-1,9.747162819E0,9.751047959E0
1.878913107E0,-8.434699476E-2,2.626122832E-1,9.732806206E0,9.736713833E0
1.881071901E0,-6.999006122E-2,2.721835673E-1,9.737591743E0,9.741646445E0
1.883231060E0,-7.956135273E-2,2.578266263E-1,9.737591743E0,9.741329352E0
1.885397015E0,-8.434699476E-2,2.673979402E-1,9.742377281E0,9.746411194E0
1.887542797E0,-7.956135273E-2,2.578266263E-1,9.751948357E0,9.755680465E0
1.889699495E0,-6.999006122E-2,2.673979402E-1,9.747162819E0,9.751081134E0
1.891855614E0,-7.956135273E-2,2.626122832E-1,9.737591743E0,9.741457190E0
1.894013929E0,-7.956135273E-2,2.721835673E-1,9.732806206E0,9.736936404E0
1.896168124E0,-6.999006122E-2,2.721835673E-1,9.747162819E0,9.751213541E0
1.898311211E0,-7.956135273E-2,2.769692242E-1,9.751948357E0,9.756205139E0
1.900484724E0,-5.563312769E-2,2.530409992E-1,9.747162819E0,9.750605510E0
1.902631656E0,-7.956135273E-2,2.578266263E-1,9.761520386E0,9.765248836E0
1.904806644E0,-7.956135273E-2,2.578266263E-1,9.747162819E0,9.750896759E0
1.906958612E0,-7.477571070E-2,2.626122832E-1,9.761520386E0,9.765338543E0
1.909120264E0,-6.999006122E-2,2.769692242E-1,9.756733894E0,9.760915267E0
1.911269475E0,-8.913264424E-2,2.578266263E-1,9.761520386E0,9.765331507E0
1.913415450E0,-8.434699476E-2,2.673979402E-1,9.747162819E0,9.751194752E0
1.915588546E0,-8.434699476E-2,2.769692242E-1,9.761520386E0,9.765813157E0
1.917747330E0,-7.956135273E-2,2.721835673E-1,9.766305923E0,9.770421961E0
1.919908677E0,-8.434699476E-2,2.769692242E-1,9.756733894E0,9.761028770E0
1.922061305E0,-6.999006122E-2,2.626122832E-1,9.761520386E0,9.765303071E0
1.924218939E0,-7.956135273E-2,2.721835673E-1,9.761520386E0,9.765638440E0
1.926392880E0,-8.434699476E-2,2.578266263E-1,9.747162819E0,9.750936981E0
1.928542243E0,-7.956135273E-2,2.769692242E-1,9.766305923E0,9.770556450E0
1.930678962E0,-7.956135273E-2,2.626122832E-1,9.728020668E0,9.731889916E0
1.932857632E0,-6.520441920E-2,2.578266263E-1,9.742377281E0,9.746006427E0
1.935002510E0,-7.477571070E-2,2.817548811E-1,9.766305923E0,9.770655485E0
1.937171689E0,-7.477571070E-2,2.626122832E-1,9.756733894E0,9.760553924E0
1.939335040E0,-7.477571070E-2,2.673979402E-1,9.766305923E0,9.770252016E0
1.941494526E0,-7.477571070E-2,2.673979402E-1,9.771091461E0,9.775035622E0
1.943650216E0,-6.520441920E-2,2.578266263E-1,9.747162819E0,9.750790184E0
1.945792337E0,-7.956135273E-2,2.626122832E-1,9.766305923E0,9.770160009E0
1.947945037E0,-7.956135273E-2,2.626122832E-1,9.771091461E0,9.774943660E0
1.950101338E0,-7.956135273E-2,2.673979402E-1,9.766305923E0,9.770289814E0
1.952252502E0,-6.999006122E-2,2.721835673E-1,9.756733894E0,9.760780644E0
1.954435618E0,-8.913264424E-2,2.673979402E-1,9.751948357E0,9.756020861E0
1.956601807E0,-7.956135273E-2,2.673979402E-1,9.751948357E0,9.755938111E0
1.958744507E0,-7.477571070E-2,2.578266263E-1,9.751948357E0,9.755642610E0
1.960898977E0,-7.477571070E-2,2.578266263E-1,9.747162819E0,9.750858885E0
1.963064190E0,-7.477571070E-2,2.721835673E-1,9.742377281E0,9.746465533E0
1.965226279E0,-8.913264424E-2,2.578266263E-1,9.761520386E0,9.765331507E0
1.967382468E0,-6.999006122E-2,2.578266263E-1,9.780662537E0,9.784310545E0
1.969535585E0,-9.870393574E-2,2.769692242E-1,9.742377281E0,9.746813300E0
1.971696545E0,-7.956135273E-2,2.673979402E-1,9.751948357E0,9.755938111E0
1.973853609E0,-7.477571070E-2,2.626122832E-1,9.775876999E0,9.779689551E0
1.976016970E0,-9.870393574E-2,2.626122832E-1,9.790233612E0,9.794252491E0
1.978187910E0,-7.956135273E-2,2.530409992E-1,9.747162819E0,9.750771394E0
1.980309584E0,-8.913264424E-2,2.578266263E-1,9.766305923E0,9.770115178E0
1.982482761E0,-8.434699476E-2,2.434697002E-1,9.771091461E0,9.774488235E0
1.984634057E0,-8.434699476E-2,2.721835673E-1,9.742377281E0,9.746543664E0
1.986802422E0,-8.434699476E-2,2.673979402E-1,9.751948357E0,9.755978312E0
1.988960524E0,-7.956135273E-2,2.673979402E-1,9.742377281E0,9.746370953E0
1.991128045E0,-8.434699476E-2,2.721835673E-1,9.766305923E0,9.770462103E0
1.993256759E0,-8.913264424E-2,2.626122832E-1,9.747162819E0,9.751107263E0
1.995427546E0,-8.434699476E-2,2.626122832E-1,9.751948357E0,9.755848317E0
1.997580348E0,-8.434699476E-2,2.626122832E-1,9.737591743E0,9.741497451E0
1.999739802E0,-7.956135273E-2,2.530409992E-1,9.756733894E0,9.760338931E0
2.001862881E0,-6.999006122E-2,2.721835673E-1,9.761520386E0,9.765565152E0
2.004030392E0,-7.956135273E-2,2.482553422E-1,9.751948357E0,9.755432203E0
2.006202063E0,-7.956135273E-2,2.482553422E-1,9.742377281E0,9.745864549E0
2.008380133E0,-8.434699476E-2,2.721835673E-1,9.751948357E0,9.756110652E0
2.010529547E0,-7.477571070E-2,2.721835673E-1,9.766305923E0,9.770384163E0
2.012661781E0,-7.956135273E-2,2.626122832E-1,9.756733894E0,9.760591760E0
2.014817675E0,-8.434699476E-2,2.578266263E-1,9.747162819E0,9.750936981E0
2.016986488E0,-8.434699476E-2,2.578266263E-1,9.761520386E0,9.765288999E0
2.019148253E0,-8.913264424E-2,2.626122832E-1,9.747162819E0,9.751107263E0
2.021307198E0,-8.434699476E-2,2.530409992E-1,9.742377281E0,9.746027870E0
2.023461637E0,-7.956135273E-2,2.578266263E-1,9.751948357E0,9.755680465E0
2.025619098E0,-8.434699476E-2,2.673979402E-1,9.751948357E0,9.755978312E0
2.027775704E0,-6.999006122E-2,2.626122832E-1,9.761520386E0,9.765303071E0
2.029934650E0,-6.999006122E-2,2.530409992E-1,9.780662537E0,9.784185608E0
2.032090382E0,-8.434699476E-2,2.673979402E-1,9.751948357E0,9.755978312E0
2.034250264E0,-7.956135273E-2,2.530409992E-1,9.751948357E0,9.755555161E0
2.036409394E0,-7.956135273E-2,2.626122832E-1,9.751948357E0,9.755808115E0
2.038559652E0,-6.999006122E-2,2.721835673E-1,9.747162819E0,9.751213541E0
2.040721263E0,-7.477571070E-2,2.578266263E-1,9.761520386E0,9.765211018E0
2.042877249E0,-7.956135273E-2,2.673979402E-1,9.751948357E0,9.755938111E0
2.045033397E0,-7.956135273E-2,2.530409992E-1,9.737591743E0,9.741203864E0
2.047182476E0,-7.477571070E-2,2.673979402E-1,9.771091461E0,9.775035622E0
2.049349967E0,-8.434699476E-2,2.530409992E-1,9.761520386E0,9.765163819E0
2.051508343E0,-7.956135273E-2,2.673979402E-1,9.751948357E0,9.755938111E0
2.053667432E0,-8.434699476E-2,2.578266263E-1,9.742377281E0,9.746153296E0
2.055823469E0,-8.434699476E-2,2.578266263E-1,9.747162819E0,9.750936981E0
2.057980787E0,-7.956135273E-2,2.626122832E-1,9.771091461E0,9.774943660E0
2.060138084E0,-8.434699476E-2,2.578266263E-1,9.761520386E0,9.765288999E0
2.062294609E0,-7.477571070E-2,2.626122832E-1,9.737591743E0,9.741419280E0
2.064452701E0,-7.477571070E-2,2.578266263E-1,9.737591743E0,9.741291441E0
2.066606215E0,-7.477571070E-2,2.530409992E-1,9.732806206E0,9.736382172E0
2.068755385E0,-7.477571070E-2,2.578266263E-1,9.742377281E0,9.746075162E0
2.070924565E0,-7.477571070E-2,2.578266263E-1,9.756733894E0,9.760426336E0
2.073083063E0,-7.477571070E-2,2.626122832E-1,9.742377281E0,9.746202938E0
2.075243403E0,-8.434699476E-2,2.482553422E-1,9.756733894E0,9.760256217E0
2.077396184E0,-7.477571070E-2,2.626122832E-1,9.747162819E0,9.750986598E0
2.079548742E0,-6.520441920E-2,2.578266263E-1,9.761520386E0,9.765142417E0
2.081712377E0,-7.956135273E-2,2.626122832E-1,9.732806206E0,9.736673552E0
2.083868984E0,-8.434699476E-2,2.673979402E-1,9.756733894E0,9.760761874E0
2.086028875E0,-7.477571070E-2,2.673979402E-1,9.751948357E0,9.755900257E0
2.088183895E0,-8.434699476E-2,2.721835673E-1,9.751948357E0,9.756110652E0
2.090342567E0,-7.956135273E-2,2.721835673E-1,9.747162819E0,9.751286937E0
2.092499783E0,-7.956135273E-2,2.578266263E-1,9.756733894E0,9.760464173E0
2.094657183E0,-8.434699476E-2,2.578266263E-1,9.742377281E0,9.746153296E0
2.096813932E0,-8.434699476E-2,2.721835673E-1,9.756733894E0,9.760894149E0
2.098972949E0,-8.913264424E-2,2.578266263E-1,9.737591743E0,9.741412226E0
2.101128589E0,-8.434699476E-2,2.626122832E-1,9.723235130E0,9.727146602E0
2.103286731E0,-9.391828626E-2,2.673979402E-1,9.737591743E0,9.741715212E0
2.105442228E0,-6.041877344E-2,2.530409992E-1,9.775876999E0,9.779337977E0
2.107602079E0,-7.477571070E-2,2.673979402E-1,9.742377281E0,9.746333062E0
2.109759428E0,-8.434699476E-2,2.673979402E-1,9.737591743E0,9.741627638E0
2.111917063E0,-7.956135273E-2,2.769692242E-1,9.756733894E0,9.760988590E0
2.114073404E0,-7.477571070E-2,2.817548811E-1,9.742377281E0,9.746737521E0
2.116234873E0,-6.999006122E-2,2.626122832E-1,9.756733894E0,9.760518434E0
2.118404581E0,-6.999006122E-2,2.673979402E-1,9.756733894E0,9.760648367E0
2.120563304E0,-6.999006122E-2,2.769692242E-1,9.732806206E0,9.736997853E0
2.122718455E0,-7.477571070E-2,2.817548811E-1,9.747162819E0,9.751520919E0
2.124867636E0,-8.913264424E-2,2.769692242E-1,9.756733894E0,9.761071297E0
2.127019491E0,-8.913264424E-2,2.626122832E-1,9.737591743E0,9.741540063E0
2.129197989E0,-7.956135273E-2,2.626122832E-1,9.728020668E0,9.731889916E0
2.131370118E0,-6.999006122E-2,2.769692242E-1,9.761520386E0,9.765699709E0
2.133508485E0,-9.391828626E-2,2.721835673E-1,9.756733894E0,9.760981550E0
2.135664746E0,-7.956135273E-2,2.673979402E-1,9.756733894E0,9.760721692E0
2.137813316E0,-6.520441920E-2,2.769692242E-1,9.742377281E0,9.746531622E0
2.139975771E0,-8.913264424E-2,2.721835673E-1,9.747162819E0,9.751369726E0
2.142133243E0,-6.041877344E-2,2.673979402E-1,9.756733894E0,9.760584428E0
2.144283929E0,-8.434699476E-2,2.626122832E-1,9.747162819E0,9.751064693E0
2.146417291E0,-8.434699476E-2,2.578266263E-1,9.737591743E0,9.741369614E0
2.148605819E0,-7.956135273E-2,2.721835673E-1,9.742377281E0,9.746503424E0
2.150768844E0,-7.956135273E-2,2.673979402E-1,9.742377281E0,9.746370953E0
2.152950027E0,-7.956135273E-2,2.673979402E-1,9.751948357E0,9.755938111E0
2.155075627E0,-7.477571070E-2,2.626122832E-1,9.737591743E0,9.741419280E0
2.157228480E0,-8.913264424E-2,2.626122832E-1,9.737591743E0,9.741540063E0
2.159410507E0,-8.434699476E-2,2.530409992E-1,9.751948357E0,9.755595364E0
2.161551498E0,-7.956135273E-2,2.530409992E-1,9.771091461E0,9.774691202E0
2.163711492E0,-8.434699476E-2,2.578266263E-1,9.766305923E0,9.770072690E0
2.165858902E0,-8.913264424E-2,2.721835673E-1,9.742377281E0,9.746586254E0
2.168018938E0,-8.434699476E-2,2.721835673E-1,9.742377281E0,9.746543664E0
2.170172675E0,-6.999006122E-2,2.626122832E-1,9.737591743E0,9.741383720E0
2.172338203E0,-8.434699476E-2,2.721835673E-1,9.766305923E0,9.770462103E0
2.174495154E0,-7.956135273E-2,2.721835673E-1,9.761520386E0,9.765638440E0
2.176655179E0,-7.956135273E-2,2.578266263E-1,9.732806206E0,9.736545651E0
2.178804909E0,-7.956135273E-2,2.721835673E-1,9.747162819E0,9.751286937E0
2.180943896E0,-7.956135273E-2,2.721835673E-1,9.771091461E0,9.775205484E0
2.183121122E0,-7.956135273E-2,2.673979402E-1,9.756733894E0,9.760721692E0
2.185269692E0,-7.477571070E-2,2.578266263E-1,9.751948357E0,9.755642610E0
2.187445484E0,-8.434699476E-2,2.626122832E-1,9.747162819E0,9.751064693E0
2.189594502E0,-7.956135273E-2,2.626122832E-1,9.756733894E0,9.760591760E0
2.191743417E0,-8.434699476E-2,2.530409992E-1,9.775876999E0,9.779515083E0
2.193908833E0,-8.434699476E-2,2.673979402E-1,9.751948357E0,9.755978312E0
2.196070577E0,-8.434699476E-2,2.673979402E-1,9.766305923E0,9.770329957E0
2.198230926E0,-7.956135273E-2,2.626122832E-1,9.766305923E0,9.770160009E0
2.200384969E0,-7.477571070E-2,2.578266263E-1,9.751948357E0,9.755642610E0
2.202535441E0,-7.477571070E-2,2.673979402E-1,9.756733894E0,9.760683857E0
2.204669831E0,-7.477571070E-2,2.626122832E-1,9.747162819E0,9.750986598E0
2.206828309E0,-6.999006122E-2,2.578266263E-1,9.737591743E0,9.741255881E0
2.208987417E0,-7.477571070E-2,2.578266263E-1,9.756733894E0,9.760426336E0
2.211160615E0,-6.999006122E-2,2.626122832E-1,9.747162819E0,9.750951074E0
2.213313570E0,-7.477571070E-2,2.673979402E-1,9.761520386E0,9.765468412E0
2.215477947E0,-6.520441920E-2,2.578266263E-1,9.756733894E0,9.760357702E0
2.217636060E0,-6.999006122E-2,2.626122832E-1,9.761520386E0,9.765303071E0
2.219789950E0,-7.477571070E-2,2.578266263E-1,9.751948357E0,9.755642610E0
2.221945234E0,-9.391828626E-2,2.721835673E-1,9.756733894E0,9.760981550E0
2.224102267E0,-6.999006122E-2,2.530409992E-1,9.728020668E0,9.731562797E0
2.226260267E0,-6.999006122E-2,2.578266263E-1,9.751948357E0,9.755607102E0
2.228418806E0,-7.956135273E-2,2.673979402E-1,9.766305923E0,9.770289814E0
2.230576012E0,-7.477571070E-2,2.626122832E-1,9.790233612E0,9.794040576E0
2.232730961E0,-6.520441920E-2,2.626122832E-1,9.742377281E0,9.746134204E0
2.234880193E0,-6.999006122E-2,2.482553422E-1,9.751948357E0,9.755358839E0
2.237049372E0,-7.477571070E-2,2.721835673E-1,9.766305923E0,9.770384163E0
2.239204707E0,-7.477571070E-2,2.626122832E-1,9.751948357E0,9.755770260E0
2.241365667E0,-7.477571070E-2,2.578266263E-1,9.751948357E0,9.755642610E0
2.243519435E0,-8.913264424E-2,2.578266263E-1,9.742377281E0,9.746195888E0
2.245676113E0,-8.913264424E-2,2.626122832E-1,9.756733894E0,9.760674471E0
2.247823655E0,-7.956135273E-2,2.721835673E-1,9.756733894E0,9.760853968E0
2.249981472E0,-8.434699476E-2,2.721835673E-1,9.742377281E0,9.746543664E0
2.252138017E0,-6.520441920E-2,2.578266263E-1,9.737591743E0,9.741222672E0
2.254297645E0,-7.956135273E-2,2.578266263E-1,9.761520386E0,9.765248836E0
2.256454240E0,-8.434699476E-2,2.721835673E-1,9.756733894E0,9.760894149E0
2.258612403E0,-6.520441920E-2,2.626122832E-1,9.756733894E0,9.760485291E0
2.260769549E0,-7.956135273E-2,2.673979402E-1,9.737591743E0,9.741587377E0
2.262928464E0,-7.956135273E-2,2.673979402E-1,9.756733894E0,9.760721692E0
2.265085447E0,-6.999006122E-2,2.721835673E-1,9.766305923E0,9.770348709E0
2.267240792E0,-7.956135273E-2,2.626122832E-1,9.761520386E0,9.765376360E0
2.269392047E0,-6.999006122E-2,2.530409992E-1,9.742377281E0,9.745914192E0
2.271557840E0,-7.477571070E-2,2.626122832E-1,9.737591743E0,9.741419280E0
2.273714721E0,-6.999006122E-2,2.817548811E-1,9.771091461E0,9.775403458E0
2.275874531E0,-6.999006122E-2,2.673979402E-1,9.751948357E0,9.755864750E0
2.278029114E0,-7.477571070E-2,2.721835673E-1,9.737591743E0,9.741682004E0
2.280188060E0,-8.434699476E-2,2.673979402E-1,9.747162819E0,9.751194752E0
2.282345205E0,-7.956135273E-2,2.673979402E-1,9.747162819E0,9.751154531E0
2.284502482E0,-7.956135273E-2,2.482553422E-1,9.766305923E0,9.769784650E0
2.286658804E0,-8.913264424E-2,2.626122832E-1,9.742377281E0,9.746323662E0
2.288817028E0,-8.913264424E-2,2.721835673E-1,9.742377281E0,9.746586254E0
2.290973858E0,-7.956135273E-2,2.626122832E-1,9.756733894E0,9.760591760E0
2.293132092E0,-6.999006122E-2,2.673979402E-1,9.732806206E0,9.736730299E0
2.295288891E0,-8.913264424E-2,2.721835673E-1,9.737591743E0,9.741802784E0
2.297447268E0,-7.956135273E-2,2.578266263E-1,9.742377281E0,9.746113054E0
2.299604444E0,-7.477571070E-2,2.530409992E-1,9.751948357E0,9.755517306E0
2.301761376E0,-8.434699476E-2,2.626122832E-1,9.747162819E0,9.751064693E0
2.303918745E0,-8.434699476E-2,2.721835673E-1,9.732806206E0,9.736976684E0
2.306078393E0,-6.520441920E-2,2.626122832E-1,9.737591743E0,9.741350512E0
2.308233483E0,-7.477571070E-2,2.626122832E-1,9.737591743E0,9.741419280E0
2.310392012E0,-8.434699476E-2,2.673979402E-1,9.751948357E0,9.755978312E0
2.312547306E0,-7.477571070E-2,2.626122832E-1,9.747162819E0,9.750986598E0
2.314706863E0,-9.391828626E-2,2.721835673E-1,9.751948357E0,9.756198096E0
2.316864069E0,-7.477571070E-2,2.626122832E-1,9.756733894E0,9.760553924E0
2.319021530E0,-8.434699476E-2,2.673979402E-1,9.756733894E0,9.760761874E0
2.321177912E0,-7.956135273E-2,2.626122832E-1,9.747162819E0,9.751024471E0
2.323336004E0,-6.520441920E-2,2.673979402E-1,9.756733894E0,9.760615224E0
2.325492345E0,-9.870393574E-2,2.626122832E-1,9.751948357E0,9.755983007E0
2.327651525E0,-8.913264424E-2,2.530409992E-1,9.751948357E0,9.755637915E0
2.329807715E0,-8.913264424E-2,2.673979402E-1,9.742377281E0,9.746453785E0
2.331966814E0,-7.956135273E-2,2.626122832E-1,9.747162819E0,9.751024471E0
2.334123501E0,-7.956135273E-2,2.673979402E-1,9.742377281E0,9.746370953E0
2.336281053E0,-9.391828626E-2,2.578266263E-1,9.737591743E0,9.741457190E0
2.338437497E0,-8.434699476E-2,2.673979402E-1,9.747162819E0,9.751194752E0
2.340595527E0,-7.956135273E-2,2.673979402E-1,9.756733894E0,9.760721692E0
2.342752693E0,-7.956135273E-2,2.721835673E-1,9.751948357E0,9.756070451E0
2.344910337E0,-6.999006122E-2,2.530409992E-1,9.737591743E0,9.741130392E0
2.347064919E0,-7.477571070E-2,2.626122832E-1,9.732806206E0,9.736635623E0
2.349225889E0,-7.477571070E-2,2.673979402E-1,9.737591743E0,9.741549468E0
2.351383105E0,-6.520441920E-2,2.626122832E-1,9.756733894E0,9.760485291E0
2.353540526E0,-6.520441920E-2,2.578266263E-1,9.742377281E0,9.746006427E0
2.355695515E0,-1.034895778E-1,2.578266263E-1,9.742377281E0,9.746337761E0
2.357860178E0,-6.520441920E-2,2.578266263E-1,9.747162819E0,9.750790184E0
2.360012411E0,-7.956135273E-2,2.673979402E-1,9.751948357E0,9.755938111E0
2.362171855E0,-8.434699476E-2,2.530409992E-1,9.747162819E0,9.750811617E0
2.364325481E0,-6.520441920E-2,2.673979402E-1,9.742377281E0,9.746264329E0
2.366484060E0,-9.391828626E-2,2.626122832E-1,9.747162819E0,9.751152182E0
2.368640137E0,-8.913264424E-2,2.673979402E-1,9.751948357E0,9.756020861E0
2.370812165E0,-8.434699476E-2,2.673979402E-1,9.756733894E0,9.760761874E0
2.372968924E0,-6.520441920E-2,2.626122832E-1,9.761520386E0,9.765269943E0
2.375128979E0,-7.956135273E-2,2.626122832E-1,9.751948357E0,9.755808115E0
2.377281150E0,-8.913264424E-2,2.626122832E-1,9.756733894E0,9.760674471E0
2.379436820E0,-6.999006122E-2,2.626122832E-1,9.751948357E0,9.755734753E0
2.381585411E0,-6.520441920E-2,2.626122832E-1,9.747162819E0,9.750917898E0
2.383752292E0,-7.956135273E-2,2.673979402E-1,9.747162819E0,9.751154531E0
2.385901909E0,-7.956135273E-2,2.626122832E-1,9.771091461E0,9.774943660E0
2.388073490E0,-7.956135273E-2,2.530409992E-1,9.761520386E0,9.765123655E0
2.390231795E0,-7.956135273E-2,2.673979402E-1,9.756733894E0,9.760721692E0
2.392386488E0,-7.477571070E-2,2.578266263E-1,9.751948357E0,9.755642610E0
2.394540613E0,-7.477571070E-2,2.673979402E-1,9.747162819E0,9.751116658E0
2.396697635E0,-9.870393574E-2,2.626122832E-1,9.766305923E0,9.770334645E0
2.398855534E0,-8.434699476E-2,2.721835673E-1,9.785448074E0,9.789596127E0
2.401011663E0,-7.477571070E-2,2.673979402E-1,9.766305923E0,9.770252016E0
2.403159307E0,-8.913264424E-2,2.721835673E-1,9.751948357E0,9.756153201E0
2.405320745E0,-8.434699476E-2,2.626122832E-1,9.751948357E0,9.755848317E0
2.407485245E0,-6.999006122E-2,2.673979402E-1,9.761520386E0,9.765432940E0
2.409646002E0,-7.956135273E-2,2.769692242E-1,9.742377281E0,9.746638243E0
2.411802253E0,-8.913264424E-2,2.769692242E-1,9.742377281E0,9.746721073E0
2.413960588E0,-7.477571070E-2,2.626122832E-1,9.751948357E0,9.755770260E0
2.416122687E0,-7.956135273E-2,2.673979402E-1,9.756733894E0,9.760721692E0
2.418273749E0,-9.391828626E-2,2.578266263E-1,9.756733894E0,9.760591760E0
2.420431037E0,-7.477571070E-2,2.530409992E-1,9.732806206E0,9.736382172E0
2.422582334E0,-6.999006122E-2,2.578266263E-1,9.756733894E0,9.760390846E0
2.424728096E0,-7.477571070E-2,2.626122832E-1,9.766305923E0,9.770122211E0
2.426903054E0,-6.999006122E-2,2.578266263E-1,9.742377281E0,9.746039620E0
2.429059701E0,-7.956135273E-2,2.673979402E-1,9.737591743E0,9.741587377E0
2.431222380E0,-7.477571070E-2,2.673979402E-1,9.751948357E0,9.755900257E0
2.433371672E0,-7.956135273E-2,2.721835673E-1,9.747162819E0,9.751286937E0
2.435521686E0,-6.999006122E-2,2.626122832E-1,9.756733894E0,9.760518434E0
2.437690704E0,-8.434699476E-2,2.673979402E-1,9.747162819E0,9.751194752E0
2.439847910E0,-8.434699476E-2,2.721835673E-1,9.747162819E0,9.751327157E0
2.442007730E0,-8.434699476E-2,2.817548811E-1,9.766305923E0,9.770733423E0
2.444163604E0,-7.477571070E-2,2.721835673E-1,9.751948357E0,9.756032598E0
2.446319122E0,-8.913264424E-2,2.721835673E-1,9.766305923E0,9.770504588E0
2.448477651E0,-7.956135273E-2,2.673979402E-1,9.761520386E0,9.765506229E0
2.450633770E0,-7.956135273E-2,2.578266263E-1,9.766305923E0,9.770032547E0
2.452792909E0,-7.956135273E-2,2.721835673E-1,9.751948357E0,9.756070451E0
2.454952628E0,-7.956135273E-2,2.673979402E-1,9.742377281E0,9.746370953E0
2.457117841E0,-7.477571070E-2,2.578266263E-1,9.751948357E0,9.755642610E0
2.459263948E0,-7.477571070E-2,2.530409992E-1,9.742377281E0,9.745949735E0
2.461422203E0,-6.999006122E-2,2.721835673E-1,9.751948357E0,9.755997092E0
2.463576174E0,-8.434699476E-2,2.673979402E-1,9.742377281E0,9.746411194E0
2.465737104E0,-7.477571070E-2,2.626122832E-1,9.771091461E0,9.774905880E0
2.467893669E0,-8.434699476E-2,2.530409992E-1,9.751948357E0,9.755595364E0
2.470055972E0,-9.391828626E-2,2.673979402E-1,9.766305923E0,9.770417273E0
2.472226515E0,-8.434699476E-2,2.626122832E-1,9.756733894E0,9.760631942E0
2.474383223E0,-7.477571070E-2,2.578266263E-1,9.771091461E0,9.774778479E0
2.476539616E0,-8.434699476E-2,2.817548811E-1,9.761520386E0,9.765950055E0
2.478696457E0,-8.434699476E-2,2.721835673E-1,9.737591743E0,9.741760173E0
2.480859095E0,-8.434699476E-2,2.673979402E-1,9.761520386E0,9.765546391E0
2.483009099E0,-7.956135273E-2,2.578266263E-1,9.747162819E0,9.750896759E0
2.485161840E0,-7.956135273E-2,2.626122832E-1,9.747162819E0,9.751024471E0
2.487323288E0,-9.391828626E-2,2.530409992E-1,9.751948357E0,9.755682813E0
2.489482132E0,-7.477571070E-2,2.578266263E-1,9.747162819E0,9.750858885E0
2.491636959E0,-7.956135273E-2,2.721835673E-1,9.747162819E0,9.751286937E0
2.493783138E0,-8.434699476E-2,2.673979402E-1,9.747162819E0,9.751194752E0
2.495954271E0,-7.477571070E-2,2.626122832E-1,9.751948357E0,9.755770260E0
2.498111407E0,-8.913264424E-2,2.626122832E-1,9.751948357E0,9.755890866E0
2.500269366E0,-7.956135273E-2,2.578266263E-1,9.747162819E0,9.750896759E0
2.502412910E0,-7.956135273E-2,2.673979402E-1,9.751948357E0,9.755938111E0
2.504581419E0,-7.956135273E-2,2.626122832E-1,9.747162819E0,9.751024471E0
2.506725869E0,-9.391828626E-2,2.721835673E-1,9.742377281E0,9.746631194E0
2.508880278E0,-7.956135273E-2,2.721835673E-1,9.771091461E0,9.775205484E0
2.511031533E0,-7.477571070E-2,2.721835673E-1,9.766305923E0,9.770384163E0
2.513191629E0,-8.434699476E-2,2.721835673E-1,9.751948357E0,9.756110652E0
2.515346689E0,-7.477571070E-2,2.673979402E-1,9.732806206E0,9.736765875E0
2.517517801E0,-7.477571070E-2,2.578266263E-1,9.761520386E0,9.765211018E0
2.519674519E0,-7.477571070E-2,2.673979402E-1,9.756733894E0,9.760683857E0
2.521831634E0,-7.956135273E-2,2.769692242E-1,9.751948357E0,9.756205139E0
2.523981547E0,-8.434699476E-2,2.673979402E-1,9.742377281E0,9.746411194E0
2.526145640E0,-9.391828626E-2,2.530409992E-1,9.751948357E0,9.755682813E0
2.528302236E0,-8.434699476E-2,2.530409992E-1,9.756733894E0,9.760379114E0
2.530462779E0,-7.956135273E-2,2.482553422E-1,9.766305923E0,9.769784650E0
2.532616772E0,-8.913264424E-2,2.578266263E-1,9.747162819E0,9.750979552E0
2.534775331E0,-8.434699476E-2,2.769692242E-1,9.737591743E0,9.741895058E0
2.536931682E0,-7.956135273E-2,2.578266263E-1,9.747162819E0,9.750896759E0
2.539090537E0,-6.999006122E-2,2.626122832E-1,9.766305923E0,9.770086756E0
2.541247641E0,-6.999006122E-2,2.673979402E-1,9.761520386E0,9.765432940E0
2.543405103E0,-7.956135273E-2,2.578266263E-1,9.737591743E0,9.741329352E0
2.545561576E0,-8.434699476E-2,2.578266263E-1,9.766305923E0,9.770072690E0
2.547719922E0,-8.434699476E-2,2.673979402E-1,9.756733894E0,9.760761874E0
2.549876457E0,-8.434699476E-2,2.482553422E-1,9.756733894E0,9.760256217E0
2.552034946E0,-6.999006122E-2,2.769692242E-1,9.756733894E0,9.760915267E0
2.554191329E0,-8.434699476E-2,2.578266263E-1,9.756733894E0,9.760504355E0
2.556347528E0,-8.434699476E-2,2.578266263E-1,9.751948357E0,9.755720667E0
2.558496953E0,-7.477571070E-2,2.530409992E-1,9.766305923E0,9.769869628E0
2.560664616E0,-6.999006122E-2,2.578266263E-1,9.751948357E0,9.755607102E0
2.562821090E0,-7.477571070E-2,2.578266263E-1,9.751948357E0,9.755642610E0
2.564981816E0,-7.477571070E-2,2.482553422E-1,9.756733894E0,9.760178195E0
2.567133489E0,-6.999006122E-2,2.578266263E-1,9.766305923E0,9.769959292E0
2.569284663E0,-7.477571070E-2,2.530409992E-1,9.742377281E0,9.745949735E0
2.571451107E0,-7.477571070E-2,2.530409992E-1,9.742377281E0,9.745949735E0
2.573609645E0,-7.956135273E-2,2.530409992E-1,9.747162819E0,9.750771394E0
2.575769151E0,-8.913264424E-2,2.673979402E-1,9.780662537E0,9.784723090E0
2.577924017E0,-8.434699476E-2,2.578266263E-1,9.771091461E0,9.774856384E0
2.580079963E0,-7.956135273E-2,2.578266263E-1,9.751948357E0,9.755680465E0
2.582239987E0,-8.434699476E-2,2.578266263E-1,9.751948357E0,9.755720667E0
2.584395475E0,-8.434699476E-2,2.626122832E-1,9.756733894E0,9.760631942E0
2.586554227E0,-7.477571070E-2,2.673979402E-1,9.756733894E0,9.760683857E0
2.588707935E0,-7.477571070E-2,2.673979402E-1,9.756733894E0,9.760683857E0
2.590860268E0,-7.477571070E-2,2.673979402E-1,9.732806206E0,9.736765875E0
2.593026447E0,-8.434699476E-2,2.626122832E-1,9.747162819E0,9.751064693E0
2.595183775E0,-7.477571070E-2,2.626122832E-1,9.747162819E0,9.750986598E0
2.597342376E0,-7.956135273E-2,2.626122832E-1,9.780662537E0,9.784510968E0
2.599498747E0,-7.956135273E-2,2.626122832E-1,9.766305923E0,9.770160009E0
2.601656799E0,-8.434699476E-2,2.482553422E-1,9.742377281E0,9.745904792E0
2.603813628E0,-9.391828626E-2,2.578266263E-1,9.728020668E0,9.731889916E0
2.605969747E0,-6.999006122E-2,2.721835673E-1,9.756733894E0,9.760780644E0
2.608128194E0,-8.434699476E-2,2.626122832E-1,9.756733894E0,9.760631942E0
2.610287466E0,-8.913264424E-2,2.578266263E-1,9.761520386E0,9.765331507E0
2.612449383E0,-7.956135273E-2,2.673979402E-1,9.761520386E0,9.765506229E0
2.614603130E0,-8.434699476E-2,2.626122832E-1,9.756733894E0,9.760631942E0
2.616774079E0,-6.999006122E-2,2.721835673E-1,9.747162819E0,9.751213541E0
2.618929557E0,-6.520441920E-2,2.721835673E-1,9.747162819E0,9.751180366E0
2.621089327E0,-9.391828626E-2,2.673979402E-1,9.747162819E0,9.751282240E0
2.623242759E0,-8.434699476E-2,2.673979402E-1,9.761520386E0,9.765546391E0
2.625401166E0,-6.999006122E-2,2.626122832E-1,9.761520386E0,9.765303071E0
2.627558749E0,-7.956135273E-2,2.482553422E-1,9.747162819E0,9.750648375E0
2.629708601E0,-8.434699476E-2,2.578266263E-1,9.751948357E0,9.755720667E0
2.631843692E0,-8.434699476E-2,2.721835673E-1,9.751948357E0,9.756110652E0
2.634027215E0,-8.434699476E-2,2.721835673E-1,9.761520386E0,9.765678602E0
2.636171166E0,-8.913264424E-2,2.721835673E-1,9.742377281E0,9.746586254E0
2.638340021E0,-7.956135273E-2,2.578266263E-1,9.751948357E0,9.755680465E0
2.640502231E0,-8.913264424E-2,2.673979402E-1,9.747162819E0,9.751237322E0
2.642664372E0,-7.956135273E-2,2.769692242E-1,9.766305923E0,9.770556450E0
2.644826492E0,-7.956135273E-2,2.721835673E-1,9.742377281E0,9.746503424E0
2.646992427E0,-7.956135273E-2,2.673979402E-1,9.742377281E0,9.746370953E0
2.649119227E0,-7.477571070E-2,2.673979402E-1,9.761520386E0,9.765468412E0
2.651291032E0,-8.913264424E-2,2.673979402E-1,9.751948357E0,9.756020861E0
2.653446438E0,-8.434699476E-2,2.626122832E-1,9.747162819E0,9.751064693E0
2.655623368E0,-8.913264424E-2,2.626122832E-1,9.747162819E0,9.751107263E0
2.657745245E0,-7.956135273E-2,2.578266263E-1,9.732806206E0,9.736545651E0
2.659907721E0,-7.477571070E-2,2.721835673E-1,9.756733894E0,9.760816133E0
2.662073360E0,-7.477571070E-2,2.721835673E-1,9.742377281E0,9.746465533E0
2.664238400E0,-7.956135273E-2,2.673979402E-1,9.761520386E0,9.765506229E0
2.666394753E0,-7.956135273E-2,2.578266263E-1,9.751948357E0,9.755680465E0
2.668549589E0,-7.956135273E-2,2.626122832E-1,9.766305923E0,9.770160009E0
2.670706755E0,-7.956135273E-2,2.769692242E-1,9.747162819E0,9.751421690E0
2.672864744E0,-7.477571070E-2,2.626122832E-1,9.751948357E0,9.755770260E0
2.675021331E0,-7.477571070E-2,2.530409992E-1,9.737591743E0,9.741165953E0
2.677177051E0,-8.434699476E-2,2.769692242E-1,9.742377281E0,9.746678483E0
2.679326211E0,-7.477571070E-2,2.721835673E-1,9.771091461E0,9.775167704E0
2.681488087E0,-8.913264424E-2,2.673979402E-1,9.766305923E0,9.770372443E0
2.683637868E0,-7.477571070E-2,2.673979402E-1,9.756733894E0,9.760683857E0
2.685811686E0,-6.041877344E-2,2.721835673E-1,9.747162819E0,9.751149539E0
2.687967926E0,-8.434699476E-2,2.626122832E-1,9.756733894E0,9.760631942E0
2.690132873E0,-7.477571070E-2,2.626122832E-1,9.766305923E0,9.770122211E0
2.692281475E0,-7.477571070E-2,2.578266263E-1,9.751948357E0,9.755642610E0
2.694440115E0,-7.477571070E-2,2.626122832E-1,9.761520386E0,9.765338543E0
2.696595826E0,-7.956135273E-2,2.817548811E-1,9.756733894E0,9.761125555E0
2.698753847E0,-8.434699476E-2,2.626122832E-1,9.756733894E0,9.760631942E0
2.700908235E0,-7.956135273E-2,2.673979402E-1,9.761520386E0,9.765506229E0
2.703059114E0,-7.956135273E-2,2.769692242E-1,9.756733894E0,9.760988590E0
2.705223075E0,-7.956135273E-2,2.769692242E-1,9.761520386E0,9.765772996E0
2.707388196E0,-8.913264424E-2,2.626122832E-1,9.775876999E0,9.779809862E0
2.709542513E0,-7.956135273E-2,2.626122832E-1,9.771091461E0,9.774943660E0
2.711699944E0,-8.913264424E-2,2.530409992E-1,9.742377281E0,9.746070463E0
2.713855004E0,-8.434699476E-2,2.673979402E-1,9.756733894E0,9.760761874E0
2.716013594E0,-8.913264424E-2,2.673979402E-1,9.785448074E0,9.789506642E0
2.718170169E0,-8.434699476E-2,2.626122832E-1,9.756733894E0,9.760631942E0
2.720329380E0,-7.956135273E-2,2.673979402E-1,9.737591743E0,9.741587377E0
2.722478234E0,-6.041877344E-2,2.673979402E-1,9.737591743E0,9.741449843E0
2.724616470E0,-7.956135273E-2,2.578266263E-1,9.771091461E0,9.774816260E0
2.726799789E0,-7.956135273E-2,2.530409992E-1,9.756733894E0,9.760338931E0
2.728953100E0,-7.956135273E-2,2.626122832E-1,9.747162819E0,9.751024471E0
2.731100673E0,-7.956135273E-2,2.673979402E-1,9.756733894E0,9.760721692E0
2.733272873E0,-8.434699476E-2,2.626122832E-1,9.756733894E0,9.760631942E0
2.735429317E0,-8.913264424E-2,2.721835673E-1,9.747162819E0,9.751369726E0
2.737593197E0,-7.956135273E-2,2.626122832E-1,9.747162819E0,9.751024471E0
2.739740068E0,-8.434699476E-2,2.673979402E-1,9.761520386E0,9.765546391E0
2.741885352E0,-7.477571070E-2,2.673979402E-1,9.756733894E0,9.760683857E0
2.744058020E0,-6.999006122E-2,2.673979402E-1,9.756733894E0,9.760648367E0
2.746205685E0,-7.477571070E-2,2.673979402E-1,9.742377281E0,9.746333062E0
2.748350705E0,-7.956135273E-2,2.817548811E-1,9.751948357E0,9.756342172E0
2.750533272E0,-8.913264424E-2,2.673979402E-1,9.751948357E0,9.756020861E0
2.752690438E0,-8.913264424E-2,2.673979402E-1,9.737591743E0,9.741670249E0
2.754851489E0,-7.956135273E-2,2.626122832E-1,9.747162819E0,9.751024471E0
2.756986184E0,-8.434699476E-2,2.721835673E-1,9.751948357E0,9.756110652E0
2.759139617E0,-8.434699476E-2,2.578266263E-1,9.756733894E0,9.760504355E0
2.761302682E0,-8.434699476E-2,2.673979402E-1,9.742377281E0,9.746411194E0
2.763464935E0,-7.956135273E-2,2.673979402E-1,9.751948357E0,9.755938111E0
2.765625325E0,-7.477571070E-2,2.673979402E-1,9.785448074E0,9.789386451E0
2.767786031E0,-7.477571070E-2,2.673979402E-1,9.756733894E0,9.760683857E0
2.769941234E0,-7.956135273E-2,2.578266263E-1,9.732806206E0,9.736545651E0
2.772110454E0,-8.913264424E-2,2.673979402E-1,9.732806206E0,9.736886716E0
2.774265310E0,-8.434699476E-2,2.721835673E-1,9.751948357E0,9.756110652E0
2.776424541E0,-6.520441920E-2,2.721835673E-1,9.751948357E0,9.755963933E0
2.778574932E0,-6.520441920E-2,2.530409992E-1,9.723235130E0,9.726745744E0
2.780720653E0,-8.434699476E-2,2.721835673E-1,9.747162819E0,9.751327157E0
2.782881512E0,-7.956135273E-2,2.626122832E-1,9.785448074E0,9.789294624E0
2.785051963E0,-7.477571070E-2,2.578266263E-1,9.766305923E0,9.769994748E0
2.787211794E0,-7.956135273E-2,2.578266263E-1,9.737591743E0,9.741329352E0
2.789374005E0,-7.477571070E-2,2.578266263E-1,9.756733894E0,9.760426336E0
2.791537285E0,-7.477571070E-2,2.578266263E-1,9.775876999E0,9.779562213E0
2.793685052E0,-6.999006122E-2,2.673979402E-1,9.756733894E0,9.760648367E0
2.795838117E0,-9.391828626E-2,2.530409992E-1,9.751948357E0,9.755682813E0
2.797993289E0,-6.999006122E-2,2.530409992E-1,9.751948357E0,9.755481798E0
2.800153080E0,-6.999006122E-2,2.626122832E-1,9.766305923E0,9.770086756E0
2.802307693E0,-6.999006122E-2,2.769692242E-1,9.761520386E0,9.765699709E0
2.804454524E0,-6.999006122E-2,2.721835673E-1,9.751948357E0,9.755997092E0
2.806619848E0,-7.956135273E-2,2.673979402E-1,9.747162819E0,9.751154531E0
2.808756190E0,-8.434699476E-2,2.673979402E-1,9.751948357E0,9.755978312E0
2.810926936E0,-8.434699476E-2,2.673979402E-1,9.766305923E0,9.770329957E0
2.813075750E0,-6.999006122E-2,2.578266263E-1,9.756733894E0,9.760390846E0
2.815245733E0,-7.477571070E-2,2.626122832E-1,9.742377281E0,9.746202938E0
2.817400355E0,-6.520441920E-2,2.721835673E-1,9.756733894E0,9.760747502E0
2.819559027E0,-8.434699476E-2,2.578266263E-1,9.775876999E0,9.779640079E0
2.821713701E0,-7.956135273E-2,2.626122832E-1,9.751948357E0,9.755808115E0
2.823870643E0,-7.956135273E-2,2.578266263E-1,9.756733894E0,9.760464173E0
2.826028978E0,-7.477571070E-2,2.673979402E-1,9.761520386E0,9.765468412E0
2.828188473E0,-7.477571070E-2,2.721835673E-1,9.747162819E0,9.751249065E0
2.830348600E0,-8.913264424E-2,2.578266263E-1,9.751948357E0,9.755763217E0
2.832504077E0,-7.956135273E-2,2.578266263E-1,9.737591743E0,9.741329352E0
2.834665922E0,-7.956135273E-2,2.530409992E-1,9.742377281E0,9.745987628E0
2.836816293E0,-7.956135273E-2,2.578266263E-1,9.747162819E0,9.750896759E0
2.838973682E0,-8.434699476E-2,2.626122832E-1,9.756733894E0,9.760631942E0
2.841130248E0,-8.434699476E-2,2.626122832E-1,9.747162819E0,9.751064693E0
2.843287210E0,-8.913264424E-2,2.578266263E-1,9.732806206E0,9.736628566E0
2.845441771E0,-6.520441920E-2,2.673979402E-1,9.737591743E0,9.741480700E0
2.847603566E0,-8.434699476E-2,2.578266263E-1,9.742377281E0,9.746153296E0
2.849762177E0,-6.520441920E-2,2.578266263E-1,9.761520386E0,9.765142417E0
2.851920715E0,-8.434699476E-2,2.626122832E-1,9.747162819E0,9.751064693E0
2.854076670E0,-7.477571070E-2,2.530409992E-1,9.742377281E0,9.745949735E0
2.856233379E0,-6.999006122E-2,2.482553422E-1,9.751948357E0,9.755358839E0
2.858392528E0,-7.956135273E-2,2.673979402E-1,9.761520386E0,9.765506229E0
2.860548097E0,-8.434699476E-2,2.673979402E-1,9.766305923E0,9.770329957E0
2.862706585E0,-6.999006122E-2,2.721835673E-1,9.761520386E0,9.765565152E0
2.864862652E0,-8.434699476E-2,2.482553422E-1,9.761520386E0,9.765040982E0
2.867019584E0,-7.477571070E-2,2.626122832E-1,9.747162819E0,9.750986598E0
2.869170463E0,-8.434699476E-2,2.578266263E-1,9.756733894E0,9.760504355E0
2.871336286E0,-7.477571070E-2,2.673979402E-1,9.771091461E0,9.775035622E0
2.873492679E0,-8.434699476E-2,2.865405083E-1,9.747162819E0,9.751738455E0
2.875652947E0,-8.434699476E-2,2.482553422E-1,9.761520386E0,9.765040982E0
2.877805555E0,-7.956135273E-2,2.530409992E-1,9.761520386E0,9.765123655E0
2.879957889E0,-7.956135273E-2,2.578266263E-1,9.747162819E0,9.750896759E0
2.882122552E0,-8.913264424E-2,2.530409992E-1,9.756733894E0,9.760421644E0
2.884281234E0,-8.913264424E-2,2.530409992E-1,9.747162819E0,9.750854188E0
2.886439610E0,-7.477571070E-2,2.578266263E-1,9.732806206E0,9.736507722E0
2.888592107E0,-6.520441920E-2,2.578266263E-1,9.756733894E0,9.760357702E0
2.890755091E0,-6.999006122E-2,2.626122832E-1,9.751948357E0,9.755734753E0
2.892910415E0,-7.956135273E-2,2.386840582E-1,9.751948357E0,9.755193327E0
2.895068151E0,-8.434699476E-2,2.530409992E-1,9.747162819E0,9.750811617E0
2.897224747E0,-7.956135273E-2,2.530409992E-1,9.751948357E0,9.755555161E0
2.899381984E0,-6.999006122E-2,2.578266263E-1,9.742377281E0,9.746039620E0
2.901540635E0,-6.520441920E-2,2.530409992E-1,9.728020668E0,9.731529555E0
2.903698483E0,-7.477571070E-2,2.721835673E-1,9.747162819E0,9.751249065E0
2.905857225E0,-7.956135273E-2,2.626122832E-1,9.751948357E0,9.755808115E0
2.908015174E0,-7.956135273E-2,2.530409992E-1,9.761520386E0,9.765123655E0
2.910186369E0,-8.434699476E-2,2.721835673E-1,9.751948357E0,9.756110652E0
2.912336729E0,-6.520441920E-2,2.434697002E-1,9.756733894E0,9.759989006E0
2.914477608E0,-7.477571070E-2,2.626122832E-1,9.747162819E0,9.750986598E0
2.916654569E0,-7.477571070E-2,2.530409992E-1,9.756733894E0,9.760301094E0
2.918813709E0,-6.999006122E-2,2.626122832E-1,9.742377281E0,9.746167396E0
2.920976714E0,-7.956135273E-2,2.578266263E-1,9.732806206E0,9.736545651E0
2.923124938E0,-7.956135273E-2,2.578266263E-1,9.751948357E0,9.755680465E0
2.925269297E0,-6.999006122E-2,2.578266263E-1,9.775876999E0,9.779526792E0
2.927430836E0,-7.477571070E-2,2.482553422E-1,9.747162819E0,9.750610501E0
2.929599670E0,-7.956135273E-2,2.626122832E-1,9.742377281E0,9.746240830E0
2.931760966E0,-7.477571070E-2,2.578266263E-1,9.761520386E0,9.765211018E0
2.933916270E0,-8.434699476E-2,2.578266263E-1,9.766305923E0,9.770072690E0
2.936067210E0,-7.477571070E-2,2.673979402E-1,9.756733894E0,9.760683857E0
2.938230561E0,-7.956135273E-2,2.769692242E-1,9.737591743E0,9.741854799E0
2.940387503E0,-6.520441920E-2,2.673979402E-1,9.756733894E0,9.760615224E0
2.942545381E0,-8.434699476E-2,2.626122832E-1,9.761520386E0,9.765416523E0
2.944702058E0,-7.477571070E-2,2.721835673E-1,9.771091461E0,9.775167704E0
2.946858736E0,-8.434699476E-2,2.769692242E-1,9.751948357E0,9.756245339E0
2.949017885E0,-7.956135273E-2,2.530409992E-1,9.761520386E0,9.765123655E0
2.951174644E0,-8.913264424E-2,2.673979402E-1,9.766305923E0,9.770372443E0
2.953332543E0,-7.956135273E-2,2.673979402E-1,9.775876999E0,9.779856991E0
2.955486199E0,-8.434699476E-2,2.673979402E-1,9.766305923E0,9.770329957E0
2.957633976E0,-7.956135273E-2,2.865405083E-1,9.737591743E0,9.742131617E0
2.959803999E0,-7.956135273E-2,2.626122832E-1,9.751948357E0,9.755808115E0
2.961961694E0,-7.477571070E-2,2.626122832E-1,9.732806206E0,9.736635623E0
2.964127110E0,-8.434699476E-2,2.578266263E-1,9.756733894E0,9.760504355E0
2.966307164E0,-7.477571070E-2,2.626122832E-1,9.751948357E0,9.755770260E0
2.968434296E0,-6.999006122E-2,2.626122832E-1,9.737591743E0,9.741383720E0
2.970605037E0,-6.999006122E-2,2.626122832E-1,9.751948357E0,9.755734753E0
2.972762313E0,-6.520441920E-2,2.673979402E-1,9.751948357E0,9.755831591E0
2.974914057E0,-7.477571070E-2,2.721835673E-1,9.747162819E0,9.751249065E0
2.977059830E0,-7.956135273E-2,2.673979402E-1,9.747162819E0,9.751154531E0
2.979202155E0,-7.477571070E-2,2.673979402E-1,9.771091461E0,9.775035622E0
2.981350867E0,-7.477571070E-2,2.769692242E-1,9.761520386E0,9.765735180E0
2.983533128E0,-7.956135273E-2,2.721835673E-1,9.761520386E0,9.765638440E0
2.985683264E0,-7.956135273E-2,2.673979402E-1,9.742377281E0,9.746370953E0
2.987858466E0,-6.041877344E-2,2.578266263E-1,9.761520386E0,9.765111635E0
2.990002937E0,-7.477571070E-2,2.721835673E-1,9.756733894E0,9.760816133E0
2.992145760E0,-7.477571070E-2,2.769692242E-1,9.742377281E0,9.746600353E0
2.994323159E0,-8.434699476E-2,2.673979402E-1,9.766305923E0,9.770329957E0
2.996481759E0,-7.956135273E-2,2.626122832E-1,9.747162819E0,9.751024471E0
2.998643471E0,-7.477571070E-2,2.626122832E-1,9.756733894E0,9.760553924E0
3.000792499E0,-7.956135273E-2,2.721835673E-1,9.761520386E0,9.765638440E0
3.002939045E0,-9.391828626E-2,2.769692242E-1,9.756733894E0,9.761116170E0
3.005110930E0,-8.434699476E-2,2.626122832E-1,9.756733894E0,9.760631942E0
3.007267852E0,-7.477571070E-2,2.673979402E-1,9.751948357E0,9.755900257E0
3.009423095E0,-7.956135273E-2,2.721835673E-1,9.761520386E0,9.765638440E0
3.011553293E0,-7.956135273E-2,2.721835673E-1,9.742377281E0,9.746503424E0
3.013711293E0,-8.913264424E-2,2.865405083E-1,9.766305923E0,9.770915079E0
3.015870534E0,-8.434699476E-2,2.721835673E-1,9.771091461E0,9.775245606E0
3.018044668E0,-7.477571070E-2,2.673979402E-1,9.737591743E0,9.741549468E0
3.020201336E0,-7.956135273E-2,2.721835673E-1,9.751948357E0,9.756070451E0
3.022355175E0,-7.956135273E-2,2.769692242E-1,9.785448074E0,9.789690290E0
3.024495281E0,-6.999006122E-2,2.626122832E-1,9.747162819E0,9.750951074E0
3.026672121E0,-8.434699476E-2,2.673979402E-1,9.723235130E0,9.727276981E0
3.028828524E0,-8.434699476E-2,2.626122832E-1,9.723235130E0,9.727146602E0
3.030991569E0,-7.477571070E-2,2.673979402E-1,9.761520386E0,9.765468412E0
3.033142235E0,-7.956135273E-2,2.769692242E-1,9.780662537E0,9.784906827E0
3.035297438E0,-8.434699476E-2,2.673979402E-1,9.737591743E0,9.741627638E0
3.037458428E0,-9.391828626E-2,2.626122832E-1,9.728020668E0,9.732017878E0
3.039617069E0,-8.434699476E-2,2.721835673E-1,9.775876999E0,9.780029111E0
3.041775374E0,-7.477571070E-2,2.626122832E-1,9.790233612E0,9.794040576E0
3.043931573E0,-9.451649338E-2,2.769692242E-1,9.709476471E0,9.713885868E0
3.046087936E0,-7.956135273E-2,2.721835673E-1,9.728020668E0,9.732152898E0
3.048246413E0,-8.913264424E-2,2.721835673E-1,9.814162254E0,9.818340454E0
3.050402836E0,-8.913264424E-2,2.817548811E-1,9.790233612E0,9.794692676E0
3.052561447E0,-9.451649338E-2,2.626122832E-1,9.699904442E0,9.703919041E0
3.054717789E0,-8.913264424E-2,2.673979402E-1,9.728020668E0,9.732103185E0
3.056876653E0,-7.477571070E-2,2.817548811E-1,9.780662537E0,9.785005717E0
3.059033809E0,-7.956135273E-2,2.673979402E-1,9.766305923E0,9.770289814E0
3.061191127E0,-8.913264424E-2,2.673979402E-1,9.737591743E0,9.741670249E0
3.063345384E0,-9.391828626E-2,2.673979402E-1,9.713663101E0,9.717796723E0
3.065497057E0,-7.477571070E-2,2.865405083E-1,9.761520386E0,9.766011320E0
3.067662543E0,-7.956135273E-2,2.769692242E-1,9.790233612E0,9.794473755E0
3.069820970E0,-8.913264424E-2,2.769692242E-1,9.732806206E0,9.737154267E0
3.071979530E0,-7.477571070E-2,2.817548811E-1,9.732806206E0,9.737170732E0
3.074136096E0,-7.477571070E-2,2.817548811E-1,9.775876999E0,9.780222304E0
3.076293353E0,-8.434699476E-2,2.769692242E-1,9.780662537E0,9.784946910E0
3.078448260E0,-8.434699476E-2,2.769692242E-1,9.732806206E0,9.737111636E0
3.080597064E0,-6.999006122E-2,2.626122832E-1,9.737591743E0,9.741383720E0
3.082765379E0,-8.434699476E-2,2.865405083E-1,9.761520386E0,9.766089295E0
3.084922087E0,-6.999006122E-2,2.721835673E-1,9.775876999E0,9.779915828E0
3.087083068E0,-8.913264424E-2,2.673979402E-1,9.751948357E0,9.756020861E0
3.089235026E0,-7.477571070E-2,2.721835673E-1,9.737591743E0,9.741682004E0
3.091387970E0,-6.520441920E-2,2.769692242E-1,9.775876999E0,9.780017110E0
3.093552897E0,-6.999006122E-2,2.578266263E-1,9.756733894E0,9.760390846E0
3.095710256E0,-8.434699476E-2,2.626122832E-1,9.747162819E0,9.751064693E0
3.097868633E0,-6.999006122E-2,2.817548811E-1,9.732806206E0,9.737135157E0
3.100023784E0,-7.477571070E-2,2.721835673E-1,9.747162819E0,9.751249065E0
3.102177186E0,-6.999006122E-2,2.817548811E-1,9.761520386E0,9.765836608E0
3.104337688E0,-8.434699476E-2,2.482553422E-1,9.756733894E0,9.760256217E0
3.106486971E0,-7.477571070E-2,2.626122832E-1,9.747162819E0,9.750986598E0
3.108656191E0,-8.434699476E-2,2.578266263E-1,9.747162819E0,9.750936981E0
3.110809826E0,-6.999006122E-2,2.626122832E-1,9.761520386E0,9.765303071E0
3.112965466E0,-8.434699476E-2,2.769692242E-1,9.723235130E0,9.727544796E0
3.115143039E0,-8.434699476E-2,2.673979402E-1,9.742377281E0,9.746411194E0
3.117300967E0,-6.999006122E-2,2.721835673E-1,9.747162819E0,9.751213541E0
3.119460106E0,-7.956135273E-2,2.626122832E-1,9.756733894E0,9.760591760E0
3.121613030E0,-9.870393574E-2,2.721835673E-1,9.747162819E0,9.751461910E0
3.123761987E0,-8.434699476E-2,2.673979402E-1,9.761520386E0,9.765546391E0
3.125899794E0,-7.956135273E-2,2.817548811E-1,9.766305923E0,9.770693282E0
3.128083429E0,-7.477571070E-2,2.721835673E-1,9.761520386E0,9.765600624E0
3.130234918E0,-8.434699476E-2,2.769692242E-1,9.751948357E0,9.756245339E0
3.132406112E0,-7.956135273E-2,2.626122832E-1,9.785448074E0,9.789294624E0
3.134555181E0,-8.434699476E-2,2.482553422E-1,9.751948357E0,9.755472407E0
3.136704361E0,-7.477571070E-2,2.626122832E-1,9.732806206E0,9.736635623E0
3.138865891E0,-8.434699476E-2,2.626122832E-1,9.742377281E0,9.746281071E0
3.140999334E0,-7.477571070E-2,2.626122832E-1,9.761520386E0,9.765338543E0
3.143177242E0,-8.434699476E-2,2.673979402E-1,9.737591743E0,9.741627638E0
3.145344438E0,-8.434699476E-2,2.673979402E-1,9.737591743E0,9.741627638E0
3.147508389E0,-8.434699476E-2,2.626122832E-1,9.747162819E0,9.751064693E0
3.149659085E0,-8.913264424E-2,2.578266263E-1,9.751948357E0,9.755763217E0
3.151805030E0,-8.434699476E-2,2.673979402E-1,9.747162819E0,9.751194752E0
3.153970069E0,-8.434699476E-2,2.578266263E-1,9.751948357E0,9.755720667E0
3.156122118E0,-7.956135273E-2,2.626122832E-1,9.728020668E0,9.731889916E0
3.158304929E0,-8.434699476E-2,2.530409992E-1,9.742377281E0,9.746027870E0
3.160447182E0,-6.520441920E-2,2.530409992E-1,9.742377281E0,9.745880999E0
3.162607695E0,-6.999006122E-2,2.626122832E-1,9.742377281E0,9.746167396E0
3.164758076E0,-8.434699476E-2,2.530409992E-1,9.742377281E0,9.746027870E0
3.166915628E0,-8.434699476E-2,2.482553422E-1,9.756733894E0,9.760256217E0
3.169067880E0,-8.913264424E-2,2.673979402E-1,9.747162819E0,9.751237322E0
3.171233154E0,-7.956135273E-2,2.626122832E-1,9.766305923E0,9.770160009E0
3.173391306E0,-7.956135273E-2,2.626122832E-1,9.728020668E0,9.731889916E0
3.175549764E0,-9.391828626E-2,2.626122832E-1,9.742377281E0,9.746368603E0
3.177707835E0,-8.434699476E-2,2.578266263E-1,9.751948357E0,9.755720667E0
3.179862050E0,-7.477571070E-2,2.626122832E-1,9.747162819E0,9.750986598E0
3.181989990E0,-7.956135273E-2,2.769692242E-1,9.766305923E0,9.770556450E0
3.184177542E0,-7.956135273E-2,2.626122832E-1,9.742377281E0,9.746240830E0
3.186334067E0,-7.956135273E-2,2.530409992E-1,9.728020668E0,9.731636341E0
3.188499940E0,-6.999006122E-2,2.530409992E-1,9.775876999E0,9.779401794E0
3.190644848E0,-7.956135273E-2,2.673979402E-1,9.775876999E0,9.779856991E0
3.192788810E0,-8.434699476E-2,2.434697002E-1,9.723235130E0,9.726648617E0
3.194966565E0,-7.956135273E-2,2.482553422E-1,9.732806206E0,9.736296902E0
3.197123649E0,-7.956135273E-2,2.673979402E-1,9.766305923E0,9.770289814E0
3.199285749E0,-7.477571070E-2,2.530409992E-1,9.761520386E0,9.765085837E0
3.201434452E0,-7.477571070E-2,2.530409992E-1,9.747162819E0,9.750733520E0
3.203572137E0,-6.520441920E-2,2.482553422E-1,9.751948357E0,9.755325678E0
3.205739150E0,-8.434699476E-2,2.530409992E-1,9.761520386E0,9.765163819E0
3.207909580E0,-7.956135273E-2,2.530409992E-1,9.756733894E0,9.760338931E0
3.210071904E0,-7.477571070E-2,2.578266263E-1,9.747162819E0,9.750858885E0
3.212221837E0,-7.956135273E-2,2.482553422E-1,9.737591743E0,9.741080725E0
3.214351802E0,-7.477571070E-2,2.578266263E-1,9.742377281E0,9.746075162E0
3.216527237E0,-7.477571070E-2,2.578266263E-1,9.780662537E0,9.784345948E0
3.218696426E0,-6.999006122E-2,2.578266263E-1,9.747162819E0,9.750823360E0
3.220861588E0,-6.520441920E-2,2.578266263E-1,9.737591743E0,9.741222672E0
3.223020961E0,-7.477571070E-2,2.434697002E-1,9.728020668E0,9.731354223E0
3.225196447E0,-6.999006122E-2,2.626122832E-1,9.751948357E0,9.755734753E0
3.227333167E0,-6.999006122E-2,2.530409992E-1,9.766305923E0,9.769834172E0
3.229478685E0,-7.956135273E-2,2.626122832E-1,9.723235130E0,9.727106282E0
3.231610409E0,-7.956135273E-2,2.578266263E-1,9.766305923E0,9.770032547E0
3.233791297E0,-6.999006122E-2,2.626122832E-1,9.756733894E0,9.760518434E0
3.235929919E0,-6.520441920E-2,2.482553422E-1,9.756733894E0,9.760109560E0
3.238120928E0,-6.520441920E-2,2.626122832E-1,9.742377281E0,9.746134204E0
3.240271451E0,-6.999006122E-2,2.434697002E-1,9.742377281E0,9.745670382E0
3.242437620E0,-7.477571070E-2,2.626122832E-1,9.771091461E0,9.774905880E0
3.244585936E0,-8.434699476E-2,2.626122832E-1,9.756733894E0,9.760631942E0
3.246741036E0,-7.956135273E-2,2.626122832E-1,9.761520386E0,9.765376360E0
3.248888193E0,-6.999006122E-2,2.434697002E-1,9.742377281E0,9.745670382E0
3.251059142E0,-6.999006122E-2,2.626122832E-1,9.756733894E0,9.760518434E0
3.253215443E0,-8.434699476E-2,2.578266263E-1,9.751948357E0,9.755720667E0
3.255376810E0,-7.956135273E-2,2.578266263E-1,9.732806206E0,9.736545651E0
3.257530243E0,-6.999006122E-2,2.578266263E-1,9.761520386E0,9.765175545E0
3.259689301E0,-7.956135273E-2,2.626122832E-1,9.766305923E0,9.770160009E0
3.261839610E0,-7.956135273E-2,2.721835673E-1,9.751948357E0,9.756070451E0
3.263974844E0,-7.956135273E-2,2.673979402E-1,9.756733894E0,9.760721692E0
3.266132508E0,-6.999006122E-2,2.626122832E-1,9.742377281E0,9.746167396E0
3.268290041E0,-7.956135273E-2,2.578266263E-1,9.747162819E0,9.750896759E0
3.270452394E0,-6.999006122E-2,2.530409992E-1,9.756733894E0,9.760265603E0
3.272611961E0,-6.041877344E-2,2.626122832E-1,9.756733894E0,9.760454494E0
3.274769096E0,-7.477571070E-2,2.721835673E-1,9.771091461E0,9.775167704E0
3.276925356E0,-7.477571070E-2,2.626122832E-1,9.756733894E0,9.760553924E0
3.279081434E0,-8.434699476E-2,2.626122832E-1,9.761520386E0,9.765416523E0
3.281240095E0,-6.520441920E-2,2.530409992E-1,9.766305923E0,9.769801060E0
3.283397973E0,-6.520441920E-2,2.626122832E-1,9.761520386E0,9.765269943E0
3.285556084E0,-7.956135273E-2,2.721835673E-1,9.756733894E0,9.760853968E0
3.287712345E0,-7.477571070E-2,2.626122832E-1,9.747162819E0,9.750986598E0
3.289872288E0,-8.434699476E-2,2.721835673E-1,9.756733894E0,9.760894149E0
3.292022923E0,-7.477571070E-2,2.626122832E-1,9.756733894E0,9.760553924E0
3.294184707E0,-6.520441920E-2,2.673979402E-1,9.751948357E0,9.755831591E0
3.296340154E0,-6.520441920E-2,2.673979402E-1,9.747162819E0,9.751047959E0
3.298500534E0,-7.477571070E-2,2.626122832E-1,9.737591743E0,9.741419280E0
3.300656998E0,-8.434699476E-2,2.721835673E-1,9.761520386E0,9.765678602E0
3.302814337E0,-7.956135273E-2,2.817548811E-1,9.775876999E0,9.780260064E0
3.304971034E0,-7.477571070E-2,2.626122832E-1,9.751948357E0,9.755770260E0
3.307128994E0,-8.913264424E-2,2.673979402E-1,9.747162819E0,9.751237322E0
3.309285579E0,-8.434699476E-2,2.626122832E-1,9.775876999E0,9.779767417E0
3.311444170E0,-6.999006122E-2,2.626122832E-1,9.747162819E0,9.750951074E0
3.313603492E0,-7.477571070E-2,2.578266263E-1,9.756733894E0,9.760426336E0
3.315772091E0,-7.956135273E-2,2.673979402E-1,9.751948357E0,9.755938111E0
3.317929288E0,-7.477571070E-2,2.721835673E-1,9.728020668E0,9.732114951E0
3.320086657E0,-7.956135273E-2,2.673979402E-1,9.766305923E0,9.770289814E0
3.322239876E0,-8.434699476E-2,2.769692242E-1,9.756733894E0,9.761028770E0
3.324395882E0,-9.391828626E-2,3.008974493E-1,9.761520386E0,9.766608427E0
3.326555540E0,-7.477571070E-2,2.865405083E-1,9.742377281E0,9.746877036E0
3.328713937E0,-7.956135273E-2,2.721835673E-1,9.747162819E0,9.751286937E0
3.330871072E0,-7.956135273E-2,2.721835673E-1,9.771091461E0,9.775205484E0
3.333024729E0,-8.434699476E-2,2.578266263E-1,9.771091461E0,9.774856384E0
3.335168650E0,-9.391828626E-2,2.721835673E-1,9.751948357E0,9.756198096E0
3.337343678E0,-7.956135273E-2,2.530409992E-1,9.747162819E0,9.750771394E0
3.339500397E0,-8.434699476E-2,2.769692242E-1,9.761520386E0,9.765813157E0
3.341663899E0,-6.999006122E-2,2.865405083E-1,9.756733894E0,9.761191544E0
3.343815003E0,-7.956135273E-2,2.721835673E-1,9.732806206E0,9.736936404E0
3.345973400E0,-8.434699476E-2,2.626122832E-1,9.742377281E0,9.746281071E0
3.348129792E0,-7.477571070E-2,2.578266263E-1,9.766305923E0,9.769994748E0
3.350288596E0,-8.434699476E-2,2.673979402E-1,9.766305923E0,9.770329957E0
3.352445894E0,-6.999006122E-2,2.769692242E-1,9.761520386E0,9.765699709E0
3.354603253E0,-7.956135273E-2,2.673979402E-1,9.742377281E0,9.746370953E0
3.356759646E0,-7.477571070E-2,2.673979402E-1,9.747162819E0,9.751116658E0
3.358917992E0,-9.391828626E-2,2.721835673E-1,9.766305923E0,9.770549418E0
3.361074517E0,-7.956135273E-2,2.817548811E-1,9.756733894E0,9.761125555E0
3.363231489E0,-8.913264424E-2,2.578266263E-1,9.742377281E0,9.746195888E0
3.365383466E0,-9.870393574E-2,2.721835673E-1,9.756733894E0,9.761028770E0
3.367545556E0,-7.477571070E-2,2.769692242E-1,9.766305923E0,9.770518653E0
3.369695123E0,-8.913264424E-2,2.769692242E-1,9.742377281E0,9.746721073E0
3.371864241E0,-8.434699476E-2,2.626122832E-1,9.723235130E0,9.727146602E0
3.374019200E0,-8.913264424E-2,2.769692242E-1,9.756733894E0,9.761071297E0
3.376179895E0,-6.999006122E-2,2.673979402E-1,9.775876999E0,9.779783810E0
3.378331599E0,-8.434699476E-2,2.769692242E-1,9.742377281E0,9.746678483E0
3.380482315E0,-8.434699476E-2,2.673979402E-1,9.751948357E0,9.755978312E0
3.382649053E0,-7.956135273E-2,2.721835673E-1,9.751948357E0,9.756070451E0
3.384807806E0,-8.434699476E-2,2.673979402E-1,9.751948357E0,9.755978312E0
3.386967687E0,-8.913264424E-2,2.578266263E-1,9.761520386E0,9.765331507E0
3.389124620E0,-9.391828626E-2,2.721835673E-1,9.761520386E0,9.765765960E0
3.391286068E0,-8.434699476E-2,2.721835673E-1,9.751948357E0,9.756110652E0
3.393427792E0,-9.391828626E-2,2.673979402E-1,9.737591743E0,9.741715212E0
3.395590074E0,-8.913264424E-2,2.530409992E-1,9.756733894E0,9.760421644E0
3.397749763E0,-8.913264424E-2,2.673979402E-1,9.742377281E0,9.746453785E0
3.399911436E0,-1.034895778E-1,2.386840582E-1,9.742377281E0,9.745850156E0
3.402071876E0,-8.434699476E-2,2.673979402E-1,9.747162819E0,9.751194752E0
3.404229684E0,-9.391828626E-2,2.626122832E-1,9.756733894E0,9.760719345E0
3.406405617E0,-9.391828626E-2,2.673979402E-1,9.756733894E0,9.760849276E0
3.408554025E0,-7.477571070E-2,2.673979402E-1,9.737591743E0,9.741549468E0
3.410715494E0,-7.956135273E-2,2.769692242E-1,9.732806206E0,9.737071356E0
3.412868143E0,-8.434699476E-2,2.673979402E-1,9.728020668E0,9.732060532E0
3.415011881E0,-8.434699476E-2,2.626122832E-1,9.756733894E0,9.760631942E0
3.417180765E0,-8.434699476E-2,2.530409992E-1,9.751948357E0,9.755595364E0
3.419338154E0,-7.477571070E-2,2.626122832E-1,9.747162819E0,9.750986598E0
3.421500315E0,-7.477571070E-2,2.673979402E-1,9.732806206E0,9.736765875E0
3.423654572E0,-8.913264424E-2,2.673979402E-1,9.751948357E0,9.756020861E0
3.425811199E0,-8.434699476E-2,2.626122832E-1,9.751948357E0,9.755848317E0
3.427968252E0,-8.913264424E-2,2.578266263E-1,9.756733894E0,9.760546884E0
3.430121878E0,-7.956135273E-2,2.626122832E-1,9.737591743E0,9.741457190E0
3.432284018E0,-8.434699476E-2,2.482553422E-1,9.751948357E0,9.755472407E0
3.434438509E0,-8.434699476E-2,2.530409992E-1,9.771091461E0,9.774731327E0
3.436591738E0,-7.956135273E-2,2.530409992E-1,9.756733894E0,9.760338931E0
3.438757123E0,-7.956135273E-2,2.578266263E-1,9.747162819E0,9.750896759E0
3.440914014E0,-8.434699476E-2,2.721835673E-1,9.751948357E0,9.756110652E0
3.443071607E0,-8.913264424E-2,2.673979402E-1,9.771091461E0,9.775155990E0
3.445220126E0,-7.477571070E-2,2.626122832E-1,9.756733894E0,9.760553924E0
3.447372826E0,-7.956135273E-2,2.578266263E-1,9.742377281E0,9.746113054E0
3.449540612E0,-8.913264424E-2,2.434697002E-1,9.761520386E0,9.764962999E0
3.451688613E0,-8.434699476E-2,2.626122832E-1,9.775876999E0,9.779767417E0
3.453862248E0,-7.477571070E-2,2.626122832E-1,9.756733894E0,9.760553924E0
3.456011713E0,-7.956135273E-2,2.578266263E-1,9.737591743E0,9.741329352E0
3.458154891E0,-7.956135273E-2,2.530409992E-1,9.761520386E0,9.765123655E0
3.460317021E0,-8.434699476E-2,2.626122832E-1,9.766305923E0,9.770200152E0
3.462487991E0,-7.956135273E-2,2.434697002E-1,9.756733894E0,9.760095481E0
3.464648209E0,-8.434699476E-2,2.626122832E-1,9.751948357E0,9.755848317E0
3.466801530E0,-8.434699476E-2,2.530409992E-1,9.747162819E0,9.750811617E0
3.468959835E0,-8.434699476E-2,2.530409992E-1,9.751948357E0,9.755595364E0
3.471119005E0,-7.956135273E-2,2.578266263E-1,9.761520386E0,9.765248836E0
3.473277147E0,-7.956135273E-2,2.578266263E-1,9.761520386E0,9.765248836E0
3.475426846E0,-6.520441920E-2,2.626122832E-1,9.742377281E0,9.746134204E0
3.477561907E0,-7.477571070E-2,2.482553422E-1,9.761520386E0,9.764962999E0
3.479731483E0,-8.913264424E-2,2.530409992E-1,9.761520386E0,9.765206327E0
3.481881568E0,-7.956135273E-2,2.578266263E-1,9.756733894E0,9.760464173E0
3.484073941E0,-8.434699476E-2,2.578266263E-1,9.747162819E0,9.750936981E0
3.486208616E0,-8.913264424E-2,2.530409992E-1,9.751948357E0,9.755637915E0
3.488380023E0,-7.477571070E-2,2.482553422E-1,9.766305923E0,9.769746850E0
3.490513101E0,-8.434699476E-2,2.530409992E-1,9.761520386E0,9.765163819E0
3.492683552E0,-7.477571070E-2,2.626122832E-1,9.747162819E0,9.750986598E0
3.494849548E0,-8.434699476E-2,2.530409992E-1,9.756733894E0,9.760379114E0
3.497011891E0,-7.956135273E-2,2.578266263E-1,9.761520386E0,9.765248836E0
3.499167185E0,-6.999006122E-2,2.626122832E-1,9.771091461E0,9.774870442E0
3.501322184E0,-9.391828626E-2,2.578266263E-1,9.766305923E0,9.770160009E0
3.503475413E0,-7.956135273E-2,2.530409992E-1,9.723235130E0,9.726852582E0
3.505618032E0,-7.956135273E-2,2.626122832E-1,9.751948357E0,9.755808115E0
3.507761577E0,-8.913264424E-2,2.482553422E-1,9.761520386E0,9.765083491E0
3.509925833E0,-7.956135273E-2,2.673979402E-1,9.756733894E0,9.760721692E0
3.512095766E0,-6.999006122E-2,2.530409992E-1,9.747162819E0,9.750697994E0
3.514257397E0,-8.434699476E-2,2.482553422E-1,9.756733894E0,9.760256217E0
3.516412844E0,-8.434699476E-2,2.578266263E-1,9.766305923E0,9.770072690E0
3.518566256E0,-7.477571070E-2,2.530409992E-1,9.761520386E0,9.765085837E0
3.520715608E0,-6.999006122E-2,2.721835673E-1,9.728020668E0,9.732079357E0
3.522885541E0,-7.956135273E-2,2.673979402E-1,9.747162819E0,9.751154531E0
3.525047366E0,-7.477571070E-2,2.626122832E-1,9.756733894E0,9.760553924E0
3.527200972E0,-7.477571070E-2,2.673979402E-1,9.761520386E0,9.765468412E0
3.529354923E0,-6.041877344E-2,2.578266263E-1,9.751948357E0,9.755543129E0
3.531511681E0,-6.999006122E-2,2.721835673E-1,9.737591743E0,9.741646445E0
3.533672418E0,-6.999006122E-2,2.578266263E-1,9.756733894E0,9.760390846E0
3.535838586E0,-6.041877344E-2,2.769692242E-1,9.766305923E0,9.770419324E0
3.537980972E0,-7.477571070E-2,2.578266263E-1,9.747162819E0,9.750858885E0
3.540128362E0,-7.477571070E-2,2.626122832E-1,9.742377281E0,9.746202938E0
3.542298223E0,-7.477571070E-2,2.482553422E-1,9.756733894E0,9.760178195E0
3.544458125E0,-7.477571070E-2,2.626122832E-1,9.761520386E0,9.765338543E0
3.546616064E0,-7.477571070E-2,2.626122832E-1,9.751948357E0,9.755770260E0
3.548761724E0,-6.999006122E-2,2.578266263E-1,9.747162819E0,9.750823360E0
3.550917293E0,-7.477571070E-2,2.673979402E-1,9.756733894E0,9.760683857E0
3.553076443E0,-8.434699476E-2,2.626122832E-1,9.747162819E0,9.751064693E0
3.555233873E0,-6.520441920E-2,2.721835673E-1,9.747162819E0,9.751180366E0
3.557393114E0,-6.999006122E-2,2.626122832E-1,9.747162819E0,9.750951074E0
3.559550534E0,-7.477571070E-2,2.626122832E-1,9.742377281E0,9.746202938E0
3.561708239E0,-7.956135273E-2,2.673979402E-1,9.742377281E0,9.746370953E0
3.563864632E0,-6.520441920E-2,2.482553422E-1,9.742377281E0,9.745757919E0
3.566022082E0,-7.956135273E-2,2.673979402E-1,9.742377281E0,9.746370953E0
3.568178913E0,-8.434699476E-2,2.673979402E-1,9.756733894E0,9.760761874E0
3.570337492E0,-7.956135273E-2,2.721835673E-1,9.747162819E0,9.751286937E0
3.572494302E0,-6.999006122E-2,2.626122832E-1,9.742377281E0,9.746167396E0
3.574653136E0,-7.956135273E-2,2.578266263E-1,9.728020668E0,9.731761952E0
3.576810332E0,-7.477571070E-2,2.482553422E-1,9.751948357E0,9.755394347E0
3.578967183E0,-7.956135273E-2,2.721835673E-1,9.747162819E0,9.751286937E0
3.581123484E0,-6.999006122E-2,2.721835673E-1,9.728020668E0,9.732079357E0
3.583282400E0,-7.956135273E-2,2.482553422E-1,9.751948357E0,9.755432203E0
3.585438578E0,-6.999006122E-2,2.721835673E-1,9.747162819E0,9.751213541E0
3.587597952E0,-6.520441920E-2,2.673979402E-1,9.747162819E0,9.751047959E0
3.589750936E0,-6.999006122E-2,2.626122832E-1,9.737591743E0,9.741383720E0
3.591902426E0,-7.477571070E-2,2.721835673E-1,9.737591743E0,9.741682004E0
3.594069499E0,-7.956135273E-2,2.673979402E-1,9.756733894E0,9.760721692E0
3.596227001E0,-6.999006122E-2,2.673979402E-1,9.742377281E0,9.746297520E0
3.598385998E0,-6.999006122E-2,2.626122832E-1,9.742377281E0,9.746167396E0
3.600542147E0,-9.870393574E-2,2.578266263E-1,9.747162819E0,9.751071739E0
3.602697990E0,-6.999006122E-2,2.626122832E-1,9.756733894E0,9.760518434E0
3.604856285E0,-7.477571070E-2,2.721835673E-1,9.766305923E0,9.770384163E0
3.607013014E0,-8.434699476E-2,2.769692242E-1,9.756733894E0,9.761028770E0
3.609172173E0,-8.434699476E-2,2.673979402E-1,9.756733894E0,9.760761874E0
3.611329064E0,-8.913264424E-2,2.626122832E-1,9.761520386E0,9.765459031E0
3.613483840E0,-6.999006122E-2,2.721835673E-1,9.766305923E0,9.770348709E0
3.615642684E0,-8.913264424E-2,2.769692242E-1,9.756733894E0,9.761071297E0
3.617802423E0,-8.434699476E-2,2.530409992E-1,9.742377281E0,9.746027870E0
3.619959304E0,-7.956135273E-2,2.626122832E-1,9.742377281E0,9.746240830E0
3.622116175E0,-7.477571070E-2,2.530409992E-1,9.766305923E0,9.769869628E0
3.624270563E0,-8.913264424E-2,2.530409992E-1,9.751948357E0,9.755637915E0
3.626431148E0,-9.391828626E-2,2.865405083E-1,9.732806206E0,9.737476200E0
3.628588913E0,-7.956135273E-2,2.626122832E-1,9.742377281E0,9.746240830E0
3.630746304E0,-6.999006122E-2,2.626122832E-1,9.761520386E0,9.765303071E0
3.632905401E0,-7.477571070E-2,2.626122832E-1,9.766305923E0,9.770122211E0
3.635071306E0,-6.999006122E-2,2.578266263E-1,9.747162819E0,9.750823360E0
3.637217363E0,-8.434699476E-2,2.626122832E-1,9.737591743E0,9.741497451E0
3.639376086E0,-8.434699476E-2,2.626122832E-1,9.775876999E0,9.779767417E0
3.641529945E0,-6.041877344E-2,2.578266263E-1,9.771091461E0,9.774679194E0
3.643689532E0,-8.434699476E-2,2.769692242E-1,9.751948357E0,9.756245339E0
3.645840839E0,-8.434699476E-2,2.530409992E-1,9.742377281E0,9.746027870E0
3.648005461E0,-8.434699476E-2,2.721835673E-1,9.756733894E0,9.760894149E0
3.650163165E0,-7.956135273E-2,2.769692242E-1,9.756733894E0,9.760988590E0
3.652322406E0,-7.956135273E-2,2.578266263E-1,9.737591743E0,9.741329352E0
3.654477527E0,-7.477571070E-2,2.578266263E-1,9.737591743E0,9.741291441E0
3.656636159E0,-7.477571070E-2,2.578266263E-1,9.766305923E0,9.769994748E0
3.658791890E0,-8.434699476E-2,2.673979402E-1,9.780662537E0,9.784680666E0
3.660951151E0,-8.913264424E-2,2.769692242E-1,9.756733894E0,9.761071297E0
3.663108175E0,-8.434699476E-2,2.482553422E-1,9.747162819E0,9.750688599E0
3.665265676E0,-7.956135273E-2,2.673979402E-1,9.766305923E0,9.770289814E0
3.667421560E0,-8.434699476E-2,2.578266263E-1,9.761520386E0,9.765288999E0
3.669579377E0,-7.956135273E-2,2.673979402E-1,9.766305923E0,9.770289814E0
3.671736980E0,-8.913264424E-2,2.626122832E-1,9.751948357E0,9.755890866E0
3.673895132E0,-8.434699476E-2,2.626122832E-1,9.766305923E0,9.770200152E0
3.676052033E0,-8.434699476E-2,2.673979402E-1,9.756733894E0,9.760761874E0
3.678208905E0,-7.956135273E-2,2.721835673E-1,9.761520386E0,9.765638440E0
3.680361727E0,-7.956135273E-2,2.626122832E-1,9.742377281E0,9.746240830E0
3.682524569E0,-8.434699476E-2,2.721835673E-1,9.756733894E0,9.760894149E0
3.684681633E0,-8.913264424E-2,2.721835673E-1,9.747162819E0,9.751369726E0
3.686841952E0,-7.477571070E-2,2.673979402E-1,9.737591743E0,9.741549468E0
3.688993909E0,-6.999006122E-2,2.626122832E-1,9.756733894E0,9.760518434E0
3.691146325E0,-8.913264424E-2,2.673979402E-1,9.747162819E0,9.751237322E0
3.693310367E0,-8.434699476E-2,2.626122832E-1,9.747162819E0,9.751064693E0
3.695469853E0,-7.956135273E-2,2.578266263E-1,9.756733894E0,9.760464173E0
3.697631962E0,-8.434699476E-2,2.578266263E-1,9.761520386E0,9.765288999E0
3.699794275E0,-8.434699476E-2,2.626122832E-1,9.756733894E0,9.760631942E0
3.701942865E0,-6.520441920E-2,2.626122832E-1,9.747162819E0,9.750917898E0
3.704112187E0,-7.956135273E-2,2.626122832E-1,9.766305923E0,9.770160009E0
3.706270320E0,-8.913264424E-2,2.626122832E-1,9.751948357E0,9.755890866E0
3.708426224E0,-8.913264424E-2,2.578266263E-1,9.766305923E0,9.770115178E0
3.710580033E0,-8.434699476E-2,2.769692242E-1,9.761520386E0,9.765813157E0
3.712737463E0,-9.870393574E-2,2.626122832E-1,9.756733894E0,9.760766566E0
3.714896196E0,-8.434699476E-2,2.769692242E-1,9.747162819E0,9.751461910E0
3.717053442E0,-7.956135273E-2,2.626122832E-1,9.771091461E0,9.774943660E0
3.719209754E0,-7.956135273E-2,2.721835673E-1,9.756733894E0,9.760853968E0
3.721368019E0,-8.913264424E-2,2.626122832E-1,9.747162819E0,9.751107263E0
3.723522143E0,-6.999006122E-2,2.626122832E-1,9.761520386E0,9.765303071E0
3.725673022E0,-7.956135273E-2,2.626122832E-1,9.766305923E0,9.770160009E0
3.727838946E0,-8.913264424E-2,2.673979402E-1,9.751948357E0,9.756020861E0
3.729995563E0,-8.913264424E-2,2.721835673E-1,9.737591743E0,9.741802784E0
3.732158120E0,-8.434699476E-2,2.769692242E-1,9.756733894E0,9.761028770E0
3.734312976E0,-7.477571070E-2,2.673979402E-1,9.756733894E0,9.760683857E0
3.736470193E0,-7.477571070E-2,2.673979402E-1,9.742377281E0,9.746333062E0
3.738627562E0,-6.999006122E-2,2.626122832E-1,9.737591743E0,9.741383720E0
3.740784148E0,-8.434699476E-2,2.578266263E-1,9.756733894E0,9.760504355E0
3.742942749E0,-9.391828626E-2,2.530409992E-1,9.733404160E0,9.737145728E0
3.745097890E0,-8.913264424E-2,2.578266263E-1,9.747162819E0,9.750979552E0
3.747251994E0,-7.956135273E-2,2.721835673E-1,9.737591743E0,9.741719913E0
3.749415182E0,-9.391828626E-2,2.721835673E-1,9.756733894E0,9.760981550E0
3.751572469E0,-7.477571070E-2,2.673979402E-1,9.751948357E0,9.755900257E0
3.753730683E0,-7.956135273E-2,2.530409992E-1,9.756733894E0,9.760338931E0
3.755885214E0,-7.956135273E-2,2.626122832E-1,9.747162819E0,9.751024471E0
3.758032015E0,-7.477571070E-2,2.530409992E-1,9.742377281E0,9.745949735E0
3.760202211E0,-8.434699476E-2,2.530409992E-1,9.771091461E0,9.774731327E0
3.762358472E0,-7.477571070E-2,2.530409992E-1,9.766305923E0,9.769869628E0
3.764520337E0,-7.477571070E-2,2.626122832E-1,9.742377281E0,9.746202938E0
3.766671674E0,-6.999006122E-2,2.626122832E-1,9.761520386E0,9.765303071E0
3.768820386E0,-6.999006122E-2,2.530409992E-1,9.737591743E0,9.741130392E0
3.770986117E0,-6.999006122E-2,2.482553422E-1,9.742377281E0,9.745791113E0
3.773136773E0,-9.391828626E-2,2.482553422E-1,9.747162819E0,9.750776091E0
3.775306126E0,-6.999006122E-2,2.721835673E-1,9.747162819E0,9.751213541E0
3.777459101E0,-7.956135273E-2,2.626122832E-1,9.747162819E0,9.751024471E0
3.779609837E0,-7.956135273E-2,2.673979402E-1,9.723235130E0,9.727236661E0
3.781777063E0,-7.956135273E-2,2.626122832E-1,9.761520386E0,9.765376360E0
3.783934209E0,-7.956135273E-2,2.721835673E-1,9.747162819E0,9.751286937E0
3.786094284E0,-8.434699476E-2,2.578266263E-1,9.732806206E0,9.736585933E0
3.788245753E0,-7.956135273E-2,2.626122832E-1,9.756733894E0,9.760591760E0
3.790394761E0,-9.391828626E-2,2.626122832E-1,9.742377281E0,9.746368603E0
3.792552740E0,-7.956135273E-2,2.626122832E-1,9.756733894E0,9.760591760E0
3.794721777E0,-7.956135273E-2,2.578266263E-1,9.742377281E0,9.746113054E0
3.796879961E0,-8.913264424E-2,2.721835673E-1,9.737591743E0,9.741802784E0
3.799039049E0,-6.999006122E-2,2.530409992E-1,9.766305923E0,9.769834172E0
3.801193559E0,-7.477571070E-2,2.626122832E-1,9.761520386E0,9.765338543E0
3.803347073E0,-7.477571070E-2,2.673979402E-1,9.742377281E0,9.746333062E0
3.805491259E0,-7.956135273E-2,2.530409992E-1,9.747162819E0,9.750771394E0
3.807665688E0,-6.999006122E-2,2.721835673E-1,9.751948357E0,9.755997092E0
3.809822375E0,-7.956135273E-2,2.769692242E-1,9.751948357E0,9.756205139E0
3.811986520E0,-8.913264424E-2,2.578266263E-1,9.761520386E0,9.765331507E0
3.814143350E0,-7.956135273E-2,2.626122832E-1,9.761520386E0,9.765376360E0
3.816295917E0,-8.434699476E-2,2.530409992E-1,9.751948357E0,9.755595364E0
3.818453246E0,-8.434699476E-2,2.673979402E-1,9.751948357E0,9.755978312E0
3.820609079E0,-6.999006122E-2,2.578266263E-1,9.751948357E0,9.755607102E0
3.822769195E0,-6.041877344E-2,2.482553422E-1,9.766305923E0,9.769647513E0
3.824933949E0,-6.520441920E-2,2.530409992E-1,9.766305923E0,9.769801060E0
3.827081929E0,-7.477571070E-2,2.578266263E-1,9.771091461E0,9.774778479E0
3.829240398E0,-7.956135273E-2,2.626122832E-1,9.742377281E0,9.746240830E0
3.831394654E0,-7.477571070E-2,2.530409992E-1,9.747162819E0,9.750733520E0
3.833552969E0,-5.563312769E-2,2.673979402E-1,9.756733894E0,9.760555977E0
3.835702464E0,-6.999006122E-2,2.578266263E-1,9.751948357E0,9.755607102E0
3.837870159E0,-6.999006122E-2,2.673979402E-1,9.761520386E0,9.765432940E0
3.840026511E0,-7.477571070E-2,2.578266263E-1,9.756733894E0,9.760426336E0
3.842187329E0,-7.956135273E-2,2.530409992E-1,9.771091461E0,9.774691202E0
3.844341342E0,-6.999006122E-2,2.530409992E-1,9.756733894E0,9.760265603E0
3.846499860E0,-7.477571070E-2,2.626122832E-1,9.751948357E0,9.755770260E0
3.848656406E0,-5.563312769E-2,2.673979402E-1,9.742377281E0,9.746204994E0
3.850814995E0,-7.477571070E-2,2.673979402E-1,9.785448074E0,9.789386451E0
3.852972395E0,-6.999006122E-2,2.721835673E-1,9.747162819E0,9.751213541E0
3.855129062E0,-7.477571070E-2,2.434697002E-1,9.751948357E0,9.755273735E0
3.857284173E0,-6.041877344E-2,2.626122832E-1,9.766305923E0,9.770022878E0
3.859444350E0,-6.999006122E-2,2.721835673E-1,9.785448074E0,9.789482955E0
3.861601018E0,-6.999006122E-2,2.673979402E-1,9.756733894E0,9.760648367E0
3.863759964E0,-7.477571070E-2,2.721835673E-1,9.742377281E0,9.746465533E0
3.865915715E0,-7.477571070E-2,2.673979402E-1,9.766305923E0,9.770252016E0
3.868074702E0,-7.477571070E-2,2.530409992E-1,9.771091461E0,9.774653421E0
3.870231898E0,-6.999006122E-2,2.626122832E-1,9.761520386E0,9.765303071E0
3.872389237E0,-7.956135273E-2,2.626122832E-1,9.751948357E0,9.755808115E0
3.874545670E0,-7.477571070E-2,2.721835673E-1,9.766305923E0,9.770384163E0
3.876703854E0,-6.520441920E-2,2.578266263E-1,9.780662537E0,9.784277482E0
3.878857388E0,-7.956135273E-2,2.530409992E-1,9.756733894E0,9.760338931E0
3.881006171E0,-6.999006122E-2,2.721835673E-1,9.747162819E0,9.751213541E0
3.883171251E0,-6.520441920E-2,2.673979402E-1,9.751948357E0,9.755831591E0
3.885317400E0,-8.913264424E-2,2.626122832E-1,9.756733894E0,9.760674471E0
3.887494646E0,-8.913264424E-2,2.626122832E-1,9.771091461E0,9.775026250E0
3.889646207E0,-7.477571070E-2,2.721835673E-1,9.742377281E0,9.746465533E0
3.891802732E0,-7.477571070E-2,2.626122832E-1,9.756733894E0,9.760553924E0
3.893980711E0,-6.999006122E-2,2.673979402E-1,9.766305923E0,9.770216561E0
3.896133432E0,-7.477571070E-2,2.769692242E-1,9.751948357E0,9.756167286E0
3.898281747E0,-8.434699476E-2,2.626122832E-1,9.751948357E0,9.755848317E0
3.900432463E0,-7.956135273E-2,2.578266263E-1,9.737591743E0,9.741329352E0
3.902595703E0,-8.434699476E-2,2.673979402E-1,9.737591743E0,9.741627638E0
3.904763844E0,-7.477571070E-2,2.673979402E-1,9.747162819E0,9.751116658E0
3.906911824E0,-7.956135273E-2,2.626122832E-1,9.737591743E0,9.741457190E0
3.909080841E0,-8.434699476E-2,2.578266263E-1,9.742377281E0,9.746153296E0
3.911231781E0,-8.434699476E-2,2.673979402E-1,9.751948357E0,9.755978312E0
3.913379425E0,-7.956135273E-2,2.578266263E-1,9.756733894E0,9.760464173E0
3.915551270E0,-7.477571070E-2,2.817548811E-1,9.756733894E0,9.761087721E0
3.917707470E0,-7.956135273E-2,2.673979402E-1,9.771091461E0,9.775073402E0
3.919870546E0,-7.956135273E-2,2.578266263E-1,9.737591743E0,9.741329352E0
3.922020601E0,-6.999006122E-2,2.673979402E-1,9.751948357E0,9.755864750E0
3.924165122E0,-6.999006122E-2,2.578266263E-1,9.751948357E0,9.755607102E0
3.926324303E0,-6.999006122E-2,2.673979402E-1,9.732806206E0,9.736730299E0
3.928492627E0,-8.434699476E-2,2.530409992E-1,9.732806206E0,9.736460384E0
3.930642367E0,-8.434699476E-2,2.434697002E-1,9.742377281E0,9.745784063E0
3.932819848E0,-8.434699476E-2,2.578266263E-1,9.742377281E0,9.746153296E0
3.934987491E0,-7.477571070E-2,2.578266263E-1,9.737591743E0,9.741291441E0
3.937116672E0,-9.391828626E-2,2.530409992E-1,9.732806206E0,9.736548004E0
3.939283349E0,-7.477571070E-2,2.673979402E-1,9.751948357E0,9.755900257E0
3.941434289E0,-8.434699476E-2,2.578266263E-1,9.747162819E0,9.750936981E0
3.943599868E0,-6.999006122E-2,2.530409992E-1,9.756733894E0,9.760265603E0
3.945748082E0,-7.956135273E-2,2.530409992E-1,9.728020668E0,9.731636341E0
3.947884445E0,-8.913264424E-2,2.482553422E-1,9.756733894E0,9.760298747E0
3.950070491E0,-6.999006122E-2,2.482553422E-1,9.747162819E0,9.750574975E0
3.952227158E0,-8.434699476E-2,2.626122832E-1,9.751948357E0,9.755848317E0
3.954389217E0,-8.434699476E-2,2.578266263E-1,9.747162819E0,9.750936981E0
3.956524380E0,-8.434699476E-2,2.530409992E-1,9.742377281E0,9.746027870E0
3.958678992E0,-7.477571070E-2,2.530409992E-1,9.751948357E0,9.755517306E0
3.960857041E0,-6.999006122E-2,2.578266263E-1,9.732806206E0,9.736472144E0
3.963017311E0,-6.999006122E-2,2.626122832E-1,9.747162819E0,9.750951074E0
3.965170387E0,-8.913264424E-2,2.578266263E-1,9.742377281E0,9.746195888E0
3.967329353E0,-8.434699476E-2,2.626122832E-1,9.751948357E0,9.755848317E0
3.969485746E0,-7.956135273E-2,2.673979402E-1,9.728020668E0,9.732020231E0
3.971646441E0,-7.956135273E-2,2.673979402E-1,9.742377281E0,9.746370953E0
3.973802326E0,-8.913264424E-2,2.673979402E-1,9.742377281E0,9.746453785E0
3.975959522E0,-8.434699476E-2,2.578266263E-1,9.771091461E0,9.774856384E0
3.978115253E0,-7.956135273E-2,2.530409992E-1,9.742377281E0,9.745987628E0
3.980272002E0,-7.956135273E-2,2.578266263E-1,9.742377281E0,9.746113054E0
3.982436563E0,-6.999006122E-2,2.673979402E-1,9.761520386E0,9.765432940E0
3.984589172E0,-7.477571070E-2,2.482553422E-1,9.742377281E0,9.745826656E0
3.986746662E0,-7.477571070E-2,2.626122832E-1,9.747162819E0,9.750986598E0
3.988899627E0,-7.477571070E-2,2.673979402E-1,9.756733894E0,9.760683857E0
3.991045411E0,-7.477571070E-2,2.673979402E-1,9.761520386E0,9.765468412E0
3.993206106E0,-7.956135273E-2,2.626122832E-1,9.732806206E0,9.736673552E0
3.995375652E0,-7.956135273E-2,2.626122832E-1,9.723235130E0,9.727106282E0
3.997536988E0,-6.999006122E-2,2.578266263E-1,9.742377281E0,9.746039620E0
3.999695873E0,-9.391828626E-2,2.721835673E-1,9.751948357E0,9.756198096E0
4.001854311E0,-6.999006122E-2,2.721835673E-1,9.761520386E0,9.765565152E0
4.003984102E0,-6.999006122E-2,2.817548811E-1,9.742377281E0,9.746701981E0
4.006126152E0,-8.913264424E-2,2.721835673E-1,9.747162819E0,9.751369726E0
4.008292594E0,-7.956135273E-2,2.482553422E-1,9.766305923E0,9.769784650E0
4.010467013E0,-8.913264424E-2,2.626122832E-1,9.775876999E0,9.779809862E0
4.012630577E0,-8.434699476E-2,2.578266263E-1,9.737591743E0,9.741369614E0
4.014782778E0,-9.391828626E-2,2.721835673E-1,9.742377281E0,9.746631194E0
4.016936567E0,-7.477571070E-2,2.626122832E-1,9.761520386E0,9.765338543E0
4.019094150E0,-6.520441920E-2,2.530409992E-1,9.747162819E0,9.750664817E0
4.021251591E0,-7.956135273E-2,2.673979402E-1,9.756733894E0,9.760721692E0
4.023407841E0,-8.434699476E-2,2.626122832E-1,9.747162819E0,9.751064693E0
4.025554885E0,-7.956135273E-2,2.482553422E-1,9.761520386E0,9.765000817E0
4.027712346E0,-8.434699476E-2,2.673979402E-1,9.751948357E0,9.755978312E0
4.029871322E0,-6.999006122E-2,2.769692242E-1,9.747162819E0,9.751348295E0
4.032043258E0,-7.956135273E-2,2.626122832E-1,9.751948357E0,9.755808115E0
4.034198979E0,-7.956135273E-2,2.434697002E-1,9.742377281E0,9.745743819E0
4.036357539E0,-8.434699476E-2,2.673979402E-1,9.766305923E0,9.770329957E0
4.038510901E0,-8.913264424E-2,2.673979402E-1,9.766305923E0,9.770372443E0
4.040669745E0,-7.956135273E-2,2.673979402E-1,9.766305923E0,9.770289814E0
4.042827002E0,-6.999006122E-2,2.626122832E-1,9.751948357E0,9.755734753E0
4.044982052E0,-6.999006122E-2,2.673979402E-1,9.756733894E0,9.760648367E0
4.047128069E0,-7.956135273E-2,2.626122832E-1,9.751948357E0,9.755808115E0
4.049285388E0,-8.434699476E-2,2.673979402E-1,9.756733894E0,9.760761874E0
4.051455808E0,-8.434699476E-2,2.530409992E-1,9.756733894E0,9.760379114E0
4.053616666E0,-7.956135273E-2,2.530409992E-1,9.747162819E0,9.750771394E0
4.055774026E0,-8.434699476E-2,2.530409992E-1,9.756733894E0,9.760379114E0
4.057929137E0,-7.956135273E-2,2.578266263E-1,9.751948357E0,9.755680465E0
4.060086902E0,-7.956135273E-2,2.626122832E-1,9.751948357E0,9.755808115E0
4.062244149E0,-7.956135273E-2,2.386840582E-1,9.742377281E0,9.745625438E0
4.064400542E0,-6.520441920E-2,2.530409992E-1,9.771091461E0,9.774584887E0
4.066558623E0,-7.956135273E-2,2.578266263E-1,9.771091461E0,9.774816260E0
4.068715291E0,-6.999006122E-2,2.769692242E-1,9.785448074E0,9.789617182E0
4.070874043E0,-6.520441920E-2,2.626122832E-1,9.751948357E0,9.755701593E0
4.073030223E0,-6.520441920E-2,2.673979402E-1,9.761520386E0,9.765399813E0
4.075188935E0,-6.999006122E-2,2.673979402E-1,9.747162819E0,9.751081134E0
4.077344839E0,-7.956135273E-2,2.578266263E-1,9.742377281E0,9.746113054E0
4.079497579E0,-7.477571070E-2,2.530409992E-1,9.761520386E0,9.765085837E0
4.081656302E0,-7.956135273E-2,2.386840582E-1,9.775876999E0,9.779114029E0
4.083818158E0,-7.477571070E-2,2.530409992E-1,9.761520386E0,9.765085837E0
4.085976168E0,-7.956135273E-2,2.626122832E-1,9.732806206E0,9.736673552E0
4.088134239E0,-8.913264424E-2,2.530409992E-1,9.756733894E0,9.760421644E0
4.090289777E0,-7.956135273E-2,2.626122832E-1,9.761520386E0,9.765376360E0
4.092448458E0,-6.520441920E-2,2.673979402E-1,9.761520386E0,9.765399813E0
4.094605675E0,-8.434699476E-2,2.482553422E-1,9.751948357E0,9.755472407E0
4.096763207E0,-8.913264424E-2,2.626122832E-1,9.737591743E0,9.741540063E0
4.098919844E0,-8.434699476E-2,2.578266263E-1,9.756733894E0,9.760504355E0
4.101076268E0,-6.999006122E-2,2.673979402E-1,9.761520386E0,9.765432940E0
4.103219741E0,-6.999006122E-2,2.673979402E-1,9.756733894E0,9.760648367E0
4.105375218E0,-7.477571070E-2,2.673979402E-1,9.751948357E0,9.755900257E0
4.107549077E0,-7.477571070E-2,2.817548811E-1,9.756733894E0,9.761087721E0
4.109713973E0,-6.999006122E-2,2.530409992E-1,9.756733894E0,9.760265603E0
4.111885554E0,-6.999006122E-2,2.673979402E-1,9.751948357E0,9.755864750E0
4.114036260E0,-6.520441920E-2,2.626122832E-1,9.751948357E0,9.755701593E0
4.116195491E0,-6.999006122E-2,2.626122832E-1,9.756733894E0,9.760518434E0
4.118350317E0,-6.999006122E-2,2.626122832E-1,9.756733894E0,9.760518434E0
4.120507870E0,-6.999006122E-2,2.482553422E-1,9.766305923E0,9.769711394E0
4.122663173E0,-6.999006122E-2,2.626122832E-1,9.771091461E0,9.774870442E0
4.124812679E0,-8.434699476E-2,2.673979402E-1,9.771091461E0,9.775113524E0
4.126980628E0,-7.477571070E-2,2.721835673E-1,9.732806206E0,9.736898476E0
4.129135871E0,-8.434699476E-2,2.626122832E-1,9.737591743E0,9.741497451E0
4.131289131E0,-7.477571070E-2,2.769692242E-1,9.761520386E0,9.765735180E0
4.133451891E0,-6.999006122E-2,2.721835673E-1,9.751948357E0,9.755997092E0
4.135609840E0,-8.434699476E-2,2.673979402E-1,9.751948357E0,9.755978312E0
4.137769254E0,-7.477571070E-2,2.530409992E-1,9.728020668E0,9.731598392E0
4.139925047E0,-7.477571070E-2,2.578266263E-1,9.756733894E0,9.760426336E0
4.142078226E0,-5.563312769E-2,2.769692242E-1,9.747162819E0,9.751255817E0
4.144226683E0,-7.477571070E-2,2.626122832E-1,9.747162819E0,9.750986598E0
4.146392771E0,-6.520441920E-2,2.626122832E-1,9.737591743E0,9.741350512E0
4.148538625E0,-6.999006122E-2,2.721835673E-1,9.751948357E0,9.755997092E0
4.150697479E0,-7.477571070E-2,2.769692242E-1,9.771091461E0,9.775302128E0
4.152853658E0,-6.520441920E-2,2.721835673E-1,9.737591743E0,9.741613238E0
4.155013835E0,-6.041877344E-2,2.578266263E-1,9.751948357E0,9.755543129E0
4.157175243E0,-7.477571070E-2,2.626122832E-1,9.761520386E0,9.765338543E0
4.159344656E0,-7.956135273E-2,2.626122832E-1,9.761520386E0,9.765376360E0
4.161503246E0,-8.434699476E-2,2.673979402E-1,9.728020668E0,9.732060532E0
4.163659690E0,-8.434699476E-2,2.626122832E-1,9.742377281E0,9.746281071E0
4.165811545E0,-8.913264424E-2,2.626122832E-1,9.747162819E0,9.751107263E0
4.167964388E0,-7.477571070E-2,2.578266263E-1,9.756733894E0,9.760426336E0
4.170103416E0,-7.477571070E-2,2.626122832E-1,9.747162819E0,9.750986598E0
4.172286827E0,-6.999006122E-2,2.673979402E-1,9.742377281E0,9.746297520E0
4.174444155E0,-8.434699476E-2,2.530409992E-1,9.742377281E0,9.746027870E0
4.176606896E0,-7.477571070E-2,2.626122832E-1,9.751948357E0,9.755770260E0
4.178755852E0,-7.477571070E-2,2.721835673E-1,9.751948357E0,9.756032598E0
4.180897088E0,-7.956135273E-2,2.769692242E-1,9.761520386E0,9.765772996E0
4.183047784E0,-8.434699476E-2,2.721835673E-1,9.742377281E0,9.746543664E0
4.185223718E0,-6.520441920E-2,2.673979402E-1,9.751948357E0,9.755831591E0
4.187391972E0,-6.999006122E-2,2.578266263E-1,9.761520386E0,9.765175545E0
4.189551091E0,-7.956135273E-2,2.626122832E-1,9.756733894E0,9.760591760E0
4.191696660E0,-7.956135273E-2,2.578266263E-1,9.742377281E0,9.746113054E0
4.193832819E0,-7.956135273E-2,2.530409992E-1,9.728020668E0,9.731636341E0
4.196018712E0,-7.956135273E-2,2.673979402E-1,9.751948357E0,9.755938111E0
4.198176876E0,-8.913264424E-2,2.769692242E-1,9.756733894E0,9.761071297E0
4.200340318E0,-8.434699476E-2,2.578266263E-1,9.742377281E0,9.746153296E0
4.202489660E0,-9.451649338E-2,2.578266263E-1,9.714262009E0,9.718142534E0
4.204644700E0,-8.434699476E-2,2.721835673E-1,9.747162819E0,9.751327157E0
4.206792009E0,-7.477571070E-2,2.482553422E-1,9.756733894E0,9.760178195E0
4.208963182E0,-8.434699476E-2,2.482553422E-1,9.756733894E0,9.760256217E0
4.211117255E0,-8.434699476E-2,2.626122832E-1,9.737591743E0,9.741497451E0
4.213271889E0,-8.434699476E-2,2.673979402E-1,9.742377281E0,9.746411194E0
4.215435830E0,-6.041877344E-2,2.673979402E-1,9.756733894E0,9.760584428E0
4.217592751E0,-6.999006122E-2,2.721835673E-1,9.732806206E0,9.736862900E0
4.219751930E0,-8.434699476E-2,2.817548811E-1,9.732806206E0,9.737248937E0
4.221904804E0,-7.477571070E-2,2.673979402E-1,9.742377281E0,9.746333062E0
4.224047789E0,-8.434699476E-2,2.721835673E-1,9.756733894E0,9.760894149E0
4.226208006E0,-7.956135273E-2,2.626122832E-1,9.761520386E0,9.765376360E0
4.228379780E0,-9.391828626E-2,2.626122832E-1,9.732806206E0,9.736801451E0
4.230544027E0,-7.477571070E-2,2.673979402E-1,9.742377281E0,9.746333062E0
4.232698893E0,-7.956135273E-2,2.578266263E-1,9.737591743E0,9.741329352E0
4.234851816E0,-8.913264424E-2,2.530409992E-1,9.771091461E0,9.774773794E0
4.237006002E0,-8.913264424E-2,2.769692242E-1,9.742377281E0,9.746721073E0
4.239171611E0,-8.434699476E-2,2.530409992E-1,9.747162819E0,9.750811617E0
4.241336996E0,-7.477571070E-2,2.673979402E-1,9.751948357E0,9.755900257E0
4.243488842E0,-8.913264424E-2,2.673979402E-1,9.747162819E0,9.751237322E0
4.245658388E0,-7.956135273E-2,2.530409992E-1,9.747162819E0,9.750771394E0
4.247778872E0,-6.520441920E-2,2.769692242E-1,9.732806206E0,9.736964630E0
4.249955304E0,-8.913264424E-2,2.578266263E-1,9.756733894E0,9.760546884E0
4.252106030E0,-8.913264424E-2,2.626122832E-1,9.761520386E0,9.765459031E0
4.254277244E0,-6.999006122E-2,2.721835673E-1,9.742377281E0,9.746429992E0
4.256442639E0,-7.956135273E-2,2.673979402E-1,9.766305923E0,9.770289814E0
4.258570580E0,-7.477571070E-2,2.626122832E-1,9.742377281E0,9.746202938E0
4.260741977E0,-7.956135273E-2,2.530409992E-1,9.747162819E0,9.750771394E0
4.262893314E0,-7.477571070E-2,2.578266263E-1,9.766305923E0,9.769994748E0
4.265060276E0,-6.999006122E-2,2.578266263E-1,9.761520386E0,9.765175545E0
4.267212142E0,-7.956135273E-2,2.530409992E-1,9.747162819E0,9.750771394E0
4.269362441E0,-6.999006122E-2,2.434697002E-1,9.732806206E0,9.736102544E0
4.271528467E0,-7.477571070E-2,2.626122832E-1,9.751948357E0,9.755770260E0
4.273690638E0,-7.956135273E-2,2.721835673E-1,9.751948357E0,9.756070451E0
4.275859512E0,-8.434699476E-2,2.673979402E-1,9.751948357E0,9.755978312E0
4.277986700E0,-7.477571070E-2,2.578266263E-1,9.756733894E0,9.760426336E0
4.280158646E0,-7.477571070E-2,2.721835673E-1,9.761520386E0,9.765600624E0
4.282293239E0,-7.477571070E-2,2.673979402E-1,9.771091461E0,9.775035622E0
4.284451178E0,-8.913264424E-2,2.578266263E-1,9.761520386E0,9.765331507E0
4.286614213E0,-7.956135273E-2,2.673979402E-1,9.756733894E0,9.760721692E0
4.288771797E0,-7.477571070E-2,2.626122832E-1,9.747162819E0,9.750986598E0
4.290925117E0,-8.434699476E-2,2.626122832E-1,9.771091461E0,9.774983784E0
4.293089292E0,-6.520441920E-2,2.626122832E-1,9.780662537E0,9.784404759E0
4.295247719E0,-8.434699476E-2,2.626122832E-1,9.751948357E0,9.755848317E0
4.297406634E0,-8.434699476E-2,2.626122832E-1,9.747162819E0,9.751064693E0
4.299562772E0,-9.870393574E-2,2.721835673E-1,9.756733894E0,9.761028770E0
4.301719979E0,-9.391828626E-2,2.673979402E-1,9.775876999E0,9.779984325E0
4.303877541E0,-6.520441920E-2,2.530409992E-1,9.761520386E0,9.765017235E0
4.306034229E0,-9.391828626E-2,2.626122832E-1,9.742377281E0,9.746368603E0
4.308193124E0,-7.956135273E-2,2.578266263E-1,9.756733894E0,9.760464173E0
4.310348795E0,-7.956135273E-2,2.673979402E-1,9.766305923E0,9.770289814E0
4.312507293E0,-8.434699476E-2,2.673979402E-1,9.751948357E0,9.755978312E0
4.314663533E0,-8.913264424E-2,2.626122832E-1,9.751948357E0,9.755890866E0
4.316822419E0,-7.956135273E-2,2.626122832E-1,9.751948357E0,9.755808115E0
4.318979665E0,-6.999006122E-2,2.673979402E-1,9.785448074E0,9.789351065E0
4.321137065E0,-7.477571070E-2,2.817548811E-1,9.766305923E0,9.770655485E0
4.323290518E0,-9.391828626E-2,2.578266263E-1,9.771091461E0,9.774943660E0
4.325439882E0,-7.956135273E-2,2.578266263E-1,9.761520386E0,9.765248836E0
4.327605836E0,-7.477571070E-2,2.721835673E-1,9.771091461E0,9.775167704E0
4.329756766E0,-7.956135273E-2,2.721835673E-1,9.771091461E0,9.775205484E0
4.331926210E0,-8.434699476E-2,2.626122832E-1,9.761520386E0,9.765416523E0
4.334079379E0,-7.477571070E-2,2.626122832E-1,9.756733894E0,9.760553924E0
4.336231306E0,-6.999006122E-2,2.578266263E-1,9.761520386E0,9.765175545E0
4.338396477E0,-7.956135273E-2,2.626122832E-1,9.761520386E0,9.765376360E0
4.340552819E0,-7.956135273E-2,2.673979402E-1,9.766305923E0,9.770289814E0
4.342711307E0,-6.520441920E-2,2.721835673E-1,9.761520386E0,9.765532026E0
4.344859491E0,-7.477571070E-2,2.721835673E-1,9.775876999E0,9.779951247E0
4.347032709E0,-6.999006122E-2,2.673979402E-1,9.785448074E0,9.789351065E0
4.349183028E0,-7.956135273E-2,2.578266263E-1,9.771091461E0,9.774816260E0
4.351343979E0,-7.477571070E-2,2.673979402E-1,9.756733894E0,9.760683857E0
4.353497075E0,-7.956135273E-2,2.626122832E-1,9.751948357E0,9.755808115E0
4.355653539E0,-8.913264424E-2,2.673979402E-1,9.742377281E0,9.746453785E0
4.357802912E0,-6.520441920E-2,2.626122832E-1,9.771091461E0,9.774837348E0
4.359970770E0,-6.999006122E-2,2.673979402E-1,9.747162819E0,9.751081134E0
4.362127386E0,-7.956135273E-2,2.626122832E-1,9.742377281E0,9.746240830E0
4.364288235E0,-6.520441920E-2,2.721835673E-1,9.756733894E0,9.760747502E0
4.366439673E0,-9.391828626E-2,2.482553422E-1,9.766305923E0,9.769912116E0
4.368591030E0,-8.434699476E-2,2.530409992E-1,9.737591743E0,9.741244126E0
4.370758257E0,-8.434699476E-2,2.626122832E-1,9.732806206E0,9.736713833E0
4.372915575E0,-7.956135273E-2,2.721835673E-1,9.747162819E0,9.751286937E0
4.375074694E0,-7.477571070E-2,2.626122832E-1,9.756733894E0,9.760553924E0
4.377231301E0,-8.913264424E-2,2.578266263E-1,9.751948357E0,9.755763217E0
4.379387266E0,-8.913264424E-2,2.530409992E-1,9.728020668E0,9.731719298E0
4.381545399E0,-7.956135273E-2,2.769692242E-1,9.742377281E0,9.746638243E0
4.383704873E0,-8.434699476E-2,2.673979402E-1,9.766305923E0,9.770329957E0
4.385877053E0,-8.434699476E-2,2.626122832E-1,9.766305923E0,9.770200152E0
4.388034148E0,-7.956135273E-2,2.482553422E-1,9.723235130E0,9.726729261E0
4.390189065E0,-7.477571070E-2,2.626122832E-1,9.728020668E0,9.731851968E0
4.392335103E0,-7.477571070E-2,2.578266263E-1,9.751948357E0,9.755642610E0
4.394502797E0,-7.477571070E-2,2.626122832E-1,9.761520386E0,9.765338543E0
4.396659638E0,-7.956135273E-2,2.626122832E-1,9.771091461E0,9.774943660E0
4.398820496E0,-7.956135273E-2,2.673979402E-1,9.747162819E0,9.751154531E0
4.400973999E0,-8.434699476E-2,2.673979402E-1,9.751948357E0,9.755978312E0
4.403127473E0,-8.434699476E-2,2.626122832E-1,9.771091461E0,9.774983784E0
4.405274202E0,-7.956135273E-2,2.482553422E-1,9.737591743E0,9.741080725E0
4.407428611E0,-8.913264424E-2,2.530409992E-1,9.742377281E0,9.746070463E0
4.409588166E0,-8.913264424E-2,2.626122832E-1,9.742377281E0,9.746323662E0
4.411744051E0,-7.956135273E-2,2.578266263E-1,9.742377281E0,9.746113054E0
4.413897687E0,-7.477571070E-2,2.578266263E-1,9.723235130E0,9.726940288E0
4.416081026E0,-6.999006122E-2,2.482553422E-1,9.756733894E0,9.760142704E0
4.418234174E0,-8.434699476E-2,2.673979402E-1,9.761520386E0,9.765546391E0
4.420385562E0,-8.434699476E-2,2.626122832E-1,9.742377281E0,9.746281071E0
4.422546838E0,-6.520441920E-2,2.626122832E-1,9.742377281E0,9.746134204E0
4.424690758E0,-7.477571070E-2,2.673979402E-1,9.771091461E0,9.775035622E0
4.426854129E0,-7.956135273E-2,2.578266263E-1,9.751948357E0,9.755680465E0
4.429018549E0,-7.956135273E-2,2.721835673E-1,9.728020668E0,9.732152898E0
4.431168553E0,-6.999006122E-2,2.626122832E-1,9.756733894E0,9.760518434E0
4.433340093E0,-6.999006122E-2,2.673979402E-1,9.766305923E0,9.770216561E0
4.435490087E0,-8.434699476E-2,2.530409992E-1,9.747162819E0,9.750811617E0
4.437642604E0,-8.434699476E-2,2.578266263E-1,9.718449593E0,9.722234901E0
4.439806351E0,-6.999006122E-2,2.626122832E-1,9.751948357E0,9.755734753E0
4.441954026E0,-8.434699476E-2,2.530409992E-1,9.756733894E0,9.760379114E0
4.444126989E0,-9.391828626E-2,2.530409992E-1,9.728618622E0,9.732362030E0
4.446279537E0,-6.999006122E-2,2.626122832E-1,9.723235130E0,9.727032704E0
4.448430833E0,-8.913264424E-2,2.530409992E-1,9.747162819E0,9.750854188E0
4.450596869E0,-6.999006122E-2,2.482553422E-1,9.747162819E0,9.750574975E0
4.452749905E0,-6.520441920E-2,2.578266263E-1,9.751948357E0,9.755573942E0
4.454903368E0,-6.999006122E-2,2.578266263E-1,9.742377281E0,9.746039620E0
4.457063819E0,-6.999006122E-2,2.626122832E-1,9.737591743E0,9.741383720E0
4.459205757E0,-6.999006122E-2,2.721835673E-1,9.756733894E0,9.760780644E0
4.461386086E0,-7.956135273E-2,2.673979402E-1,9.742377281E0,9.746370953E0
4.463540952E0,-8.913264424E-2,2.673979402E-1,9.761520386E0,9.765588898E0
4.465702920E0,-6.041877344E-2,2.530409992E-1,9.747162819E0,9.750633989E0
4.467852171E0,-8.434699476E-2,2.673979402E-1,9.747162819E0,9.751194752E0
4.469997405E0,-6.520441920E-2,2.673979402E-1,9.756733894E0,9.760615224E0
4.472171457E0,-7.477571070E-2,2.626122832E-1,9.723235130E0,9.727068316E0
4.474328785E0,-7.477571070E-2,2.673979402E-1,9.742377281E0,9.746333062E0
4.476489491E0,-7.956135273E-2,2.626122832E-1,9.785448074E0,9.789294624E0
4.478641021E0,-6.999006122E-2,2.769692242E-1,9.775876999E0,9.780050187E0
4.480791565E0,-7.477571070E-2,2.721835673E-1,9.742377281E0,9.746465533E0
4.482944632E0,-8.913264424E-2,2.626122832E-1,9.732806206E0,9.736756466E0
4.485115530E0,-7.956135273E-2,2.530409992E-1,9.742377281E0,9.745987628E0
4.487273642E0,-7.477571070E-2,2.578266263E-1,9.766305923E0,9.769994748E0
4.489428030E0,-8.434699476E-2,2.673979402E-1,9.751948357E0,9.755978312E0
4.491562186E0,-7.956135273E-2,2.578266263E-1,9.756733894E0,9.760464173E0
4.493737744E0,-7.956135273E-2,2.578266263E-1,9.732806206E0,9.736545651E0
4.495901807E0,-6.999006122E-2,2.530409992E-1,9.742377281E0,9.745914192E0
4.498065971E0,-8.434699476E-2,2.673979402E-1,9.751948357E0,9.755978312E0
4.500218620E0,-7.477571070E-2,2.578266263E-1,9.756733894E0,9.760426336E0
4.502372745E0,-7.956135273E-2,2.673979402E-1,9.751948357E0,9.755938111E0
4.504516493E0,-7.956135273E-2,2.578266263E-1,9.761520386E0,9.765248836E0
4.506661156E0,-7.956135273E-2,2.578266263E-1,9.756733894E0,9.760464173E0
4.508821151E0,-9.391828626E-2,2.578266263E-1,9.751948357E0,9.755808114E0
4.510990991E0,-8.434699476E-2,2.626122832E-1,9.751948357E0,9.755848317E0
4.513151036E0,-7.477571070E-2,2.386840582E-1,9.747162819E0,9.750371506E0
4.515310104E0,-7.956135273E-2,2.578266263E-1,9.751948357E0,9.755680465E0
4.517462956E0,-8.434699476E-2,2.721835673E-1,9.766305923E0,9.770462103E0
4.519621567E0,-7.956135273E-2,2.626122832E-1,9.761520386E0,9.765376360E0
4.521779668E0,-7.956135273E-2,2.482553422E-1,9.766305923E0,9.769784650E0
4.523944891E0,-8.434699476E-2,2.530409992E-1,9.756733894E0,9.760379114E0
4.526094061E0,-8.434699476E-2,2.721835673E-1,9.751948357E0,9.756110652E0
4.528249182E0,-8.913264424E-2,2.530409992E-1,9.747162819E0,9.750854188E0
4.530394924E0,-9.391828626E-2,2.578266263E-1,9.747162819E0,9.751024471E0
4.532557278E0,-8.434699476E-2,2.530409992E-1,9.761520386E0,9.765163819E0
4.534722724E0,-6.999006122E-2,2.578266263E-1,9.771091461E0,9.774743041E0
4.536883420E0,-7.477571070E-2,2.578266263E-1,9.756733894E0,9.760426336E0
4.539039711E0,-9.391828626E-2,2.626122832E-1,9.761520386E0,9.765503883E0
4.541196267E0,-9.391828626E-2,2.578266263E-1,9.766305923E0,9.770160009E0
4.543350981E0,-8.913264424E-2,2.626122832E-1,9.761520386E0,9.765459031E0
4.545498259E0,-8.434699476E-2,2.721835673E-1,9.766305923E0,9.770462103E0
4.547657286E0,-7.956135273E-2,2.578266263E-1,9.775876999E0,9.779599975E0
4.549825489E0,-7.477571070E-2,2.578266263E-1,9.771091461E0,9.774778479E0
4.551984934E0,-7.956135273E-2,2.769692242E-1,9.751948357E0,9.756205139E0
4.554143127E0,-9.391828626E-2,2.673979402E-1,9.747162819E0,9.751282240E0
4.556294534E0,-8.434699476E-2,2.673979402E-1,9.766305923E0,9.770329957E0
4.558445383E0,-8.913264424E-2,2.673979402E-1,9.742377281E0,9.746453785E0
4.560612986E0,-9.391828626E-2,2.578266263E-1,9.742377281E0,9.746240829E0
4.562771007E0,-8.434699476E-2,2.578266263E-1,9.761520386E0,9.765288999E0
4.564932007E0,-8.913264424E-2,2.626122832E-1,9.756733894E0,9.760674471E0
4.567084504E0,-7.956135273E-2,2.626122832E-1,9.756733894E0,9.760591760E0
4.569239177E0,-9.391828626E-2,2.673979402E-1,9.751948357E0,9.756065757E0
4.571399537E0,-8.434699476E-2,2.673979402E-1,9.751948357E0,9.755978312E0
4.573556581E0,-7.956135273E-2,2.721835673E-1,9.756733894E0,9.760853968E0
4.575716046E0,-6.999006122E-2,2.721835673E-1,9.751948357E0,9.755997092E0
4.577871808E0,-7.956135273E-2,2.673979402E-1,9.742377281E0,9.746370953E0
4.580028821E0,-8.913264424E-2,2.626122832E-1,9.747162819E0,9.751107263E0
4.582195366E0,-6.520441920E-2,2.769692242E-1,9.766305923E0,9.770450090E0
4.584345798E0,-7.477571070E-2,2.530409992E-1,9.761520386E0,9.765085837E0
4.586502007E0,-9.391828626E-2,2.578266263E-1,9.761520386E0,9.765376360E0
4.588657546E0,-6.999006122E-2,2.530409992E-1,9.737591743E0,9.741130392E0
4.590815739E0,-7.477571070E-2,2.482553422E-1,9.761520386E0,9.764962999E0
4.592974970E0,-7.956135273E-2,2.673979402E-1,9.785448074E0,9.789424175E0
4.595132074E0,-7.956135273E-2,2.721835673E-1,9.756733894E0,9.760853968E0
4.597289524E0,-8.434699476E-2,2.578266263E-1,9.756733894E0,9.760504355E0
4.599445857E0,-7.956135273E-2,2.673979402E-1,9.756733894E0,9.760721692E0
4.601604121E0,-7.477571070E-2,2.673979402E-1,9.795019150E0,9.798953679E0
4.603760849E0,-8.913264424E-2,2.721835673E-1,9.747162819E0,9.751369726E0
4.605919226E0,-7.956135273E-2,2.626122832E-1,9.737591743E0,9.741457190E0
4.608078894E0,-7.477571070E-2,2.673979402E-1,9.756733894E0,9.760683857E0
4.610250729E0,-7.956135273E-2,2.626122832E-1,9.766305923E0,9.770160009E0
4.612402737E0,-9.391828626E-2,2.626122832E-1,9.761520386E0,9.765503883E0
4.614543454E0,-8.913264424E-2,2.626122832E-1,9.747162819E0,9.751107263E0
4.616718635E0,-7.956135273E-2,2.626122832E-1,9.742377281E0,9.746240830E0
4.618876767E0,-8.434699476E-2,2.626122832E-1,9.747162819E0,9.751064693E0
4.621038826E0,-7.956135273E-2,2.578266263E-1,9.761520386E0,9.765248836E0
4.623188658E0,-7.956135273E-2,2.673979402E-1,9.737591743E0,9.741587377E0
4.625332813E0,-6.999006122E-2,2.673979402E-1,9.732806206E0,9.736730299E0
4.627494139E0,-7.956135273E-2,2.673979402E-1,9.732806206E0,9.736803803E0
4.629651030E0,-7.477571070E-2,2.578266263E-1,9.756733894E0,9.760426336E0
4.631824970E0,-7.956135273E-2,2.769692242E-1,9.751948357E0,9.756205139E0
4.633977355E0,-7.477571070E-2,2.673979402E-1,9.737591743E0,9.741549468E0
4.636126383E0,-7.477571070E-2,2.673979402E-1,9.723235130E0,9.727198696E0
4.638293324E0,-7.477571070E-2,2.817548811E-1,9.761520386E0,9.765872079E0
4.640451396E0,-6.520441920E-2,2.721835673E-1,9.742377281E0,9.746396801E0
4.642611491E0,-8.434699476E-2,2.578266263E-1,9.742377281E0,9.746153296E0
4.644764018E0,-7.956135273E-2,2.530409992E-1,9.742377281E0,9.745987628E0
4.646913239E0,-7.477571070E-2,2.578266263E-1,9.742377281E0,9.746075162E0
4.649081615E0,-6.999006122E-2,2.673979402E-1,9.775876999E0,9.779783810E0
4.651237560E0,-9.391828626E-2,2.817548811E-1,9.751948357E0,9.756469813E0
4.653399497E0,-7.477571070E-2,2.626122832E-1,9.737591743E0,9.741419280E0
4.655548931E0,-9.391828626E-2,2.626122832E-1,9.775876999E0,9.779854649E0
4.657695040E0,-6.999006122E-2,2.673979402E-1,9.751948357E0,9.755864750E0
4.659849520E0,-7.956135273E-2,2.578266263E-1,9.747162819E0,9.750896759E0
4.662005679E0,-7.477571070E-2,2.673979402E-1,9.723235130E0,9.727198696E0
4.664187900E0,-8.913264424E-2,2.626122832E-1,9.732806206E0,9.736756466E0
4.666346856E0,-8.434699476E-2,2.673979402E-1,9.742377281E0,9.746411194E0
4.668499006E0,-7.956135273E-2,2.626122832E-1,9.742377281E0,9.746240830E0
4.670642144E0,-7.477571070E-2,2.578266263E-1,9.718449593E0,9.722156575E0
4.672811314E0,-8.913264424E-2,2.721835673E-1,9.747162819E0,9.751369726E0
4.674970372E0,-7.956135273E-2,2.673979402E-1,9.718449593E0,9.722453093E0
4.677130090E0,-7.477571070E-2,2.769692242E-1,9.747162819E0,9.751383819E0
4.679282364E0,-8.434699476E-2,2.673979402E-1,9.728020668E0,9.732060532E0
4.681426732E0,-7.477571070E-2,2.721835673E-1,9.742377281E0,9.746465533E0
4.683583827E0,-7.956135273E-2,2.626122832E-1,9.751948357E0,9.755808115E0
4.685743932E0,-7.477571070E-2,2.626122832E-1,9.747162819E0,9.750986598E0
4.687918188E0,-7.477571070E-2,2.578266263E-1,9.756733894E0,9.760426336E0
4.690072841E0,-8.434699476E-2,2.530409992E-1,9.742377281E0,9.746027870E0
4.692224504E0,-7.956135273E-2,2.434697002E-1,9.747162819E0,9.750527705E0
4.694386370E0,-8.434699476E-2,2.434697002E-1,9.732806206E0,9.736216336E0
4.696545162E0,-7.956135273E-2,2.578266263E-1,9.737591743E0,9.741329352E0
4.698704871E0,-6.999006122E-2,2.578266263E-1,9.761520386E0,9.765175545E0
4.700857042E0,-7.477571070E-2,2.626122832E-1,9.751948357E0,9.755770260E0
4.703004158E0,-8.913264424E-2,2.530409992E-1,9.761520386E0,9.765206327E0
4.705164172E0,-8.913264424E-2,2.673979402E-1,9.751948357E0,9.756020861E0
4.707314878E0,-7.956135273E-2,2.673979402E-1,9.751948357E0,9.755938111E0
4.709492297E0,-7.477571070E-2,2.530409992E-1,9.747162819E0,9.750733520E0
4.711644367E0,-8.913264424E-2,2.673979402E-1,9.742377281E0,9.746453785E0
4.713795928E0,-7.956135273E-2,2.626122832E-1,9.761520386E0,9.765376360E0
4.715962382E0,-8.434699476E-2,2.578266263E-1,9.756733894E0,9.760504355E0
4.718119242E0,-7.956135273E-2,2.578266263E-1,9.775876999E0,9.779599975E0
4.720279256E0,-6.999006122E-2,2.673979402E-1,9.742377281E0,9.746297520E0
4.722435170E0,-7.477571070E-2,2.626122832E-1,9.742377281E0,9.746202938E0
4.724589356E0,-7.956135273E-2,2.578266263E-1,9.756733894E0,9.760464173E0
4.726740702E0,-7.956135273E-2,2.626122832E-1,9.747162819E0,9.751024471E0
4.728905284E0,-7.956135273E-2,2.530409992E-1,9.737591743E0,9.741203864E0
4.731064292E0,-6.999006122E-2,2.578266263E-1,9.737591743E0,9.741255881E0
4.733217480E0,-6.999006122E-2,2.673979402E-1,9.756733894E0,9.760648367E0
4.735349967E0,-7.477571070E-2,2.626122832E-1,9.756733894E0,9.760553924E0
4.737522717E0,-7.956135273E-2,2.530409992E-1,9.742377281E0,9.745987628E0
4.739694104E0,-7.477571070E-2,2.578266263E-1,9.728020668E0,9.731724004E0
4.741851585E0,-6.999006122E-2,2.578266263E-1,9.766305923E0,9.769959292E0
4.744009066E0,-7.956135273E-2,2.530409992E-1,9.771091461E0,9.774691202E0
4.746166547E0,-7.956135273E-2,2.530409992E-1,9.747162819E0,9.750771394E0
4.748324028E0,-8.913264424E-2,2.530409992E-1,9.761520386E0,9.765206327E0
4.750481509E0,-6.041877344E-2,2.530409992E-1,9.766305923E0,9.769770292E0
4.752625950E0,-7.956135273E-2,2.769692242E-1,9.761520386E0,9.765772996E0
4.754783431E0,-6.999006122E-2,2.578266263E-1,9.742377281E0,9.746039620E0
4.756951695E0,-8.434699476E-2,2.578266263E-1,9.761520386E0,9.765288999E0
4.759101781E0,-8.434699476E-2,2.482553422E-1,9.766305923E0,9.769824795E0
4.761254521E0,-7.956135273E-2,2.626122832E-1,9.771091461E0,9.774943660E0
4.763408055E0,-7.477571070E-2,2.530409992E-1,9.766305923E0,9.769869628E0
4.765573471E0,-8.913264424E-2,2.530409992E-1,9.756733894E0,9.760421644E0
4.767741339E0,-7.956135273E-2,2.578266263E-1,9.766305923E0,9.770032547E0
4.769891190E0,-7.477571070E-2,2.482553422E-1,9.766305923E0,9.769746850E0
4.772057430E0,-7.477571070E-2,2.578266263E-1,9.742377281E0,9.746075162E0
4.774209174E0,-7.956135273E-2,2.626122832E-1,9.747162819E0,9.751024471E0
4.776355567E0,-7.477571070E-2,2.386840582E-1,9.761520386E0,9.764724355E0
4.778511319E0,-6.999006122E-2,2.721835673E-1,9.756733894E0,9.760780644E0
4.780667691E0,-8.434699476E-2,2.578266263E-1,9.742377281E0,9.746153296E0
4.782827400E0,-7.956135273E-2,2.626122832E-1,9.742377281E0,9.746240830E0
4.784976947E0,-7.956135273E-2,2.530409992E-1,9.766305923E0,9.769907428E0
4.787144418E0,-7.956135273E-2,2.530409992E-1,9.742377281E0,9.745987628E0
4.789298440E0,-7.956135273E-2,2.626122832E-1,9.771091461E0,9.774943660E0
4.791452472E0,-8.913264424E-2,2.626122832E-1,9.747162819E0,9.751107263E0
4.793615894E0,-7.956135273E-2,2.673979402E-1,9.766305923E0,9.770289814E0
4.795774108E0,-7.477571070E-2,2.673979402E-1,9.747162819E0,9.751116658E0
4.797932749E0,-7.477571070E-2,2.530409992E-1,9.761520386E0,9.765085837E0
4.800084808E0,-6.999006122E-2,2.769692242E-1,9.775876999E0,9.780050187E0
4.802231567E0,-7.956135273E-2,2.626122832E-1,9.766305923E0,9.770160009E0
4.804412089E0,-7.956135273E-2,2.578266263E-1,9.742377281E0,9.746113054E0
4.806560303E0,-7.956135273E-2,2.626122832E-1,9.756733894E0,9.760591760E0
4.808722646E0,-7.956135273E-2,2.626122832E-1,9.756733894E0,9.760591760E0
4.810873027E0,-7.956135273E-2,2.626122832E-1,9.756733894E0,9.760591760E0
4.813033530E0,-8.434699476E-2,2.626122832E-1,9.766305923E0,9.770200152E0
4.815189953E0,-8.434699476E-2,2.673979402E-1,9.766305923E0,9.770329957E0
4.817348696E0,-8.434699476E-2,2.482553422E-1,9.761520386E0,9.765040982E0
4.819506004E0,-7.956135273E-2,2.626122832E-1,9.751948357E0,9.755808115E0
4.821663312E0,-8.434699476E-2,2.721835673E-1,9.737591743E0,9.741760173E0
4.823819725E0,-7.477571070E-2,2.721835673E-1,9.780662537E0,9.784734792E0
4.825977897E0,-8.434699476E-2,2.673979402E-1,9.780662537E0,9.784680666E0
4.828134698E0,-7.477571070E-2,2.530409992E-1,9.756733894E0,9.760301094E0
4.830293206E0,-8.913264424E-2,2.673979402E-1,9.756733894E0,9.760804402E0
4.832449558E0,-7.477571070E-2,2.721835673E-1,9.761520386E0,9.765600624E0
4.834608331E0,-7.477571070E-2,2.721835673E-1,9.747162819E0,9.751249065E0
4.836765507E0,-7.477571070E-2,2.673979402E-1,9.742377281E0,9.746333062E0
4.838922886E0,-9.391828626E-2,2.769692242E-1,9.737591743E0,9.741982630E0
4.841079310E0,-7.956135273E-2,2.626122832E-1,9.751948357E0,9.755808115E0
4.843238246E0,-8.434699476E-2,2.578266263E-1,9.766305923E0,9.770072690E0
4.845397344E0,-8.434699476E-2,2.673979402E-1,9.742377281E0,9.746411194E0
4.847552689E0,-6.999006122E-2,2.673979402E-1,9.751948357E0,9.755864750E0
4.849708990E0,-7.477571070E-2,2.673979402E-1,9.747162819E0,9.751116658E0
4.851867082E0,-7.477571070E-2,2.721835673E-1,9.742377281E0,9.746465533E0
4.854025092E0,-8.434699476E-2,2.673979402E-1,9.747162819E0,9.751194752E0
4.856180752E0,-7.956135273E-2,2.673979402E-1,9.771091461E0,9.775073402E0
4.858332068E0,-8.434699476E-2,2.673979402E-1,9.747162819E0,9.751194752E0
4.860498074E0,-8.913264424E-2,2.673979402E-1,9.747162819E0,9.751237322E0
4.862653663E0,-7.477571070E-2,2.673979402E-1,9.751948357E0,9.755900257E0
4.864813789E0,-7.477571070E-2,2.578266263E-1,9.747162819E0,9.750858885E0
4.866967181E0,-7.477571070E-2,2.530409992E-1,9.761520386E0,9.765085837E0
4.869122851E0,-7.477571070E-2,2.817548811E-1,9.737591743E0,9.741954125E0
4.871284728E0,-9.391828626E-2,2.673979402E-1,9.737591743E0,9.741715212E0
4.873441964E0,-7.477571070E-2,2.673979402E-1,9.771091461E0,9.775035622E0
4.875602965E0,-8.913264424E-2,2.817548811E-1,9.747162819E0,9.751641578E0
4.877765522E0,-7.956135273E-2,2.626122832E-1,9.737591743E0,9.741457190E0
4.879896006E0,-8.434699476E-2,2.769692242E-1,9.747162819E0,9.751461910E0
4.882075622E0,-8.434699476E-2,2.673979402E-1,9.761520386E0,9.765546391E0
4.884241699E0,-7.956135273E-2,2.673979402E-1,9.761520386E0,9.765506229E0
4.886407756E0,-6.520441920E-2,2.626122832E-1,9.751948357E0,9.755701593E0
4.888557536E0,-8.913264424E-2,2.673979402E-1,9.747162819E0,9.751237322E0
4.890697389E0,-8.913264424E-2,2.817548811E-1,9.761520386E0,9.765992560E0
4.892850820E0,-8.434699476E-2,2.673979402E-1,9.751948357E0,9.755978312E0
4.895029115E0,-7.956135273E-2,2.673979402E-1,9.747162819E0,9.751154531E0
4.897188977E0,-8.434699476E-2,2.769692242E-1,9.732806206E0,9.737111636E0
4.899349367E0,-7.956135273E-2,2.721835673E-1,9.737591743E0,9.741719913E0
4.901501528E0,-7.956135273E-2,2.673979402E-1,9.766305923E0,9.770289814E0
4.903658327E0,-8.913264424E-2,2.721835673E-1,9.747162819E0,9.751369726E0
4.905804090E0,-7.477571070E-2,2.673979402E-1,9.766305923E0,9.770252016E0
4.907970767E0,-8.434699476E-2,2.721835673E-1,9.751948357E0,9.756110652E0
4.910113712E0,-9.391828626E-2,2.721835673E-1,9.771091461E0,9.775332878E0
4.912281437E0,-6.520441920E-2,2.626122832E-1,9.737591743E0,9.741350512E0
4.914454379E0,-8.913264424E-2,2.673979402E-1,9.732806206E0,9.736886716E0
4.916607477E0,-7.477571070E-2,2.721835673E-1,9.751948357E0,9.756032598E0
4.918763493E0,-6.520441920E-2,2.578266263E-1,9.747162819E0,9.750790184E0
4.920917149E0,-8.434699476E-2,2.626122832E-1,9.737591743E0,9.741497451E0
4.923072351E0,-7.956135273E-2,2.673979402E-1,9.751948357E0,9.755938111E0
4.925214512E0,-7.477571070E-2,2.578266263E-1,9.747162819E0,9.750858885E0
4.927377721E0,-7.956135273E-2,2.530409992E-1,9.751948357E0,9.755555161E0
4.929547928E0,-7.956135273E-2,2.530409992E-1,9.756733894E0,9.760338931E0
4.931697485E0,-8.434699476E-2,2.578266263E-1,9.737591743E0,9.741369614E0
4.933866705E0,-6.999006122E-2,2.626122832E-1,9.742377281E0,9.746167396E0
4.936019018E0,-7.477571070E-2,2.578266263E-1,9.732806206E0,9.736507722E0
4.938181505E0,-6.520441920E-2,2.626122832E-1,9.756733894E0,9.760485291E0
4.940335822E0,-7.477571070E-2,2.578266263E-1,9.756733894E0,9.760426336E0
4.942493069E0,-8.434699476E-2,2.482553422E-1,9.761520386E0,9.765040982E0
4.944648486E0,-6.999006122E-2,2.530409992E-1,9.756733894E0,9.760265603E0
4.946803831E0,-7.956135273E-2,2.578266263E-1,9.737591743E0,9.741329352E0
4.948967965E0,-7.956135273E-2,2.626122832E-1,9.761520386E0,9.765376360E0
4.951122963E0,-7.477571070E-2,2.673979402E-1,9.756733894E0,9.760683857E0
4.953277799E0,-7.956135273E-2,2.673979402E-1,9.751948357E0,9.755938111E0
4.955424427E0,-6.520441920E-2,2.482553422E-1,9.766305923E0,9.769678281E0
4.957595143E0,-6.520441920E-2,2.578266263E-1,9.756733894E0,9.760357702E0
4.959752898E0,-7.956135273E-2,2.578266263E-1,9.751948357E0,9.755680465E0
4.961912272E0,-8.434699476E-2,2.673979402E-1,9.747162819E0,9.751194752E0
4.964067392E0,-7.956135273E-2,2.626122832E-1,9.761520386E0,9.765376360E0
4.966225840E0,-7.956135273E-2,2.434697002E-1,9.737591743E0,9.740959936E0
4.968385620E0,-6.520441920E-2,2.578266263E-1,9.747162819E0,9.750790184E0
4.970524089E0,-7.477571070E-2,2.673979402E-1,9.751948357E0,9.755900257E0
4.972697704E0,-6.520441920E-2,2.482553422E-1,9.761520386E0,9.764894396E0
4.974856172E0,-6.999006122E-2,2.578266263E-1,9.742377281E0,9.746039620E0
4.977027864E0,-7.477571070E-2,2.626122832E-1,9.737591743E0,9.741419280E0
4.979165325E0,-7.956135273E-2,2.578266263E-1,9.766305923E0,9.770032547E0
4.981310813E0,-7.956135273E-2,2.578266263E-1,9.751948357E0,9.755680465E0
4.983464927E0,-7.477571070E-2,2.530409992E-1,9.751948357E0,9.755517306E0
4.985626223E0,-7.956135273E-2,2.578266263E-1,9.761520386E0,9.765248836E0
4.987783297E0,-6.999006122E-2,2.386840582E-1,9.771091461E0,9.774256853E0
4.989931450E0,-5.563312769E-2,2.626122832E-1,9.775876999E0,9.779561920E0
4.992088361E0,-7.956135273E-2,2.434697002E-1,9.737591743E0,9.740959936E0
4.994246240E0,-6.999006122E-2,2.673979402E-1,9.756733894E0,9.760648367E0
4.996405806E0,-6.520441920E-2,2.482553422E-1,9.756733894E0,9.760109560E0
4.998565159E0,-7.477571070E-2,2.530409992E-1,9.742377281E0,9.745949735E0
5.000720005E0,-8.913264424E-2,2.482553422E-1,9.728020668E0,9.731596039E0
5.002878087E0,-6.999006122E-2,2.482553422E-1,9.756733894E0,9.760142704E0
5.005034419E0,-7.956135273E-2,2.626122832E-1,9.737591743E0,9.741457190E0
5.007193924E0,-7.956135273E-2,2.530409992E-1,9.756733894E0,9.760338931E0
5.009351436E0,-6.520441920E-2,2.291127741E-1,9.766305923E0,9.769210596E0
5.011508642E0,-7.477571070E-2,2.626122832E-1,9.747162819E0,9.750986598E0
5.013664984E0,-6.999006122E-2,2.578266263E-1,9.751948357E0,9.755607102E0
5.015823360E0,-7.956135273E-2,2.578266263E-1,9.756733894E0,9.760464173E0
5.017980160E0,-8.434699476E-2,2.673979402E-1,9.761520386E0,9.765546391E0
5.020138221E0,-7.956135273E-2,2.578266263E-1,9.751948357E0,9.755680465E0
5.022293841E0,-5.563312769E-2,2.530409992E-1,9.742377281E0,9.745821663E0
5.024449663E0,-8.434699476E-2,2.530409992E-1,9.775876999E0,9.779515083E0
5.026610857E0,-8.434699476E-2,2.578266263E-1,9.780662537E0,9.784423777E0
5.028768593E0,-8.913264424E-2,2.578266263E-1,9.747162819E0,9.750979552E0
5.030925932E0,-6.999006122E-2,2.530409992E-1,9.756733894E0,9.760265603E0
5.033082436E0,-6.520441920E-2,2.626122832E-1,9.761520386E0,9.765269943E0
5.035238870E0,-7.477571070E-2,2.673979402E-1,9.761520386E0,9.765468412E0
5.037398995E0,-7.956135273E-2,2.673979402E-1,9.732806206E0,9.736803803E0
5.039554381E0,-8.434699476E-2,2.482553422E-1,9.756733894E0,9.760256217E0
5.041713083E0,-8.434699476E-2,2.530409992E-1,9.766305923E0,9.769947572E0
5.043869649E0,-8.913264424E-2,2.578266263E-1,9.756733894E0,9.760546884E0
5.046027486E0,-6.999006122E-2,2.482553422E-1,9.742377281E0,9.745791113E0
5.048183756E0,-7.477571070E-2,2.673979402E-1,9.751948357E0,9.755900257E0
5.050342428E0,-7.477571070E-2,2.530409992E-1,9.761520386E0,9.765085837E0
5.052497528E0,-7.956135273E-2,2.482553422E-1,9.747162819E0,9.750648375E0
5.054653697E0,-8.913264424E-2,2.626122832E-1,9.756733894E0,9.760674471E0
5.056813701E0,-6.520441920E-2,2.626122832E-1,9.742377281E0,9.746134204E0
5.058975068E0,-7.956135273E-2,2.386840582E-1,9.761520386E0,9.764762175E0
5.061142956E0,-7.477571070E-2,2.530409992E-1,9.751948357E0,9.755517306E0
5.063299105E0,-7.477571070E-2,2.673979402E-1,9.751948357E0,9.755900257E0
5.065455752E0,-8.434699476E-2,2.578266263E-1,9.742377281E0,9.746153296E0
5.067609846E0,-7.956135273E-2,2.626122832E-1,9.761520386E0,9.765376360E0
5.069757693E0,-7.956135273E-2,2.530409992E-1,9.766305923E0,9.769907428E0
5.071926476E0,-7.956135273E-2,2.626122832E-1,9.737591743E0,9.741457190E0
5.074082655E0,-7.956135273E-2,2.578266263E-1,9.747162819E0,9.750896759E0
5.076244215E0,-7.956135273E-2,2.673979402E-1,9.766305923E0,9.770289814E0
5.078398787E0,-7.956135273E-2,2.578266263E-1,9.761520386E0,9.765248836E0
5.080556289E0,-8.434699476E-2,2.673979402E-1,9.756733894E0,9.760761874E0
5.082712864E0,-7.477571070E-2,2.673979402E-1,9.756733894E0,9.760683857E0
5.084870915E0,-7.956135273E-2,2.530409992E-1,9.751948357E0,9.755555161E0
5.087027603E0,-7.477571070E-2,2.530409992E-1,9.751948357E0,9.755517306E0
5.089181443E0,-7.956135273E-2,2.626122832E-1,9.732806206E0,9.736673552E0
5.091324366E0,-7.477571070E-2,2.626122832E-1,9.732806206E0,9.736635623E0
5.093501237E0,-6.520441920E-2,2.626122832E-1,9.751948357E0,9.755701593E0
5.095658494E0,-9.391828626E-2,2.626122832E-1,9.737591743E0,9.741585026E0
5.097820227E0,-8.434699476E-2,2.626122832E-1,9.732806206E0,9.736713833E0
5.099969590E0,-7.477571070E-2,2.673979402E-1,9.771091461E0,9.775035622E0
5.102117815E0,-8.913264424E-2,2.626122832E-1,9.742377281E0,9.746323662E0
5.104276862E0,-7.956135273E-2,2.721835673E-1,9.747162819E0,9.751286937E0
5.106445483E0,-7.477571070E-2,2.626122832E-1,9.761520386E0,9.765338543E0
5.108604479E0,-7.477571070E-2,2.817548811E-1,9.751948357E0,9.756304319E0
5.110763192E0,-7.477571070E-2,2.673979402E-1,9.761520386E0,9.765468412E0
5.112917865E0,-7.956135273E-2,2.434697002E-1,9.723235130E0,9.726608294E0
5.115075366E0,-7.956135273E-2,2.673979402E-1,9.728020668E0,9.732020231E0
5.117231728E0,-8.434699476E-2,2.578266263E-1,9.761520386E0,9.765288999E0
5.119389993E0,-7.477571070E-2,2.578266263E-1,9.742377281E0,9.746075162E0
5.121546579E0,-8.913264424E-2,2.769692242E-1,9.737591743E0,9.741937669E0
5.123702473E0,-6.520441920E-2,2.578266263E-1,9.742377281E0,9.746006427E0
5.125851287E0,-8.434699476E-2,2.578266263E-1,9.728020668E0,9.731802254E0
5.128020243E0,-8.913264424E-2,2.673979402E-1,9.718449593E0,9.722536129E0
5.130177530E0,-6.520441920E-2,2.673979402E-1,9.737591743E0,9.741480700E0
5.132337423E0,-9.870393574E-2,2.578266263E-1,9.737591743E0,9.741504504E0
5.134491618E0,-9.391828626E-2,2.626122832E-1,9.713663101E0,9.717666217E0
5.136650697E0,-9.391828626E-2,2.626122832E-1,9.737591743E0,9.741585026E0
5.138806296E0,-7.956135273E-2,2.578266263E-1,9.761520386E0,9.765248836E0
5.140964621E0,-9.870393574E-2,2.817548811E-1,9.742377281E0,9.746950465E0
5.143120739E0,-7.956135273E-2,2.626122832E-1,9.742377281E0,9.746240830E0
5.145278729E0,-9.391828626E-2,2.482553422E-1,9.732806206E0,9.736424806E0
5.147433505E0,-8.913264424E-2,2.482553422E-1,9.718449593E0,9.722028483E0
5.149594251E0,-8.913264424E-2,2.769692242E-1,9.747162819E0,9.751504479E0
5.151750816E0,-7.477571070E-2,2.482553422E-1,9.742377281E0,9.745826656E0
5.153909793E0,-9.391828626E-2,2.769692242E-1,9.732806206E0,9.737199250E0
5.156064294E0,-9.391828626E-2,2.626122832E-1,9.732806206E0,9.736801451E0
5.158218641E0,-8.434699476E-2,2.769692242E-1,9.771091461E0,9.775380029E0
5.160380843E0,-8.434699476E-2,2.673979402E-1,9.723235130E0,9.727276981E0
5.162538965E0,-7.956135273E-2,2.673979402E-1,9.728020668E0,9.732020231E0
5.164667146E0,-8.434699476E-2,2.721835673E-1,9.742377281E0,9.746543664E0
5.166857335E0,-7.477571070E-2,2.721835673E-1,9.766305923E0,9.770384163E0
5.169026525E0,-7.956135273E-2,2.673979402E-1,9.761520386E0,9.765506229E0
5.171185105E0,-7.956135273E-2,2.578266263E-1,9.751948357E0,9.755680465E0
5.173341589E0,-7.956135273E-2,2.578266263E-1,9.761520386E0,9.765248836E0
5.175497595E0,-7.956135273E-2,2.673979402E-1,9.775876999E0,9.779856991E0
5.177651708E0,-7.477571070E-2,2.673979402E-1,9.732806206E0,9.736765875E0
5.179800126E0,-7.956135273E-2,2.530409992E-1,9.732806206E0,9.736420102E0
5.181943631E0,-7.477571070E-2,2.530409992E-1,9.766305923E0,9.769869628E0
5.184127255E0,-8.913264424E-2,2.721835673E-1,9.775876999E0,9.780071555E0
5.186284502E0,-8.913264424E-2,2.769692242E-1,9.771091461E0,9.775422493E0
5.188446490E0,-8.434699476E-2,2.578266263E-1,9.761520386E0,9.765288999E0
5.190587287E0,-7.477571070E-2,2.769692242E-1,9.766305923E0,9.770518653E0
5.192731738E0,-8.913264424E-2,2.817548811E-1,9.775876999E0,9.780342608E0
5.194912759E0,-8.913264424E-2,2.769692242E-1,9.780662537E0,9.784989332E0
5.197072905E0,-6.520441920E-2,2.626122832E-1,9.766305923E0,9.770053645E0
5.199234821E0,-7.477571070E-2,2.673979402E-1,9.775876999E0,9.779819230E0
5.201386442E0,-6.999006122E-2,2.817548811E-1,9.775876999E0,9.780186886E0
5.203542887E0,-7.956135273E-2,2.673979402E-1,9.775876999E0,9.779856991E0
5.205692759E0,-7.477571070E-2,2.626122832E-1,9.761520386E0,9.765338543E0
5.207844228E0,-7.477571070E-2,2.865405083E-1,9.756733894E0,9.761227031E0
5.210015390E0,-7.477571070E-2,2.721835673E-1,9.780662537E0,9.784734792E0
5.212169464E0,-8.913264424E-2,2.626122832E-1,9.771091461E0,9.775026250E0
5.214318157E0,-8.434699476E-2,2.673979402E-1,9.761520386E0,9.765546391E0
5.216485271E0,-7.956135273E-2,2.817548811E-1,9.784850121E0,9.789229168E0
5.218632518E0,-7.956135273E-2,2.626122832E-1,9.775876999E0,9.779727313E0
5.220806011E0,-7.477571070E-2,2.673979402E-1,9.747162819E0,9.751116658E0
5.222960024E0,-7.956135273E-2,2.769692242E-1,9.747162819E0,9.751421690E0
5.225119549E0,-6.041877344E-2,2.721835673E-1,9.775279045E0,9.779254303E0
5.227270927E0,-6.999006122E-2,2.626122832E-1,9.761520386E0,9.765303071E0
5.229413872E0,-6.999006122E-2,2.578266263E-1,9.751948357E0,9.755607102E0
5.231590650E0,-8.913264424E-2,2.530409992E-1,9.751948357E0,9.755637915E0
5.233750847E0,-7.477571070E-2,2.769692242E-1,9.799206734E0,9.803405325E0
5.235921725E0,-7.477571070E-2,2.721835673E-1,9.780662537E0,9.784734792E0
5.238061821E0,-6.041877344E-2,2.578266263E-1,9.747162819E0,9.750759356E0
5.240219842E0,-7.956135273E-2,2.626122832E-1,9.751948357E0,9.755808115E0
5.242373743E0,-8.913264424E-2,2.626122832E-1,9.761520386E0,9.765459031E0
5.244539799E0,-6.999006122E-2,2.626122832E-1,9.789635658E0,9.793407484E0
5.246708327E0,-8.434699476E-2,2.578266263E-1,9.742377281E0,9.746153296E0
5.248833511E0,-8.434699476E-2,2.530409992E-1,9.708877563E0,9.712540744E0
5.250994105E0,-6.041877344E-2,2.721835673E-1,9.799206734E0,9.803172289E0
5.253154149E0,-7.477571070E-2,2.673979402E-1,9.823135376E0,9.827058648E0
5.255299637E0,-7.477571070E-2,2.530409992E-1,9.713663101E0,9.717246112E0
5.257469600E0,-7.956135273E-2,2.578266263E-1,9.704092026E0,9.707842532E0
5.259636807E0,-7.956135273E-2,2.673979402E-1,9.780662537E0,9.784640582E0
5.261800065E0,-7.477571070E-2,2.769692242E-1,9.813564301E0,9.817756752E0
5.263954322E0,-9.391828626E-2,2.482553422E-1,9.742377281E0,9.745992328E0
5.266107072E0,-8.434699476E-2,2.578266263E-1,9.756733894E0,9.760504355E0
5.268250617E0,-6.041877344E-2,2.434697002E-1,9.747162819E0,9.750390297E0
5.270408210E0,-7.956135273E-2,2.626122832E-1,9.723235130E0,9.727106282E0
5.272564176E0,-8.434699476E-2,2.578266263E-1,9.756733894E0,9.760504355E0
5.274726723E0,-5.084748194E-2,2.721835673E-1,9.766305923E0,9.770230333E0
5.276882363E0,-7.956135273E-2,2.530409992E-1,9.742377281E0,9.745987628E0
5.279040760E0,-7.956135273E-2,2.578266263E-1,9.780662537E0,9.784383692E0
5.281196857E0,-6.520441920E-2,2.673979402E-1,9.804591179E0,9.808453571E0
5.283353372E0,-8.434699476E-2,2.673979402E-1,9.728020668E0,9.732060532E0
5.285503245E0,-9.930214286E-2,2.578266263E-1,9.666405678E0,9.670353365E0
5.287669881E0,-7.956135273E-2,2.721835673E-1,9.751948357E0,9.756070451E0
5.289822051E0,-5.563312769E-2,2.434697002E-1,9.771091461E0,9.774282628E0
5.291980581E0,-8.434699476E-2,2.386840582E-1,9.742377281E0,9.745665682E0
5.294141855E0,-7.477571070E-2,2.482553422E-1,9.761520386E0,9.764962999E0
5.296301076E0,-6.520441920E-2,2.530409992E-1,9.732806206E0,9.736313368E0
5.298458456E0,-8.015955985E-2,2.482553422E-1,9.671191216E0,9.674709081E0
5.300613272E0,-8.494520187E-2,2.578266263E-1,9.704092026E0,9.707888148E0
5.302763123E0,-7.477571070E-2,2.673979402E-1,9.785448074E0,9.789386451E0
5.304925426E0,-6.041877344E-2,2.530409992E-1,9.761520386E0,9.764986452E0
5.307086529E0,-9.391828626E-2,2.291127741E-1,9.723833084E0,9.726985307E0
5.309246787E0,-8.913264424E-2,2.626122832E-1,9.785448074E0,9.789377092E0
5.311401471E0,-6.520441920E-2,2.530409992E-1,9.751948357E0,9.755448637E0
5.313555555E0,-8.494520187E-2,2.386840582E-1,9.628120422E0,9.631453090E0
5.315716170E0,-9.451649338E-2,2.530409992E-1,9.675976753E0,9.679746342E0
5.317875085E0,-5.563312769E-2,2.578266263E-1,9.832706451E0,9.836243479E0
5.320033410E0,-5.563312769E-2,2.530409992E-1,9.766305923E0,9.769741869E0
5.322187371E0,-1.040877849E-1,2.434697002E-1,9.714262009E0,9.717870041E0
5.324335748E0,-7.477571070E-2,2.482553422E-1,9.742377281E0,9.745826656E0
5.326504144E0,-8.434699476E-2,2.482553422E-1,9.742377281E0,9.745904792E0
5.328660791E0,-8.494520187E-2,2.434697002E-1,9.699904442E0,9.703331354E0
5.330821985E0,-7.956135273E-2,2.482553422E-1,9.756733894E0,9.760216033E0
5.332975804E0,-6.999006122E-2,2.482553422E-1,9.761520386E0,9.764927525E0
5.335134558E0,-7.956135273E-2,2.434697002E-1,9.747162819E0,9.750527705E0
5.337292873E0,-7.477571070E-2,2.578266263E-1,9.732806206E0,9.736507722E0
5.339453192E0,-6.041877344E-2,2.434697002E-1,9.766305923E0,9.769527077E0
5.341605923E0,-8.015955985E-2,2.578266263E-1,9.713663101E0,9.717414829E0
5.343764838E0,-8.973085135E-2,2.578266263E-1,9.704689980E0,9.708528920E0
5.345919451E0,-7.956135273E-2,2.626122832E-1,9.761520386E0,9.765376360E0
5.348079068E0,-7.477571070E-2,2.626122832E-1,9.771091461E0,9.774905880E0
5.350235135E0,-1.034895778E-1,2.338984162E-1,9.738189697E0,9.741547985E0
5.352394081E0,-7.956135273E-2,2.482553422E-1,9.742377281E0,9.745864549E0
5.354551063E0,-6.999006122E-2,2.434697002E-1,9.732806206E0,9.736102544E0
5.356706093E0,-8.015955985E-2,2.482553422E-1,9.708877563E0,9.712381779E0
5.358855009E0,-7.477571070E-2,2.482553422E-1,9.718449593E0,9.721907457E0
5.361023303E0,-5.563312769E-2,2.530409992E-1,9.771091461E0,9.774525724E0
5.363177448E0,-6.999006122E-2,2.721835673E-1,9.751948357E0,9.755997092E0
5.365328236E0,-6.041877344E-2,2.578266263E-1,9.751948357E0,9.755543129E0
5.367488749E0,-6.999006122E-2,2.626122832E-1,9.766305923E0,9.770086756E0
5.369669789E0,-8.913264424E-2,2.482553422E-1,9.756733894E0,9.760298747E0
5.371811472E0,-8.434699476E-2,2.626122832E-1,9.728020668E0,9.731930217E0
5.373969258E0,-6.999006122E-2,2.626122832E-1,9.737591743E0,9.741383720E0
5.376127044E0,-6.041877344E-2,2.482553422E-1,9.771091461E0,9.774431415E0
5.378297272E0,-6.999006122E-2,2.530409992E-1,9.756733894E0,9.760265603E0
5.380441732E0,-6.999006122E-2,2.530409992E-1,9.751948357E0,9.755481798E0
5.382572033E0,-7.956135273E-2,2.578266263E-1,9.761520386E0,9.765248836E0
5.384747041E0,-7.956135273E-2,2.626122832E-1,9.761520386E0,9.765376360E0
5.386896994E0,-6.999006122E-2,2.578266263E-1,9.737591743E0,9.741255881E0
5.389050858E0,-7.477571070E-2,2.721835673E-1,9.756733894E0,9.760816133E0
5.391204722E0,-6.999006122E-2,2.721835673E-1,9.756733894E0,9.760780644E0
5.393358586E0,-8.434699476E-2,2.673979402E-1,9.747162819E0,9.751194752E0
5.395540790E0,-8.434699476E-2,2.482553422E-1,9.761520386E0,9.765040982E0
5.397705981E0,-6.999006122E-2,2.530409992E-1,9.751948357E0,9.755481798E0
5.399867756E0,-7.956135273E-2,2.530409992E-1,9.732806206E0,9.736420102E0
5.402024652E0,-7.956135273E-2,2.530409992E-1,9.737591743E0,9.741203864E0
5.404166660E0,-8.434699476E-2,2.817548811E-1,9.785448074E0,9.789866917E0
5.406331475E0,-7.477571070E-2,2.626122832E-1,9.780662537E0,9.784473224E0
5.408500543E0,-8.434699476E-2,2.626122832E-1,9.747162819E0,9.751064693E0
5.410661839E0,-7.477571070E-2,2.673979402E-1,9.751948357E0,9.755900257E0
5.412821100E0,-7.956135273E-2,2.673979402E-1,9.799804688E0,9.803774966E0
5.414983504E0,-7.477571070E-2,2.626122832E-1,9.771091461E0,9.774905880E0
5.417145908E0,-9.870393574E-2,2.721835673E-1,9.713663101E0,9.717977012E0
5.419290533E0,-9.391828626E-2,2.769692242E-1,9.756733894E0,9.761116170E0
5.421445532E0,-6.999006122E-2,2.721835673E-1,9.814162254E0,9.818185334E0
5.423600084E0,-7.956135273E-2,2.626122832E-1,9.785448074E0,9.789294624E0
5.425746873E0,-9.391828626E-2,2.721835673E-1,9.723235130E0,9.727497414E0
5.427916908E0,-7.477571070E-2,2.817548811E-1,9.761520386E0,9.765872079E0
5.430080827E0,-8.434699476E-2,2.721835673E-1,9.771091461E0,9.775245606E0
5.432234433E0,-7.956135273E-2,2.817548811E-1,9.761520386E0,9.765909894E0
5.434386675E0,-7.477571070E-2,2.769692242E-1,9.742377281E0,9.746600353E0
5.436531604E0,-7.956135273E-2,2.769692242E-1,9.761520386E0,9.765772996E0
5.438705035E0,-8.434699476E-2,2.673979402E-1,9.795019150E0,9.799031392E0
5.440862252E0,-7.477571070E-2,2.721835673E-1,9.799804688E0,9.803868992E0
5.443019937E0,-8.913264424E-2,2.578266263E-1,9.751948357E0,9.755763217E0
5.445161487E0,-9.391828626E-2,2.817548811E-1,9.747162819E0,9.751686494E0
5.447317809E0,-8.434699476E-2,2.769692242E-1,9.790233612E0,9.794513798E0
5.449477823E0,-8.913264424E-2,2.626122832E-1,9.795019150E0,9.798944330E0
5.451651906E0,-8.434699476E-2,2.673979402E-1,9.756733894E0,9.760761874E0
5.453810862E0,-8.913264424E-2,2.673979402E-1,9.766305923E0,9.770372443E0
5.455972534E0,-8.434699476E-2,2.626122832E-1,9.775876999E0,9.779767417E0
5.458108520E0,-8.434699476E-2,2.578266263E-1,9.761520386E0,9.765288999E0
5.460279012E0,-9.870393574E-2,2.769692242E-1,9.756733894E0,9.761163389E0
5.462433350E0,-7.477571070E-2,2.721835673E-1,9.766305923E0,9.770384163E0
5.464596874E0,-7.956135273E-2,2.578266263E-1,9.747162819E0,9.750896759E0
5.466744030E0,-9.870393574E-2,2.673979402E-1,9.747162819E0,9.751329506E0
5.468880281E0,-7.896314561E-2,2.817548811E-1,9.842277527E0,9.846626220E0
5.471052401E0,-6.460621208E-2,2.769692242E-1,9.899705887E0,9.903790313E0
5.473224072E0,-8.374879509E-2,2.817548811E-1,9.861420631E0,9.865800350E0
5.475387392E0,-1.028913707E-1,2.673979402E-1,9.899705887E0,9.903851016E0
5.477545596E0,-8.793623000E-2,2.673979402E-1,1.002353382E1,1.002748546E1
5.479715549E0,-8.733802289E-2,2.817548811E-1,1.010488987E1,1.010919448E1
5.481867283E0,-8.793623000E-2,2.721835673E-1,1.008096218E1,1.008501934E1
5.483996901E0,-7.836493850E-2,2.865405083E-1,1.000439167E1,1.000880109E1
5.486164209E0,-9.332008660E-2,2.769692242E-1,9.837491989E0,9.841832615E0
5.488320733E0,-9.511470050E-2,2.003988922E-1,9.509077072E0,9.511664065E0
5.490485803E0,-1.621137410E-1,2.051845491E-1,9.495318413E0,9.498918534E0
5.492631596E0,-1.112662554E-1,3.008974493E-1,1.019521904E1,1.020026523E1
5.494798101E0,7.357929647E-2,3.206382394E-1,1.072821999E1,1.073326264E1
5.496954056E0,7.776673418E-3,2.434697002E-1,1.008036327E1,1.008330609E1
5.499114863E0,-1.968096644E-1,2.386840582E-1,9.328418732E0,9.333547030E0
5.501269679E0,-1.758724600E-1,3.104687333E-1,9.661619186E0,9.668206000E0
5.503424038E0,-4.426721856E-2,3.391826153E-1,1.012821960E1,1.013399412E1
5.505555161E0,-4.067798331E-2,2.530409992E-1,9.914062500E0,9.917374637E0
5.507716488E0,-4.965107143E-2,2.530409992E-1,9.990034103E0,9.993361615E0
5.509883552E0,-4.785645287E-3,2.961117923E-1,1.045663452E1,1.046082743E1
5.512044411E0,-6.759724021E-2,2.913261652E-1,1.028554821E1,1.028989516E1
5.514193102E0,-1.716850251E-1,2.291127741E-1,9.528220177E0,9.532520556E0
5.516357745E0,-1.058823988E-1,2.482553422E-1,9.265607834E0,9.269537762E0
5.518515704E0,1.076770201E-2,2.147558331E-1,9.694520950E0,9.696905304E0
5.520676674E0,-1.914258115E-2,2.865405083E-1,1.036630630E1,1.037028342E1
5.522828957E0,-3.768695518E-2,2.967100143E-1,1.051406288E1,1.051831619E1
5.524981586E0,-1.274178028E-1,2.434697002E-1,9.785448074E0,9.789305737E0
5.527146117E0,-2.165504545E-1,2.380858511E-1,9.171091080E0,9.176736379E0
5.529302194E0,-1.040877849E-1,2.913261652E-1,9.689735413E0,9.694672638E0
5.531462300E0,4.247260094E-2,3.104687333E-1,1.026102161E1,1.026580534E1
5.533613667E0,-1.674975827E-2,2.434697002E-1,9.942177773E0,9.945172543E0
5.535756043E0,-1.333998591E-1,2.530409992E-1,9.580862045E0,9.585131340E0
5.537933665E0,-5.503492057E-2,3.296113312E-1,9.927821159E0,9.933443786E0
5.540086833E0,2.991028363E-3,3.248256743E-1,1.001336479E1,1.001863240E1
5.542241313E0,-6.101697683E-2,2.338984162E-1,9.604191780E0,9.607233280E0
5.544403585E0,-1.333998591E-1,2.386840582E-1,9.513862610E0,9.517791097E0
5.546553234E0,-6.939185411E-2,2.673979402E-1,9.861420631E0,9.865289340E0
5.548723350E0,-5.982056633E-2,2.626122832E-1,9.899705887E0,9.903369142E0
5.550879142E0,-8.434699476E-2,2.578266263E-1,9.728020668E0,9.731802254E0
5.553039085E0,-6.580262631E-2,2.195414752E-1,9.666405678E0,9.669122358E0
5.555200096E0,-9.990034252E-2,2.003988922E-1,9.580862045E0,9.583478352E0
5.557349286E0,-1.190429255E-1,2.386840582E-1,9.533005714E0,9.536736300E0
5.559508507E0,-5.623133108E-2,2.721835673E-1,9.637093544E0,9.641100447E0
5.561663852E0,-3.230310604E-2,3.152543902E-1,9.680164337E0,9.685350299E0
5.563823093E0,-8.434699476E-2,3.200400174E-1,9.704092026E0,9.709734398E0
5.565979332E0,-8.853443712E-2,2.961117923E-1,9.885348320E0,9.890178560E0
5.568137628E0,-9.332008660E-2,2.721835673E-1,9.875777245E0,9.879968052E0
5.570294245E0,-1.094716340E-1,2.434697002E-1,9.475577354E0,9.479336883E0
5.572452733E0,-9.212367237E-2,2.333002090E-1,9.175278664E0,9.178706571E0
5.574609034E0,-4.785645381E-2,2.338984162E-1,9.413364410E0,9.416391466E0
5.576767899E0,-1.674975827E-2,2.434697002E-1,9.927821159E0,9.930820259E0
5.578925136E0,1.674975827E-2,2.530409992E-1,9.923035622E0,9.926275548E0
5.581082454E0,-7.178468257E-2,2.195414752E-1,9.408578873E0,9.411413704E0
5.583238989E0,-1.304088384E-1,2.524427772E-1,9.132805824E0,9.137224745E0
5.585396846E0,-8.614161611E-2,2.907279432E-1,9.408578873E0,9.413463737E0
5.587551265E0,-6.041877344E-2,2.961117923E-1,9.737591743E0,9.742280307E0
5.589699500E0,-8.494520187E-2,2.817548811E-1,9.699306488E0,9.703769775E0
5.591858640E0,-9.990034252E-2,2.865405083E-1,9.494720459E0,9.499568524E0
5.594027494E0,-8.614161611E-2,2.530409992E-1,9.366106033E0,9.369919549E0
5.596187192E0,-8.554340899E-2,2.578266263E-1,9.499505997E0,9.503389207E0
5.598344531E0,-5.144568533E-2,2.626122832E-1,9.699306488E0,9.702997383E0
5.600496396E0,-2.333002165E-2,1.956132501E-1,9.551549911E0,9.553581242E0
5.602650490E0,-1.106680483E-1,1.908276081E-1,9.242277145E0,9.244909379E0
5.604821297E0,-9.092725813E-2,2.434697002E-1,9.446864128E0,9.450438462E0
5.606979419E0,-3.110669367E-2,3.391826153E-1,9.813564301E0,9.819473344E0
5.609164743E0,-4.725824669E-2,2.626122832E-1,9.537193298E0,9.540925247E0
5.611305602E0,-1.351944804E-1,2.051845491E-1,9.161520004E0,9.164814621E0
5.613473073E0,-1.046859920E-1,2.434697002E-1,9.456435204E0,9.460148171E0
5.615597311E0,-3.170489892E-2,2.673979402E-1,9.756135941E0,9.759851195E0
5.617771434E0,-8.554340899E-2,2.626122832E-1,9.541978836E0,9.545975225E0
5.619926279E0,-1.244267747E-1,2.386840582E-1,9.385248184E0,9.389107283E0
5.622089050E0,-8.075776696E-2,2.291127741E-1,9.570692062E0,9.573774649E0
5.624242473E0,-6.101697683E-2,2.147558331E-1,9.628120422E0,9.630708489E0
5.626393464E0,-9.571290761E-2,2.482553422E-1,9.442078590E0,9.445826580E0
5.628558727E0,-1.004985496E-1,2.961117923E-1,9.432506561E0,9.437688392E0
5.630713584E0,-6.580262631E-2,3.056831062E-1,9.570692062E0,9.575798593E0
5.632877332E0,-6.580262631E-2,2.578266263E-1,9.689735413E0,9.693388310E0
5.635030337E0,-6.101697683E-2,2.386840582E-1,9.680164337E0,9.683298753E0
5.637167452E0,-9.571290761E-2,2.051845491E-1,9.437292099E0,9.440007618E0
5.639345889E0,-1.292124242E-1,2.338984162E-1,9.327820778E0,9.331647485E0
5.641502413E0,-1.142572835E-1,2.673979402E-1,9.570692062E0,9.575108508E0
5.643665897E0,-4.606183618E-2,2.626122832E-1,9.713663101E0,9.717321532E0
5.645816806E0,-6.161518395E-2,2.099701911E-1,9.485149384E0,9.487673199E0
5.647967655E0,-9.032905847E-2,2.434697002E-1,9.504291534E0,9.507838577E0
5.650134016E0,-4.067798331E-2,3.152543902E-1,9.860821724E0,9.865943700E0
5.652290124E0,-4.606183618E-2,2.865405083E-1,9.723235130E0,9.727565397E0
5.654450373E0,-1.537388563E-1,2.243271172E-1,9.314062119E0,9.318031522E0
5.656602045E0,-1.244267747E-1,2.195414752E-1,9.451649666E0,9.455017815E0
5.658752111E0,-4.546362907E-2,2.530409992E-1,9.861420631E0,9.864771338E0
5.660920385E0,-8.434699476E-2,2.817548811E-1,9.803992271E0,9.808402759E0
5.663075425E0,-1.190429255E-1,2.817548811E-1,9.537791252E0,9.542694536E0
5.665226283E0,-1.094716340E-1,2.243271172E-1,9.489934921E0,9.493217131E0
5.667392981E0,-8.973085135E-2,2.195414752E-1,9.647262573E0,9.650177472E0
5.669546241E0,-6.520441920E-2,2.195414752E-1,9.761520386E0,9.764206589E0
5.671694861E0,-3.649054468E-2,2.673979402E-1,9.756135941E0,9.759867915E0
5.673848751E0,-7.058826834E-2,2.673979402E-1,9.651450157E0,9.655411669E0
5.676010586E0,-1.184447184E-1,2.721835673E-1,9.613762856E0,9.618344415E0
5.678182309E0,-6.999006122E-2,2.530409992E-1,9.780662537E0,9.784185608E0
5.680336210E0,-4.127619043E-2,2.338984162E-1,9.818349838E0,9.821222212E0
5.682485370E0,-1.034895778E-1,2.530409992E-1,9.723235130E0,9.727077734E0
5.684653003E0,-1.178465188E-1,2.673979402E-1,9.718449593E0,9.722841763E0
5.686810149E0,-7.477571070E-2,2.482553422E-1,9.756733894E0,9.760178195E0
5.688969481E0,-6.041877344E-2,2.051845491E-1,9.751948357E0,9.754293817E0
5.691117613E0,-7.417750359E-2,2.195414752E-1,9.875777245E0,9.878495682E0
5.693301676E0,-7.417750359E-2,2.434697002E-1,9.890133858E0,9.893408286E0
5.695438639E0,-8.973085135E-2,2.482553422E-1,9.704092026E0,9.707681720E0
5.697600606E0,-1.184447184E-1,2.626122832E-1,9.652048111E0,9.656346467E0
5.699746999E0,-5.982056633E-2,2.530409992E-1,9.842277527E0,9.845711511E0
5.701900198E0,-4.067798331E-2,2.482553422E-1,9.956535339E0,9.959712916E0
5.704070171E0,-9.332008660E-2,2.386840582E-1,9.866206169E0,9.869534077E0
5.706216920E0,-1.076770201E-1,2.769692242E-1,9.842875481E0,9.847360256E0
5.708386872E0,-8.853443712E-2,2.721835673E-1,9.842277527E0,9.846438400E0
5.710540925E0,-8.434699476E-2,2.291127741E-1,9.732806206E0,9.735867897E0
5.712696606E0,-8.913264424E-2,2.482553422E-1,9.809376717E0,9.812922445E0
5.714839917E0,-5.922235921E-2,2.769692242E-1,1.008514881E1,1.008912512E1
5.717014803E0,-4.905286431E-2,2.865405083E-1,1.008514881E1,1.008933785E1
5.719171806E0,-7.956135273E-2,2.626122832E-1,9.799804688E0,9.803645604E0
5.721332726E0,-9.391828626E-2,2.291127741E-1,9.780662537E0,9.783796449E0
5.723483116E0,-6.460621208E-2,2.434697002E-1,9.961320877E0,9.964505260E0
5.725626987E0,-5.922235921E-2,2.386840582E-1,9.994820595E0,9.997845572E0
5.727788660E0,-7.896314561E-2,2.769692242E-1,9.861420631E0,9.865625373E0
5.729957737E0,-9.810572863E-2,2.817548811E-1,9.909276962E0,9.913767218E0
5.732119836E0,-9.272187948E-2,2.673979402E-1,9.981060982E0,9.985072725E0
5.734276056E0,-7.836493850E-2,2.386840582E-1,9.980463028E0,9.983624262E0
5.736426671E0,-6.460621208E-2,2.530409992E-1,9.933204651E0,9.936637175E0
5.738594243E0,-6.460621208E-2,2.673979402E-1,9.946963310E0,9.950766539E0
5.740769699E0,-7.417750359E-2,2.961117923E-1,9.937392235E0,9.942079708E0
5.742903987E0,-7.896314561E-2,2.673979402E-1,9.947562218E0,9.951468782E0
5.745063951E0,-7.357929647E-2,2.578266263E-1,1.005703354E1,1.006060694E1
5.747220791E0,-4.486542568E-2,2.482553422E-1,1.002353382E1,1.002670803E1
5.749363277E0,-8.853443712E-2,2.530409992E-1,9.904491425E0,9.908118816E0
5.751533484E0,-1.172483116E-1,2.961117923E-1,9.928419113E0,9.933525832E0
5.753687639E0,-8.793623000E-2,3.104687333E-1,9.990034103E0,9.995244119E0
5.755850430E0,-7.417750359E-2,2.578266263E-1,9.909276962E0,9.912908089E0
5.758000414E0,-9.332008660E-2,2.626122832E-1,9.899705887E0,9.903628148E0
5.760135983E0,-7.298108935E-2,2.865405083E-1,1.013300610E1,1.013731938E1
5.762304909E0,-6.340979785E-2,3.104687333E-1,1.013300610E1,1.013795957E1
5.764458616E0,-9.332008660E-2,2.769692242E-1,9.866206169E0,9.870534168E0
5.766615202E0,-9.870393574E-2,2.769692242E-1,9.833304405E0,9.837699423E0
5.768767200E0,-5.922235921E-2,2.578266263E-1,1.002353382E1,1.002702409E1
5.770925047E0,-5.443671346E-2,2.769692242E-1,1.004746246E1,1.005142663E1
5.773083282E0,-1.028913707E-1,2.721835673E-1,9.942776680E0,9.947033660E0
5.775242360E0,-7.417750359E-2,2.673979402E-1,9.885348320E0,9.889242406E0
5.777398915E0,-6.939185411E-2,2.721835673E-1,9.861420631E0,9.865420214E0
5.779556782E0,-8.853443712E-2,2.673979402E-1,9.890133858E0,9.894144113E0
5.781713430E0,-7.836493850E-2,3.056831062E-1,1.009053326E1,1.009546654E1
5.783872366E0,-5.383851007E-2,3.008974493E-1,1.008993530E1,1.009456449E1
5.786029521E0,-1.034895778E-1,2.769692242E-1,9.799804688E0,9.804264070E0
5.788187044E0,-1.082752272E-1,2.721835673E-1,9.728020668E0,9.732429991E0
5.790343029E0,-5.443671346E-2,3.008974493E-1,9.990034103E0,9.994712803E0
5.792501608E0,-3.050848842E-2,2.626122832E-1,9.966106415E0,9.969612482E0
5.794658602E0,-8.434699476E-2,2.578266263E-1,9.814162254E0,9.817910661E0
5.796817426E0,-6.939185411E-2,2.913261652E-1,9.909276962E0,9.913801293E0
5.798973859E0,-4.067798331E-2,2.817548811E-1,9.913464546E0,9.917551100E0
5.801132123E0,-8.494520187E-2,2.578266263E-1,9.699306488E0,9.703104483E0
5.803288516E0,-9.870393574E-2,2.721835673E-1,9.713663101E0,9.717977012E0
5.805446200E0,-4.067798331E-2,2.913261652E-1,9.932606697E0,9.936961378E0
5.807603377E0,-5.024927482E-2,2.961117923E-1,9.890133858E0,9.894693270E0
5.809762983E0,-8.434699476E-2,2.721835673E-1,9.713663101E0,9.717841795E0
5.811917993E0,-7.477571070E-2,2.817548811E-1,9.737591743E0,9.741954125E0
5.814075850E0,-5.024927482E-2,2.673979402E-1,9.832706451E0,9.836470038E0
5.816232274E0,-6.999006122E-2,2.530409992E-1,9.814162254E0,9.817673304E0
5.818391921E0,-6.520441920E-2,2.817548811E-1,9.799206734E0,9.803473366E0
5.820548935E0,-5.563312769E-2,2.769692242E-1,9.723235130E0,9.727338197E0
5.822703741E0,-8.554340899E-2,2.578266263E-1,9.565906525E0,9.569762791E0
5.824852809E0,-1.184447184E-1,2.769692242E-1,9.656833649E0,9.661530791E0
5.827019639E0,-6.939185411E-2,2.961117923E-1,9.909276962E0,9.913943077E0
5.829168778E0,-5.024927482E-2,2.769692242E-1,9.847063065E0,9.851085622E0
5.831338273E0,-9.511470050E-2,2.673979402E-1,9.565906525E0,9.570115783E0
5.833491960E0,-9.990034252E-2,2.769692242E-1,9.518648148E0,9.523200858E0
5.835652961E0,-8.913264424E-2,2.817548811E-1,9.718449593E0,9.722941578E0
5.837808377E0,-6.999006122E-2,2.913261652E-1,9.813564301E0,9.818136983E0
5.839965481E0,-5.563312769E-2,2.626122832E-1,9.756733894E0,9.760426043E0
5.842122515E0,-7.597211748E-2,2.626122832E-1,9.570692062E0,9.574595737E0
5.844280424E0,-1.046859920E-1,2.578266263E-1,9.523433685E0,9.527498249E0
5.846436797E0,-9.930214286E-2,2.769692242E-1,9.632905960E0,9.637398513E0
5.848595580E0,-6.041877344E-2,2.865405083E-1,9.766305923E0,9.770695333E0
5.850752491E0,-6.580262631E-2,2.721835673E-1,9.684949875E0,9.688997263E0
5.852910745E0,-9.511470050E-2,2.673979402E-1,9.475577354E0,9.479826721E0
5.855067453E0,-1.046859920E-1,2.578266263E-1,9.518648148E0,9.522714754E0
5.857224517E0,-7.477571070E-2,2.721835673E-1,9.713663101E0,9.717763433E0
5.859381296E0,-6.520441920E-2,2.530409992E-1,9.708877563E0,9.712393367E0
5.861540161E0,-9.511470050E-2,2.386840582E-1,9.537791252E0,9.541251430E0
5.863697195E0,-8.075776696E-2,2.482553422E-1,9.499505997E0,9.503092482E0
5.865855164E0,-7.118647546E-2,2.769692242E-1,9.570692062E0,9.574963500E0
5.868011292E0,-7.537391037E-2,2.626122832E-1,9.618548393E0,9.622427949E0
5.870169892E0,-8.973085135E-2,2.721835673E-1,9.671191216E0,9.675436685E0
5.872327109E0,-5.084748194E-2,2.673979402E-1,9.723235130E0,9.727044182E0
5.874484448E0,-9.032905847E-2,2.626122832E-1,9.541978836E0,9.546019310E0
5.876641248E0,-1.196411327E-1,2.578266263E-1,9.385248184E0,9.389551217E0
5.878799074E0,-9.032905847E-2,2.626122832E-1,9.537193298E0,9.541235798E0
5.880955589E0,-5.563312769E-2,2.769692242E-1,9.775876999E0,9.779957980E0
5.883114861E0,-6.101697683E-2,2.386840582E-1,9.684949875E0,9.688082743E0
5.885270846E0,-8.554340899E-2,2.099701911E-1,9.475577354E0,9.478289474E0
5.887434858E0,-9.092725813E-2,2.578266263E-1,9.446864128E0,9.450819234E0
5.889605217E0,-7.537391037E-2,2.578266263E-1,9.623334885E0,9.627083156E0
5.891744287E0,-7.477571070E-2,2.865405083E-1,9.713663101E0,9.718176152E0
5.893904088E0,-8.015955985E-2,2.626122832E-1,9.685547829E0,9.689438968E0
5.896067834E0,-7.118647546E-2,2.626122832E-1,9.537193298E0,9.541073773E0
5.898227696E0,-1.046859920E-1,2.530409992E-1,9.504291534E0,9.508235718E0
5.900388178E0,-9.930214286E-2,2.673979402E-1,9.652048111E0,9.656261974E0
5.902545171E0,-6.520441920E-2,2.721835673E-1,9.785448074E0,9.789449909E0
5.904682745E0,-7.477571070E-2,2.434697002E-1,9.747162819E0,9.750489830E0
5.906855902E0,-9.032905847E-2,2.195414752E-1,9.547362328E0,9.550313357E0
5.909011094E0,-9.032905847E-2,2.530409992E-1,9.561120987E0,9.564895379E0
5.911173824E0,-9.391828626E-2,2.482553422E-1,9.737591743E0,9.741208566E0
5.913327999E0,-6.999006122E-2,2.530409992E-1,9.818947792E0,9.822457131E0
5.915484656E0,-5.623133108E-2,2.291127741E-1,9.684949875E0,9.687822702E0
5.917643226E0,-8.973085135E-2,2.291127741E-1,9.604191780E0,9.607343235E0
5.919797197E0,-9.391828626E-2,2.721835673E-1,9.747162819E0,9.751414644E0
5.921946113E0,-8.374879509E-2,2.865405083E-1,9.928419113E0,9.932906192E0
5.924105253E0,-9.391828626E-2,2.482553422E-1,9.795019150E0,9.798614775E0
5.926272947E0,-1.136590764E-1,2.243271172E-1,9.637691498E0,9.640971862E0
5.928431771E0,-7.956135273E-2,2.195414752E-1,9.747162819E0,9.749959563E0
5.930590116E0,-5.503492057E-2,2.530409992E-1,9.875777245E0,9.879171766E0
5.932744251E0,-7.477571070E-2,2.386840582E-1,9.795019150E0,9.798212165E0
5.934902688E0,-8.434699476E-2,2.434697002E-1,9.756733894E0,9.760135665E0
5.937059213E0,-5.503492057E-2,2.434697002E-1,9.880562782E0,9.883715255E0
5.939217885E0,-6.939185411E-2,2.434697002E-1,9.875777245E0,9.879021657E0
5.941375132E0,-7.956135273E-2,2.482553422E-1,9.775876999E0,9.779352321E0
5.943532451E0,-9.870393574E-2,2.626122832E-1,9.766305923E0,9.770334645E0
5.945688904E0,-8.853443712E-2,2.626122832E-1,9.890133858E0,9.894015933E0
5.947847189E0,-6.939185411E-2,2.626122832E-1,9.966704369E0,9.970405027E0
5.950003826E0,-6.939185411E-2,2.386840582E-1,9.928419113E0,9.931530164E0
5.952159658E0,-8.434699476E-2,2.291127741E-1,9.804591179E0,9.807630461E0
5.954308331E0,-9.391828626E-2,2.434697002E-1,9.828518867E0,9.831982571E0
5.956474835E0,-6.879365444E-2,2.530409992E-1,1.002831936E1,1.003174718E1
5.958624381E0,-4.965107143E-2,2.482553422E-1,1.004267693E1,1.004586760E1
5.960794528E0,-7.956135273E-2,2.291127741E-1,9.814162254E0,9.817158623E0
5.962948631E0,-9.391828626E-2,2.243271172E-1,9.799804688E0,9.802821799E0
5.965110121E0,-5.922235921E-2,2.673979402E-1,1.005703354E1,1.006076203E1
5.967261721E0,-5.443671346E-2,2.673979402E-1,1.008574772E1,1.008943864E1
5.969414717E0,-7.896314561E-2,2.434697002E-1,9.890133858E0,9.893445325E0
5.971577935E0,-7.956135273E-2,2.243271172E-1,9.818947792E0,9.821832233E0
5.973736841E0,-6.939185411E-2,2.530409992E-1,9.952347755E0,9.955805885E0
5.975895888E0,-7.357929647E-2,2.482553422E-1,1.005703354E1,1.006036621E1
5.978051518E0,-7.357929647E-2,2.530409992E-1,1.007617569E1,1.007962103E1
5.980207961E0,-6.879365444E-2,2.482553422E-1,1.001396275E1,1.001727574E1
5.982366225E0,-7.896314561E-2,2.195414752E-1,9.899705887E0,9.902454760E0
5.984522801E0,-8.853443712E-2,2.243271172E-1,9.961918831E0,9.964837570E0
5.986681330E0,-7.298108935E-2,2.578266263E-1,1.015274620E1,1.015628161E1
5.988837855E0,-5.862415582E-2,2.769692242E-1,1.012343407E1,1.012739187E1
5.990997077E0,-1.028913707E-1,2.338984162E-1,9.876375198E0,9.879680266E0
5.993157568E0,-9.332008660E-2,2.291127741E-1,9.862018585E0,9.865120976E0
5.995329189E0,-7.836493850E-2,2.578266263E-1,1.009531879E1,1.009891465E1
5.997483588E0,-4.905286431E-2,2.721835673E-1,1.017129040E1,1.017504980E1
5.999644518E0,-9.272187948E-2,2.626122832E-1,9.985847473E0,9.989730342E0
6.001802854E0,-9.332008660E-2,2.434697002E-1,9.885947227E0,9.889385154E0
6.003935514E0,-6.879365444E-2,2.578266263E-1,9.985847473E0,9.989412240E0
6.006082202E0,-6.879365444E-2,2.673979402E-1,1.010488987E1,1.010866131E1
6.008241097E0,-6.340979785E-2,2.817548811E-1,1.011924744E1,1.012336778E1
6.010413511E0,-9.272187948E-2,2.817548811E-1,1.001874828E1,1.002313825E1
6.012572895E0,-9.332008660E-2,2.721835673E-1,9.957133293E0,9.961289874E0
6.014726785E0,-8.315058798E-2,2.578266263E-1,9.990633011E0,9.994305206E0
6.016875060E0,-6.879365444E-2,2.721835673E-1,1.008096218E1,1.008487060E1
6.019041992E0,-7.357929647E-2,2.578266263E-1,1.006660461E1,1.007017462E1
6.021200348E0,-8.853443712E-2,2.578266263E-1,9.976275444E0,9.979999231E0
6.023356801E0,-6.939185411E-2,2.721835673E-1,9.952347755E0,9.956310811E0
6.025505707E0,-7.357929647E-2,2.578266263E-1,9.981060982E0,9.984661577E0
6.027670787E0,-6.939185411E-2,2.673979402E-1,9.961918831E0,9.965748526E0
6.029821860E0,-8.315058798E-2,2.721835673E-1,1.003310490E1,1.003714062E1
6.031989320E0,-7.357929647E-2,2.817548811E-1,1.007617569E1,1.008038274E1
6.034143088E0,-8.853443712E-2,2.865405083E-1,9.966704369E0,9.971215562E0
6.036293173E0,-8.374879509E-2,2.721835673E-1,9.861420631E0,9.865531644E0
6.038459780E0,-8.853443712E-2,2.769692242E-1,9.923633575E0,9.927892709E0
6.040615847E0,-6.400800496E-2,2.913261652E-1,1.007139015E1,1.007580605E1
6.042777549E0,-7.836493850E-2,2.865405083E-1,1.006181908E1,1.006620334E1
6.044933149E0,-9.332008660E-2,2.626122832E-1,9.937990189E0,9.941897346E0
6.047090813E0,-7.417750359E-2,2.817548811E-1,9.904491425E0,9.908775832E0
6.049235863E0,-8.853443712E-2,2.817548811E-1,9.942776680E0,9.947162021E0
6.051404260E0,-6.879365444E-2,2.913261652E-1,9.970891953E0,9.975384195E0
6.053560031E0,-7.896314561E-2,2.769692242E-1,9.961918831E0,9.966081172E0
6.055719324E0,-7.417750359E-2,2.721835673E-1,9.942776680E0,9.946778087E0
6.057865574E0,-9.332008660E-2,2.721835673E-1,9.918848038E0,9.923020655E0
6.060034570E0,-8.374879509E-2,2.673979402E-1,9.870991707E0,9.874967990E0
6.062191899E0,-8.374879509E-2,2.913261652E-1,9.923633575E0,9.928262090E0
6.064351608E0,-6.939185411E-2,2.817548811E-1,9.933204651E0,9.937442109E0
6.066508255E0,-6.939185411E-2,2.817548811E-1,9.870991707E0,9.875255861E0
6.068674566E0,-8.374879509E-2,2.865405083E-1,9.851848602E0,9.856370539E0
6.070820511E0,-7.896314561E-2,2.961117923E-1,9.918848038E0,9.923581197E0
6.072978918E0,-7.357929647E-2,3.104687333E-1,9.966106415E0,9.971212655E0
6.075132676E0,-8.853443712E-2,2.865405083E-1,9.890133858E0,9.894679961E0
6.077291479E0,-8.913264424E-2,2.817548811E-1,9.837491989E0,9.841929642E0
6.079441057E0,-8.434699476E-2,2.817548811E-1,9.814162254E0,9.818568174E0
6.081608324E0,-7.477571070E-2,2.865405083E-1,9.832706451E0,9.837164888E0
6.083765103E0,-6.939185411E-2,2.913261652E-1,9.890133858E0,9.894666942E0
6.085925749E0,-6.460621208E-2,2.913261652E-1,9.894919395E0,9.899417899E0
6.088080025E0,-7.956135273E-2,2.769692242E-1,9.818947792E0,9.823175541E0
6.090238299E0,-8.913264424E-2,2.865405083E-1,9.780662537E0,9.785264930E0
6.092394905E0,-7.477571070E-2,2.913261652E-1,9.827920914E0,9.832522150E0
6.094553628E0,-7.896314561E-2,2.961117923E-1,9.861420631E0,9.866181340E0
6.096710804E0,-6.939185411E-2,2.817548811E-1,9.837491989E0,9.841770658E0
6.098868082E0,-7.417750359E-2,2.865405083E-1,9.842277527E0,9.846727105E0
6.101024821E0,-6.939185411E-2,2.913261652E-1,9.880562782E0,9.885100255E0
6.103183095E0,-8.913264424E-2,2.913261652E-1,9.818947792E0,9.823673005E0
6.105336222E0,-9.391828626E-2,2.769692242E-1,9.775876999E0,9.780250697E0
6.107501149E0,-7.477571070E-2,2.865405083E-1,9.785448074E0,9.789928033E0
6.109670136E0,-5.563312769E-2,2.673979402E-1,9.803992271E0,9.807795938E0
6.111829428E0,-5.563312769E-2,2.769692242E-1,9.813564301E0,9.817629616E0
6.113983135E0,-6.520441920E-2,2.721835673E-1,9.823135376E0,9.827121864E0
6.116140830E0,-6.520441920E-2,2.961117923E-1,9.818349838E0,9.823030457E0
6.118297273E0,-7.956135273E-2,2.961117923E-1,9.790233612E0,9.795033761E0
6.120456229E0,-6.999006122E-2,2.817548811E-1,9.795019150E0,9.799320618E0
6.122608980E0,-7.477571070E-2,2.913261652E-1,9.795019150E0,9.799635834E0
6.124754376E0,-6.999006122E-2,2.865405083E-1,9.799804688E0,9.804242754E0
6.126913617E0,-7.896314561E-2,2.817548811E-1,9.842277527E0,9.846626220E0
6.129076439E0,-6.939185411E-2,2.817548811E-1,9.847063065E0,9.851337576E0
6.131218977E0,-6.999006122E-2,2.673979402E-1,9.795019150E0,9.798918329E0
6.133403365E0,-7.956135273E-2,2.721835673E-1,9.761520386E0,9.765638440E0
6.135557234E0,-7.477571070E-2,2.769692242E-1,9.804591179E0,9.808787465E0
6.137721887E0,-7.477571070E-2,2.865405083E-1,9.827920914E0,9.832381520E0
6.139870528E0,-6.999006122E-2,2.626122832E-1,9.823135376E0,9.826894343E0
6.142025548E0,-6.999006122E-2,2.626122832E-1,9.771091461E0,9.774870442E0
6.144188593E0,-7.477571070E-2,2.721835673E-1,9.780662537E0,9.784734792E0
6.146346624E0,-6.520441920E-2,2.721835673E-1,9.813564301E0,9.817554675E0
6.148475967E0,-6.999006122E-2,2.721835673E-1,9.823135376E0,9.827154782E0
6.150660233E0,-7.956135273E-2,2.578266263E-1,9.785448074E0,9.789167411E0
6.152811102E0,-8.913264424E-2,2.817548811E-1,9.838089943E0,9.842527326E0
6.154969407E0,-7.417750359E-2,2.721835673E-1,9.890133858E0,9.894156554E0
6.157123755E0,-7.477571070E-2,2.626122832E-1,9.823733330E0,9.827527316E0
6.159260271E0,-8.913264424E-2,2.673979402E-1,9.761520386E0,9.765588898E0
6.161449948E0,-7.956135273E-2,2.626122832E-1,9.818947792E0,9.822781223E0
6.163609423E0,-7.417750359E-2,2.721835673E-1,9.885348320E0,9.889372963E0
6.165787178E0,-7.896314561E-2,2.578266263E-1,9.885348320E0,9.889025288E0
6.167915799E0,-7.477571070E-2,2.482553422E-1,9.833304405E0,9.836721895E0
6.170063037E0,-7.417750359E-2,2.530409992E-1,9.842277527E0,9.845809208E0
6.172227639E0,-9.391828626E-2,2.434697002E-1,9.833304405E0,9.836766423E0
6.174375974E0,-7.956135273E-2,2.578266263E-1,9.837491989E0,9.841191656E0
6.176541706E0,-7.417750359E-2,2.530409992E-1,9.880562782E0,9.884080784E0
6.178702666E0,-7.417750359E-2,2.578266263E-1,9.861420631E0,9.865069373E0
6.180853911E0,-8.853443712E-2,2.578266263E-1,9.870991707E0,9.874755197E0
6.183007567E0,-8.374879509E-2,2.769692242E-1,9.914062500E0,9.918284180E0
6.185165099E0,-8.374879509E-2,2.769692242E-1,9.909276962E0,9.913500680E0
6.187338053E0,-7.417750359E-2,2.386840582E-1,9.856635094E0,9.859803637E0
6.189494894E0,-7.896314561E-2,2.578266263E-1,9.861420631E0,9.865106518E0
6.191645956E0,-6.879365444E-2,2.721835673E-1,9.966106415E0,9.970059856E0
6.193808666E0,-7.896314561E-2,2.530409992E-1,9.937990189E0,9.941524728E0
6.195965282E0,-8.374879509E-2,2.434697002E-1,9.885348320E0,9.888700762E0
6.198125856E0,-7.417750359E-2,2.626122832E-1,9.923633575E0,9.927384895E0
6.200279400E0,-7.417750359E-2,2.673979402E-1,9.928419113E0,9.932296313E0
6.202427186E0,-7.896314561E-2,2.434697002E-1,9.856635094E0,9.859957811E0
6.204581616E0,-9.332008660E-2,2.530409992E-1,9.899705887E0,9.903378970E0
6.206750867E0,-7.836493850E-2,2.673979402E-1,1.000917721E1,1.001305503E1
6.208911796E0,-6.460621208E-2,2.626122832E-1,9.956535339E0,9.960207585E0
6.211068261E0,-8.853443712E-2,2.434697002E-1,9.880562782E0,9.883958556E0
6.213212619E0,-9.332008660E-2,2.721835673E-1,9.933204651E0,9.937371240E0
6.215383630E0,-6.400800496E-2,2.530409992E-1,9.975677490E0,9.979091550E0
6.217540694E0,-8.853443712E-2,2.530409992E-1,9.914062500E0,9.917686391E0
6.219701044E0,-9.332008660E-2,2.386840582E-1,9.942776680E0,9.946078967E0
6.221851292E0,-5.922235921E-2,2.530409992E-1,1.000439167E1,1.000776647E1
6.224004501E0,-8.853443712E-2,2.386840582E-1,9.928419113E0,9.931682361E0
6.226187210E0,-9.332008660E-2,2.626122832E-1,9.909276962E0,9.913195437E0
6.228325851E0,-7.357929647E-2,2.578266263E-1,9.980463028E0,9.984063839E0
6.230480209E0,-6.879365444E-2,2.482553422E-1,9.975677490E0,9.979003190E0
6.232638200E0,-9.332008660E-2,2.530409992E-1,9.909276962E0,9.912946499E0
6.234792914E0,-7.417750359E-2,2.434697002E-1,9.942776680E0,9.946033778E0
6.236930477E0,-7.357929647E-2,2.578266263E-1,1.001874828E1,1.002233534E1
6.239114895E0,-8.793623000E-2,2.434697002E-1,9.985847473E0,9.989202172E0
6.241273017E0,-8.374879509E-2,2.291127741E-1,9.966704369E0,9.969689187E0
6.243432909E0,-7.836493850E-2,2.338984162E-1,9.976275444E0,9.979324690E0
6.245570961E0,-8.374879509E-2,2.578266263E-1,9.952347755E0,9.956039086E0
6.247730202E0,-8.315058798E-2,2.626122832E-1,9.990034103E0,9.993831128E0
6.249896686E0,-6.879365444E-2,2.626122832E-1,1.004267693E1,1.004634549E1
6.252033577E0,-7.836493850E-2,2.482553422E-1,9.994820595E0,9.998210365E0
6.254193876E0,-9.810572863E-2,2.482553422E-1,9.942776680E0,9.946359312E0
6.256354398E0,-8.315058798E-2,2.626122832E-1,9.999606133E0,1.000339952E1
6.258510883E0,-5.443671346E-2,2.578266263E-1,1.003310490E1,1.003656474E1
6.260677621E0,-7.896314561E-2,2.482553422E-1,9.961918831E0,9.965324515E0
6.262833537E0,-6.939185411E-2,2.482553422E-1,9.937990189E0,9.941332654E0
6.264992421E0,-5.922235921E-2,2.482553422E-1,1.002353382E1,1.002678255E1
6.267144276E0,-7.357929647E-2,2.721835673E-1,1.002831936E1,1.003228224E1
6.269287811E0,-8.315058798E-2,2.530409992E-1,9.999606133E0,1.000315283E1
6.271463583E0,-8.793623000E-2,2.530409992E-1,1.002353382E1,1.002711288E1
6.273619802E0,-7.836493850E-2,2.721835673E-1,1.004746246E1,1.005145397E1
6.275782645E0,-9.272187948E-2,2.434697002E-1,9.990633011E0,9.994029358E0
6.277934582E0,-8.793623000E-2,2.769692242E-1,9.980463028E0,9.984692633E0
6.280093050E0,-7.836493850E-2,2.721835673E-1,1.004267693E1,1.004667033E1
6.282249656E0,-7.357929647E-2,2.673979402E-1,1.004267693E1,1.004650563E1
6.284408306E0,-7.836493850E-2,2.673979402E-1,1.001396275E1,1.001783872E1
6.286565503E0,-7.357929647E-2,2.626122832E-1,1.001874828E1,1.002245959E1
6.288721184E0,-7.357929647E-2,2.578266263E-1,1.005224800E1,1.005582311E1
6.290872592E0,-8.793623000E-2,2.721835673E-1,1.003310490E1,1.003718140E1
6.293037672E0,-8.315058798E-2,2.578266263E-1,1.004746246E1,1.005111390E1
6.295194207E0,-7.836493850E-2,2.721835673E-1,1.003310490E1,1.003710211E1
6.297354262E0,-7.357929647E-2,2.626122832E-1,1.002831936E1,1.003202713E1
6.299506341E0,-9.750752151E-2,2.673979402E-1,1.003310490E1,1.003714119E1
6.301657231E0,-9.272187948E-2,2.626122832E-1,1.009531879E1,1.009915957E1
6.303822677E0,-6.819544733E-2,2.817548811E-1,1.010429192E1,1.010844951E1
6.305982437E0,-7.836493850E-2,2.721835673E-1,1.003310490E1,1.003710211E1
6.308141596E0,-8.793623000E-2,2.721835673E-1,9.980463028E0,9.984561028E0
6.310298711E0,-9.750752151E-2,2.530409992E-1,1.000917721E1,1.001285004E1
6.312453944E0,-6.819544733E-2,2.769692242E-1,1.010429192E1,1.010831725E1
6.314612320E0,-6.819544733E-2,2.769692242E-1,1.011864853E1,1.012266816E1
6.316768367E0,-8.793623000E-2,2.626122832E-1,1.003789139E1,1.004171108E1
6.318927222E0,-8.315058798E-2,2.673979402E-1,9.990034103E0,9.993958028E0
6.321084490E0,-8.315058798E-2,2.769692242E-1,1.004746246E1,1.005162315E1
6.323239417E0,-7.776673883E-2,2.817548811E-1,1.009531879E1,1.009954925E1
6.325388282E0,-8.793623000E-2,2.721835673E-1,1.007139015E1,1.007545117E1
6.327554064E0,-8.315058798E-2,2.721835673E-1,1.001396275E1,1.001800618E1
6.329703315E0,-8.793623000E-2,2.626122832E-1,1.000439167E1,1.000822415E1
6.331874306E0,-6.879365444E-2,2.769692242E-1,1.007617569E1,1.008021632E1
6.334026782E0,-7.357929647E-2,2.721835673E-1,1.009053326E1,1.009447172E1
6.336184131E0,-7.836493850E-2,2.721835673E-1,1.006181908E1,1.006580489E1
6.338344095E0,-9.272187948E-2,2.865405083E-1,1.002353382E1,1.002805729E1
6.340501433E0,-7.357929647E-2,2.769692242E-1,1.000917721E1,1.001327890E1
6.342659148E0,-8.315058798E-2,2.673979402E-1,1.003789139E1,1.004179661E1
6.344814116E0,-7.836493850E-2,2.817548811E-1,1.005703354E1,1.006128473E1
6.346964986E0,-5.443671346E-2,2.721835673E-1,1.008993530E1,1.009375261E1
6.349131063E0,-7.836493850E-2,2.721835673E-1,1.000917721E1,1.001318398E1
6.351290853E0,-9.332008660E-2,2.865405083E-1,9.947562218E0,9.952125812E0
6.353461386E0,-7.357929647E-2,2.673979402E-1,1.003310490E1,1.003693725E1
6.355606629E0,-3.948157281E-2,2.673979402E-1,1.008993530E1,1.009355512E1
6.357773957E0,-4.965107143E-2,2.721835673E-1,9.999606133E0,1.000343301E1
6.359917583E0,-8.374879509E-2,2.626122832E-1,9.957133293E0,9.960947871E0
6.362092123E0,-6.879365444E-2,2.721835673E-1,1.005703354E1,1.006095125E1
6.364245485E0,-4.965107143E-2,2.913261652E-1,1.007557774E1,1.007991086E1
6.366406974E0,-7.357929647E-2,2.721835673E-1,9.970891953E0,9.974877650E0
6.368555952E0,-7.836493850E-2,2.721835673E-1,9.975677490E0,9.979697708E0
6.370702599E0,-7.357929647E-2,2.673979402E-1,1.004267693E1,1.004650563E1
6.372876956E0,-7.357929647E-2,2.865405083E-1,1.003789139E1,1.004224989E1
6.375033531E0,-7.896314561E-2,2.865405083E-1,9.961320877E0,9.965754074E0
6.377193688E0,-6.879365444E-2,2.721835673E-1,9.999606133E0,1.000354633E1
6.379349094E0,-4.965107143E-2,2.817548811E-1,1.003310490E1,1.003718312E1
6.381513076E0,-8.315058798E-2,2.913261652E-1,1.001396275E1,1.001854455E1
6.383650395E0,-7.836493850E-2,2.769692242E-1,9.994820595E0,9.998964533E0
6.385820826E0,-7.896314561E-2,2.673979402E-1,9.956535339E0,9.960438384E0
6.387975712E0,-7.357929647E-2,2.721835673E-1,9.994820595E0,9.998796754E0
6.390139074E0,-5.443671346E-2,2.865405083E-1,1.007557774E1,1.007979839E1
6.392293065E0,-6.400800496E-2,2.626122832E-1,1.000439167E1,1.000804251E1
6.394449957E0,-8.853443712E-2,2.578266263E-1,9.909276962E0,9.913025917E0
6.396607753E0,-6.400800496E-2,2.865405083E-1,9.956535339E0,9.960863339E0
6.398760371E0,-5.862415582E-2,2.913261652E-1,1.008993530E1,1.009431038E1
6.400904446E0,-5.922235921E-2,2.769692242E-1,1.000439167E1,1.000840007E1
6.403069496E0,-7.896314561E-2,2.817548811E-1,9.904491425E0,9.908812813E0
6.405221707E0,-7.417750359E-2,2.817548811E-1,9.956535339E0,9.960797362E0
6.407386634E0,-6.400800496E-2,2.865405083E-1,1.002831936E1,1.003261639E1
6.409554258E0,-6.879365444E-2,2.769692242E-1,9.980463028E0,9.984542392E0
6.411711963E0,-8.315058798E-2,2.769692242E-1,9.994820595E0,9.999003185E0
6.413869118E0,-5.922235921E-2,2.721835673E-1,9.999606133E0,1.000348509E1
6.416024239E0,-7.896314561E-2,2.673979402E-1,9.933204651E0,9.937116859E0
6.418182289E0,-7.896314561E-2,2.769692242E-1,9.937990189E0,9.942162547E0
6.420339364E0,-6.879365444E-2,2.817548811E-1,1.001874828E1,1.002294545E1
6.422500629E0,-7.836493850E-2,2.769692242E-1,9.994820595E0,9.998964533E0
6.424662272E0,-7.417750359E-2,2.626122832E-1,9.918848038E0,9.922601166E0
6.426796264E0,-8.853443712E-2,2.673979402E-1,9.942776680E0,9.946765711E0
6.428950551E0,-6.879365444E-2,2.769692242E-1,1.002353382E1,1.002759566E1
6.431111094E0,-8.315058798E-2,2.817548811E-1,9.994820595E0,9.999136891E0
6.433266133E0,-7.417750359E-2,2.673979402E-1,9.923633575E0,9.927512644E0
6.435418213E0,-8.374879509E-2,2.721835673E-1,9.956535339E0,9.960607096E0
6.437588766E0,-7.836493850E-2,2.721835673E-1,9.980463028E0,9.984481319E0
6.439760906E0,-8.315058798E-2,2.721835673E-1,9.994820595E0,9.998871768E0
6.441918723E0,-8.315058798E-2,2.865405083E-1,9.985248566E0,9.989705121E0
6.444071637E0,-8.374879509E-2,2.817548811E-1,9.956535339E0,9.960873237E0
6.446211713E0,-8.374879509E-2,2.530409992E-1,9.942776680E0,9.946348663E0
6.448374473E0,-9.332008660E-2,2.673979402E-1,9.971489906E0,9.975511077E0
6.450543612E0,-7.836493850E-2,2.673979402E-1,9.985248566E0,9.989135680E0
6.452698021E0,-7.896314561E-2,2.626122832E-1,9.961918831E0,9.965692509E0
6.454834892E0,-8.853443712E-2,2.769692242E-1,9.961918831E0,9.966161603E0
6.457015750E0,-7.357929647E-2,2.626122832E-1,9.985248566E0,9.988972322E0
6.459171817E0,-7.836493850E-2,2.721835673E-1,9.980463028E0,9.984481319E0
6.461337772E0,-8.374879509E-2,2.769692242E-1,9.933204651E0,9.937418198E0
6.463484552E0,-9.272187948E-2,2.769692242E-1,9.985847473E0,9.990118070E0
6.465633885E0,-6.879365444E-2,2.673979402E-1,1.001396275E1,1.001776842E1
6.467803278E0,-6.400800496E-2,2.721835673E-1,9.980463028E0,9.984378958E0
6.469962570E0,-8.374879509E-2,2.769692242E-1,9.957133293E0,9.961336719E0
6.472120926E0,-8.315058798E-2,2.817548811E-1,9.994820595E0,9.999136891E0
6.474272771E0,-6.879365444E-2,2.769692242E-1,9.980463028E0,9.984542392E0
6.476420538E0,-8.853443712E-2,2.721835673E-1,9.952347755E0,9.956462629E0
6.478583492E0,-8.853443712E-2,2.530409992E-1,9.928419113E0,9.932037766E0
6.480712439E0,-6.879365444E-2,2.578266263E-1,9.970891953E0,9.974462064E0
6.482900763E0,-7.357929647E-2,2.673979402E-1,1.000917721E1,1.001301872E1
6.485053901E0,-7.357929647E-2,2.626122832E-1,9.994820595E0,9.998540786E0
6.487205238E0,-7.357929647E-2,2.721835673E-1,9.994820595E0,9.998796754E0
6.489353380E0,-8.315058798E-2,2.626122832E-1,9.976275444E0,9.980077703E0
6.491506264E0,-1.028913707E-1,2.626122832E-1,9.947562218E0,9.951559974E0
6.493664100E0,-8.315058798E-2,2.769692242E-1,1.001396275E1,1.001813734E1
6.495825742E0,-8.793623000E-2,2.721835673E-1,1.002353382E1,1.002761422E1
6.497983579E0,-9.272187948E-2,2.769692242E-1,9.994820595E0,9.999087359E0
6.500141824E0,-8.315058798E-2,2.721835673E-1,9.985248566E0,9.989303621E0
6.502298166E0,-8.793623000E-2,2.578266263E-1,1.002353382E1,1.002723479E1
6.504456623E0,-7.836493850E-2,2.673979402E-1,1.001874828E1,1.002262241E1
6.506613565E0,-7.896314561E-2,2.721835673E-1,9.966704369E0,9.970732924E0
6.508773070E0,-8.315058798E-2,2.530409992E-1,1.000917721E1,1.001272052E1
6.510928741E0,-5.922235921E-2,2.626122832E-1,1.005224800E1,1.005585215E1
6.513084106E0,-7.357929647E-2,2.578266263E-1,1.003789139E1,1.004147161E1
6.515243174E0,-6.879365444E-2,2.673979402E-1,1.004267693E1,1.004647172E1
6.517402517E0,-7.836493850E-2,2.721835673E-1,1.003789139E1,1.004188670E1
6.519558462E0,-7.357929647E-2,2.626122832E-1,1.001396275E1,1.001767583E1
6.521716197E0,-8.793623000E-2,2.578266263E-1,1.003310490E1,1.003680234E1
6.523874686E0,-6.879365444E-2,2.769692242E-1,1.008574772E1,1.008978452E1
6.526041658E0,-7.357929647E-2,2.530409992E-1,1.006181908E1,1.006526934E1
6.528188356E0,-7.836493850E-2,2.578266263E-1,1.003310490E1,1.003672305E1
6.530345766E0,-8.315058798E-2,2.626122832E-1,1.005224800E1,1.005602153E1
6.532499585E0,-7.357929647E-2,2.673979402E-1,1.007617569E1,1.007999167E1
6.534660546E0,-7.357929647E-2,2.578266263E-1,1.005224800E1,1.005582311E1
6.536817213E0,-7.357929647E-2,2.626122832E-1,1.004267693E1,1.004637940E1
6.538975813E0,-7.298108935E-2,2.769692242E-1,1.010429192E1,1.010835067E1
6.541135085E0,-6.819544733E-2,2.626122832E-1,1.009472084E1,1.009836644E1
6.543300053E0,-9.272187948E-2,2.530409992E-1,1.004746246E1,1.005107601E1
6.545444523E0,-7.836493850E-2,2.626122832E-1,1.006181908E1,1.006555063E1
6.547618341E0,-6.819544733E-2,2.721835673E-1,1.011864853E1,1.012253835E1
6.549772028E0,-7.298108935E-2,2.721835673E-1,1.012343407E1,1.012735540E1
6.551932236E0,-7.836493850E-2,2.578266263E-1,1.009053326E1,1.009413082E1
6.554078588E0,-9.272187948E-2,2.626122832E-1,1.008096218E1,1.008480843E1
6.556244003E0,-8.255238086E-2,2.626122832E-1,1.010967541E1,1.011342261E1
6.558396540E0,-8.733802289E-2,2.721835673E-1,1.013779163E1,1.014182089E1
6.560562679E0,-8.733802289E-2,2.626122832E-1,1.016650486E1,1.017027110E1
6.562717790E0,-6.819544733E-2,2.721835673E-1,1.012343407E1,1.012732205E1
6.564876512E0,-8.255238086E-2,2.769692242E-1,1.009531879E1,1.009945486E1
6.567026862E0,-8.255238086E-2,2.673979402E-1,1.011864853E1,1.012251770E1
6.569171211E0,-7.298108935E-2,2.769692242E-1,1.019521904E1,1.019924161E1
6.571346657E0,-7.776673883E-2,2.721835673E-1,1.017129040E1,1.017522874E1
6.573504860E0,-6.819544733E-2,2.626122832E-1,1.015214825E1,1.015577323E1
6.575665861E0,-8.255238086E-2,2.673979402E-1,1.014257717E1,1.014643722E1
6.577818164E0,-7.298108935E-2,2.626122832E-1,1.014736271E1,1.015102268E1
6.579970030E0,-8.255238086E-2,2.626122832E-1,1.014736271E1,1.015109600E1
6.582134906E0,-9.690931439E-2,2.673979402E-1,1.016650486E1,1.017048249E1
6.584291320E0,-7.298108935E-2,2.626122832E-1,1.017129040E1,1.017494176E1
6.586452188E0,-9.690931439E-2,2.578266263E-1,1.016231823E1,1.016605025E1
6.588606027E0,-8.733802289E-2,2.673979402E-1,1.017607689E1,1.017996417E1
6.590764485E0,-7.776673883E-2,2.817548811E-1,1.017129040E1,1.017548927E1
6.592920715E0,-9.690931439E-2,2.578266263E-1,1.013360405E1,1.013734665E1
6.595079549E0,-1.016949639E-1,2.673979402E-1,1.014796066E1,1.015199237E1
6.597236797E0,-6.340979785E-2,2.578266263E-1,1.020000458E1,1.020345965E1
6.599394105E0,-8.255238086E-2,2.721835673E-1,1.018086243E1,1.018483473E1
6.601550691E0,-9.212367237E-2,2.673979402E-1,1.018564796E1,1.018957373E1
6.603708884E0,-7.776673883E-2,2.721835673E-1,1.020000458E1,1.020393184E1
6.605865378E0,-8.733802289E-2,2.865405083E-1,1.020479012E1,1.020918580E1
6.608023978E0,-8.733802289E-2,2.673979402E-1,1.017607689E1,1.017996417E1
6.610180442E0,-7.298108935E-2,2.721835673E-1,1.020000458E1,1.020389649E1
6.612336570E0,-8.733802289E-2,2.626122832E-1,1.016650486E1,1.017027110E1
6.614485924E0,-1.016949639E-1,2.530409992E-1,1.012881851E1,1.013248913E1
6.616653700E0,-9.690931439E-2,2.626122832E-1,1.013838959E1,1.014225320E1
6.618813256E0,-6.819544733E-2,2.769692242E-1,1.022393322E1,1.022791147E1
6.620986860E0,-7.298108935E-2,2.769692242E-1,1.021436119E1,1.021837623E1
6.623133843E0,-9.212367237E-2,2.673979402E-1,1.015274620E1,1.015668469E1
6.625266300E0,-9.212367237E-2,2.673979402E-1,1.012881851E1,1.013276630E1
6.627434198E0,-9.690931439E-2,2.673979402E-1,1.016171932E1,1.016569883E1
6.629588241E0,-6.819544733E-2,2.673979402E-1,1.020479012E1,1.020852064E1
6.631776371E0,-8.255238086E-2,2.721835673E-1,1.015693378E1,1.016091545E1
6.633922480E0,-9.212367237E-2,2.673979402E-1,1.014796066E1,1.015190101E1
6.636060257E0,-8.255238086E-2,2.626122832E-1,1.018086243E1,1.018458344E1
6.638236008E0,-6.819544733E-2,2.721835673E-1,1.018086243E1,1.018472848E1
6.640377295E0,-7.776673883E-2,2.769692242E-1,1.015693378E1,1.016100701E1
6.642563391E0,-8.255238086E-2,2.673979402E-1,1.010488987E1,1.010876431E1
6.644713965E0,-7.776673883E-2,2.673979402E-1,1.011446095E1,1.011829381E1
6.646878882E0,-5.383851007E-2,2.578266263E-1,1.014257717E1,1.014599649E1
6.649015713E0,-7.298108935E-2,2.673979402E-1,1.015214825E1,1.015593137E1
6.651185564E0,-8.255238086E-2,2.721835673E-1,1.012403297E1,1.012802757E1
6.653342140E0,-8.255238086E-2,2.626122832E-1,1.012403297E1,1.012777487E1
6.655508319E0,-8.255238086E-2,2.769692242E-1,1.011924744E1,1.012337372E1
6.657657051E0,-8.255238086E-2,2.721835673E-1,1.015214825E1,1.015613178E1
6.659816017E0,-6.819544733E-2,2.626122832E-1,1.011446095E1,1.011809943E1
6.661970792E0,-7.836493850E-2,2.769692242E-1,1.008574772E1,1.008985431E1
6.664130685E0,-7.298108935E-2,2.865405083E-1,1.012343407E1,1.012775143E1
6.666284128E0,-7.298108935E-2,2.865405083E-1,1.012821960E1,1.013253493E1
6.668425739E0,-6.340979785E-2,2.769692242E-1,1.013300610E1,1.013698897E1
6.670581105E0,-8.255238086E-2,2.626122832E-1,1.011446095E1,1.011820638E1
6.672760050E0,-7.776673883E-2,2.673979402E-1,1.011446095E1,1.011829381E1
6.674920196E0,-6.400800496E-2,2.721835673E-1,1.009531879E1,1.009919019E1
6.677072265E0,-8.793623000E-2,2.673979402E-1,1.008574772E1,1.008967499E1
6.679197165E0,-7.298108935E-2,2.817548811E-1,1.011386299E1,1.011805004E1
6.681377646E0,-7.776673883E-2,2.721835673E-1,1.010488987E1,1.010885408E1
6.683535930E0,-8.315058798E-2,2.673979402E-1,1.009053326E1,1.009441811E1
6.685714154E0,-7.776673883E-2,2.769692242E-1,1.011446095E1,1.011855127E1
6.687852836E0,-6.819544733E-2,2.817548811E-1,1.010429192E1,1.010844951E1
6.690017367E0,-9.750752151E-2,2.769692242E-1,1.008096218E1,1.008523764E1
6.692153709E0,-8.733802289E-2,2.913261652E-1,1.010967541E1,1.011424914E1
6.694337496E0,-8.255238086E-2,2.961117923E-1,1.014257717E1,1.014723454E1
6.696491081E0,-7.298108935E-2,2.865405083E-1,1.010907745E1,1.011340094E1
6.698655236E0,-6.879365444E-2,2.865405083E-1,1.008574772E1,1.009005179E1
6.700805911E0,-8.315058798E-2,2.721835673E-1,1.009053326E1,1.009454602E1
6.702957991E0,-8.255238086E-2,2.673979402E-1,1.012403297E1,1.012790009E1
6.705111800E0,-8.793623000E-2,2.817548811E-1,1.009053326E1,1.009484918E1
6.707266036E0,-8.255238086E-2,2.769692242E-1,1.010967541E1,1.011380560E1
6.709437006E0,-8.255238086E-2,2.769692242E-1,1.010967541E1,1.011380560E1
6.711593998E0,-9.272187948E-2,2.769692242E-1,1.008574772E1,1.008997603E1
6.713744349E0,-9.272187948E-2,2.769692242E-1,1.009053326E1,1.009475957E1
6.715893651E0,-7.298108935E-2,2.865405083E-1,1.012343407E1,1.012775143E1
6.718052027E0,-7.357929647E-2,2.721835673E-1,1.009053326E1,1.009447172E1
6.720225591E0,-7.776673883E-2,2.817548811E-1,1.010967541E1,1.011389986E1
6.722383571E0,-5.383851007E-2,2.913261652E-1,1.017607689E1,1.018038852E1
6.724539760E0,-5.862415582E-2,2.913261652E-1,1.017607689E1,1.018041495E1
6.726683539E0,-7.776673883E-2,2.721835673E-1,1.010488987E1,1.010885408E1
6.728862902E0,-7.298108935E-2,2.769692242E-1,1.010488987E1,1.010894839E1
6.731022936E0,-6.819544733E-2,2.913261652E-1,1.010907745E1,1.011350426E1
6.733166247E0,-6.879365444E-2,2.721835673E-1,1.009053326E1,1.009443797E1
6.735298205E0,-8.733802289E-2,2.721835673E-1,1.012403297E1,1.012806771E1
6.737468096E0,-6.819544733E-2,2.865405083E-1,1.016650486E1,1.017077073E1
6.739640592E0,-6.340979785E-2,2.769692242E-1,1.017607689E1,1.018004291E1
6.741801084E0,-8.255238086E-2,2.769692242E-1,1.011924744E1,1.012337372E1
6.743941751E0,-8.733802289E-2,2.817548811E-1,1.012403297E1,1.012832945E1
6.746096749E0,-7.776673883E-2,2.865405083E-1,1.015214825E1,1.015648892E1
6.748253224E0,-8.733802289E-2,2.961117923E-1,1.015693378E1,1.016162458E1
6.750415150E0,-8.255238086E-2,2.817548811E-1,1.016171932E1,1.016595988E1
6.752570007E0,-7.776673883E-2,2.769692242E-1,1.016171932E1,1.016579063E1
6.754719645E0,-7.298108935E-2,2.721835673E-1,1.013300610E1,1.013692373E1
6.756886332E0,-8.733802289E-2,2.817548811E-1,1.011924744E1,1.012354594E1
6.759044566E0,-6.340979785E-2,2.817548811E-1,1.016171932E1,1.016582246E1
6.761203685E0,-6.340979785E-2,2.865405083E-1,1.015693378E1,1.016117268E1
6.763357036E0,-9.212367237E-2,2.817548811E-1,1.012881851E1,1.013315533E1
6.765505932E0,-9.690931439E-2,2.769692242E-1,1.016171932E1,1.016595509E1
6.767672294E0,-8.255238086E-2,2.721835673E-1,1.020479012E1,1.020875311E1
6.769822094E0,-8.733802289E-2,2.721835673E-1,1.017607689E1,1.018009100E1
6.771991843E0,-7.776673883E-2,2.530409992E-1,1.011924744E1,1.012270942E1
6.774145642E0,-7.776673883E-2,2.673979402E-1,1.013300610E1,1.013683194E1
6.776306419E0,-6.819544733E-2,2.721835673E-1,1.015214825E1,1.015602523E1
6.778457919E0,-8.255238086E-2,2.913261652E-1,1.018564796E1,1.019014771E1
6.780608300E0,-7.298108935E-2,2.817548811E-1,1.022393322E1,1.022807521E1
6.782775608E0,-7.776673883E-2,2.721835673E-1,1.019043350E1,1.019436445E1
6.784934350E0,-7.776673883E-2,2.769692242E-1,1.011446095E1,1.011855127E1
6.787094109E0,-9.212367237E-2,2.769692242E-1,1.013779163E1,1.014199280E1
6.789248936E0,-7.776673883E-2,2.817548811E-1,1.019521904E1,1.019940806E1
6.791405512E0,-8.255238086E-2,2.721835673E-1,1.015693378E1,1.016091545E1
6.793564814E0,-7.776673883E-2,2.721835673E-1,1.014736271E1,1.015131033E1
6.795720169E0,-8.255238086E-2,2.626122832E-1,1.020000458E1,1.020371861E1
6.797878636E0,-7.716853172E-2,2.673979402E-1,1.024307537E1,1.024685560E1
6.800034774E0,-7.776673883E-2,2.673979402E-1,1.017129040E1,1.017510185E1
6.802193446E0,-9.690931439E-2,2.626122832E-1,1.010010433E1,1.010398259E1
6.804349737E0,-7.776673883E-2,2.721835673E-1,1.016171932E1,1.016566137E1
6.806505916E0,-6.281159073E-2,2.769692242E-1,1.023290634E1,1.023684666E1
6.808654740E0,-7.716853172E-2,2.626122832E-1,1.022393322E1,1.022759653E1
6.810823330E0,-9.212367237E-2,2.626122832E-1,1.014736271E1,1.015117835E1
6.812979540E0,-9.690931439E-2,2.578266263E-1,1.010967541E1,1.011342686E1
6.815140653E0,-9.212367237E-2,2.673979402E-1,1.016171932E1,1.016565433E1
6.817294573E0,-7.298108935E-2,2.721835673E-1,1.021914768E1,1.022303230E1
6.819453357E0,-6.819544733E-2,2.673979402E-1,1.020000458E1,1.020373685E1
6.821610634E0,-8.733802289E-2,2.626122832E-1,1.015693378E1,1.016070357E1
6.823766640E0,-7.776673883E-2,2.865405083E-1,1.015214825E1,1.015648892E1
6.825919188E0,-8.255238086E-2,2.769692242E-1,1.016171932E1,1.016582837E1
6.828082538E0,-7.298108935E-2,2.721835673E-1,1.018086243E1,1.018476165E1
6.830239186E0,-8.733802289E-2,2.673979402E-1,1.016650486E1,1.017039580E1
6.832398905E0,-9.212367237E-2,2.626122832E-1,1.020000458E1,1.020380054E1
6.834554117E0,-7.716853172E-2,2.721835673E-1,1.022393322E1,1.022784676E1
6.836712890E0,-8.733802289E-2,2.626122832E-1,1.018086243E1,1.018462336E1
6.838869975E0,-8.255238086E-2,2.626122832E-1,1.013779163E1,1.014152845E1
6.841027314E0,-9.690931439E-2,2.626122832E-1,1.014736271E1,1.015122291E1
6.843186991E0,-7.776673883E-2,2.626122832E-1,1.017607689E1,1.017976197E1
6.845356995E0,-8.733802289E-2,2.721835673E-1,1.019521904E1,1.019922561E1
6.847510234E0,-6.759724021E-2,2.865405083E-1,1.022393322E1,1.022817116E1
6.849673870E0,-7.238288224E-2,2.961117923E-1,1.022393322E1,1.022847652E1
6.851831321E0,-8.733802289E-2,2.673979402E-1,1.016171932E1,1.016561209E1
6.854001558E0,-9.212367237E-2,2.673979402E-1,1.017607689E1,1.018000635E1
6.856126914E0,-7.776673883E-2,2.865405083E-1,1.019521904E1,1.019954138E1
6.858287264E0,-8.673982322E-2,2.721835673E-1,1.022393322E1,1.022792345E1
6.860452762E0,-9.212367237E-2,2.769692242E-1,1.017129040E1,1.017547773E1
6.862619367E0,-8.255238086E-2,2.721835673E-1,1.019521904E1,1.019918575E1
6.864774540E0,-8.733802289E-2,2.721835673E-1,1.021914768E1,1.022314488E1
6.866928134E0,-7.776673883E-2,2.530409992E-1,1.020957565E1,1.021300702E1
6.869079543E0,-8.255238086E-2,2.530409992E-1,1.015214825E1,1.015563679E1
6.871245589E0,-8.255238086E-2,2.769692242E-1,1.017607689E1,1.018018014E1
6.873402104E0,-8.195417374E-2,2.769692242E-1,1.022871876E1,1.023279609E1
6.875560968E0,-7.298108935E-2,2.626122832E-1,1.021914768E1,1.022278195E1
6.877712834E0,-9.212367237E-2,2.673979402E-1,1.019521904E1,1.019914113E1
6.879858251E0,-8.255238086E-2,2.673979402E-1,1.017607689E1,1.017992423E1
6.882017737E0,-7.776673883E-2,2.673979402E-1,1.016650486E1,1.017031811E1
6.884189906E0,-7.298108935E-2,2.769692242E-1,1.019521904E1,1.019924161E1
6.886349086E0,-6.340979785E-2,2.769692242E-1,1.021914768E1,1.022309699E1
6.888507819E0,-7.776673883E-2,2.578266263E-1,1.017129040E1,1.017485482E1
6.890661546E0,-6.819544733E-2,2.721835673E-1,1.018564796E1,1.018951220E1
6.892818651E0,-6.759724021E-2,2.626122832E-1,1.022871876E1,1.023231264E1
6.894976081E0,-6.340979785E-2,2.626122832E-1,1.018564796E1,1.018923012E1
6.897133746E0,-7.776673883E-2,2.673979402E-1,1.010967541E1,1.011351008E1
6.899290677E0,-7.298108935E-2,2.673979402E-1,1.013300610E1,1.013679636E1
6.901445381E0,-7.298108935E-2,2.673979402E-1,1.020957565E1,1.021333750E1
6.903589770E0,-8.733802289E-2,2.769692242E-1,1.019521904E1,1.019935445E1
6.905753213E0,-1.016949639E-1,2.626122832E-1,1.016650486E1,1.017040452E1
6.907928882E0,-8.255238086E-2,2.769692242E-1,1.019043350E1,1.019453098E1
6.910081704E0,-8.733802289E-2,2.817548811E-1,1.019043350E1,1.019470199E1
6.912230661E0,-8.255238086E-2,2.865405083E-1,1.013779163E1,1.014217627E1
6.914360483E0,-9.212367237E-2,2.673979402E-1,1.011446095E1,1.011841433E1
6.916550221E0,-8.255238086E-2,2.721835673E-1,1.014736271E1,1.015134812E1
6.918708506E0,-6.819544733E-2,2.673979402E-1,1.020000458E1,1.020373685E1
6.920872691E0,-6.340979785E-2,2.482553422E-1,1.019043350E1,1.019365423E1
6.923018779E0,-9.690931439E-2,2.673979402E-1,1.016171932E1,1.016569883E1
6.925157308E0,-9.212367237E-2,2.626122832E-1,1.014736271E1,1.015117835E1
6.927320344E0,-8.255238086E-2,2.769692242E-1,1.012343407E1,1.012755865E1
6.929473725E0,-7.776673883E-2,2.673979402E-1,1.010967541E1,1.011351008E1
6.931658642E0,-5.383851007E-2,2.626122832E-1,1.014736271E1,1.015090310E1
6.933809043E0,-7.776673883E-2,2.626122832E-1,1.017129040E1,1.017497721E1
6.935957420E0,-7.776673883E-2,2.721835673E-1,1.020000458E1,1.020393184E1
6.938117576E0,-7.776673883E-2,2.673979402E-1,1.019521904E1,1.019902155E1
6.940305423E0,-8.733802289E-2,2.817548811E-1,1.013779163E1,1.014208228E1
6.942443281E0,-9.690931439E-2,2.626122832E-1,1.013360405E1,1.013746949E1
6.944601463E0,-9.690931439E-2,2.769692242E-1,1.015214825E1,1.015638801E1
6.946749016E0,-7.776673883E-2,2.721835673E-1,1.020000458E1,1.020393184E1
6.948895939E0,-8.255238086E-2,2.626122832E-1,1.016171932E1,1.016544734E1
6.951055729E0,-1.016949639E-1,2.578266263E-1,1.012881851E1,1.013260978E1
6.953226505E0,-9.690931439E-2,2.673979402E-1,1.014257717E1,1.014656418E1
6.955383723E0,-7.776673883E-2,2.865405083E-1,1.020957565E1,1.021389192E1
6.957532567E0,-5.802594870E-2,2.721835673E-1,1.022393322E1,1.022772024E1
6.959697159E0,-7.298108935E-2,2.769692242E-1,1.018564796E1,1.018967432E1
6.961857203E0,-6.819544733E-2,2.673979402E-1,1.018086243E1,1.018460171E1
6.964013515E0,-7.776673883E-2,2.578266263E-1,1.018564796E1,1.018920736E1
6.966159327E0,-7.776673883E-2,2.865405083E-1,1.017129040E1,1.017562290E1
6.968321845E0,-8.733802289E-2,2.865405083E-1,1.016650486E1,1.017091709E1
6.970459764E0,-7.298108935E-2,2.673979402E-1,1.020957565E1,1.021333750E1
6.972647183E0,-7.776673883E-2,2.626122832E-1,1.021914768E1,1.022281724E1
6.974802060E0,-9.212367237E-2,2.721835673E-1,1.019043350E1,1.019448408E1
6.976967567E0,-9.212367237E-2,2.673979402E-1,1.018564796E1,1.018957373E1
6.979119402E0,-8.255238086E-2,2.673979402E-1,1.019521904E1,1.019905916E1
6.981261096E0,-8.733802289E-2,2.721835673E-1,1.019521904E1,1.019922561E1
6.983428607E0,-8.255238086E-2,2.769692242E-1,1.018564796E1,1.018974736E1
6.985573932E0,-6.759724021E-2,2.865405083E-1,1.022393322E1,1.022817116E1
6.987749439E0,-6.281159073E-2,2.769692242E-1,1.024726295E1,1.025119775E1
6.989899667E0,-6.281159073E-2,2.673979402E-1,1.024247742E1,1.024615980E1
6.992052835E0,-7.716853172E-2,2.626122832E-1,1.024307537E1,1.024673183E1
6.994219501E0,-7.776673883E-2,2.673979402E-1,1.022393322E1,1.022772506E1
6.996376108E0,-7.776673883E-2,2.673979402E-1,1.022393322E1,1.022772506E1
6.998535614E0,-8.195417374E-2,2.817548811E-1,1.024307537E1,1.024727746E1
7.000687063E0,-7.238288224E-2,2.769692242E-1,1.026161957E1,1.026561189E1
7.002830486E0,-9.152546525E-2,2.769692242E-1,1.024307537E1,1.024722801E1
7.004983908E0,-7.716853172E-2,2.769692242E-1,1.025683403E1,1.026086309E1
7.007146129E0,-7.716853172E-2,2.769692242E-1,1.029990482E1,1.030391704E1
7.009297873E0,-6.759724021E-2,2.626122832E-1,1.026640511E1,1.026998580E1
7.011464804E0,-8.255238086E-2,2.721835673E-1,1.022393322E1,1.022788880E1
7.013611980E0,-8.673982322E-2,2.769692242E-1,1.024307537E1,1.024718638E1
7.015781699E0,-7.716853172E-2,2.913261652E-1,1.025683403E1,1.026126066E1
7.017936932E0,-7.716853172E-2,2.721835673E-1,1.029511929E1,1.029900578E1
7.020096326E0,-8.195417374E-2,2.817548811E-1,1.026640511E1,1.027059765E1
7.022249698E0,-6.759724021E-2,2.721835673E-1,1.029511929E1,1.029893851E1
7.024398847E0,-7.716853172E-2,2.913261652E-1,1.028554821E1,1.028996248E1
7.026567671E0,-7.238288224E-2,2.865405083E-1,1.029511929E1,1.029936046E1
7.028724745E0,-7.716853172E-2,2.673979402E-1,1.028076267E1,1.028452905E1
7.030884657E0,-9.152546525E-2,2.673979402E-1,1.028136063E1,1.028524452E1
7.033036391E0,-8.673982322E-2,2.817548811E-1,1.029511929E1,1.029933933E1
7.035188613E0,-8.195417374E-2,2.865405083E-1,1.031904793E1,1.032335082E1
7.037353448E0,-8.195417374E-2,2.913261652E-1,1.029511929E1,1.029956642E1
7.039511774E0,-9.152546525E-2,2.673979402E-1,1.024307537E1,1.024697378E1
7.041670242E0,-8.673982322E-2,2.769692242E-1,1.025743294E1,1.026153820E1
7.043826899E0,-8.673982322E-2,2.721835673E-1,1.029511929E1,1.029908194E1
7.045983139E0,-7.716853172E-2,2.817548811E-1,1.029033375E1,1.029447956E1
7.048137518E0,-9.152546525E-2,3.056831062E-1,1.029511929E1,1.030006312E1
7.050298030E0,-9.631111473E-2,2.865405083E-1,1.029511929E1,1.029955642E1
7.052454006E0,-7.716853172E-2,2.865405083E-1,1.028076267E1,1.028504456E1
7.054605190E0,-7.716853172E-2,2.817548811E-1,1.027597713E1,1.028012874E1
7.056768999E0,-6.759724021E-2,2.721835673E-1,1.026640511E1,1.027023501E1
7.058916104E0,-9.152546525E-2,2.721835673E-1,1.027657509E1,1.028058638E1
7.061078692E0,-9.152546525E-2,2.721835673E-1,1.027657509E1,1.028058638E1
7.063242805E0,-7.716853172E-2,2.865405083E-1,1.030947590E1,1.031374586E1
7.065399402E0,-8.673982322E-2,2.721835673E-1,1.027597713E1,1.027994717E1
7.067562813E0,-9.631111473E-2,2.817548811E-1,1.025743294E1,1.026175385E1
7.069726886E0,-8.673982322E-2,2.961117923E-1,1.028554821E1,1.029017531E1
7.071873310E0,-7.716853172E-2,3.008974493E-1,1.027119160E1,1.027588785E1
7.074030791E0,-8.673982322E-2,2.721835673E-1,1.026221848E1,1.026619383E1
7.076184509E0,-8.195417374E-2,2.961117923E-1,1.029990482E1,1.030448631E1
7.078345977E0,-6.759724021E-2,2.769692242E-1,1.030947590E1,1.031341721E1
7.080503132E0,-8.195417374E-2,2.721835673E-1,1.023828983E1,1.024223506E1
7.082660624E0,-9.631111473E-2,2.961117923E-1,1.022871876E1,1.023345716E1
7.084817088E0,-7.238288224E-2,2.817548811E-1,1.026640511E1,1.027052574E1
7.086974681E0,-7.238288224E-2,2.721835673E-1,1.026640511E1,1.027026762E1
7.089129467E0,-8.673982322E-2,2.913261652E-1,1.023350430E1,1.023801763E1
7.091290274E0,-7.716853172E-2,3.008974493E-1,1.027119160E1,1.027588785E1
7.093444490E0,-6.759724021E-2,2.817548811E-1,1.029033375E1,1.029441226E1
7.095594189E0,-7.298108935E-2,2.673979402E-1,1.019521904E1,1.019898618E1
7.097750847E0,-7.776673883E-2,2.673979402E-1,1.019521904E1,1.019902155E1
7.099908470E0,-5.802594870E-2,2.865405083E-1,1.025683403E1,1.026099980E1
7.102066561E0,-7.238288224E-2,2.721835673E-1,1.028554821E1,1.028940354E1
7.104224459E0,-8.673982322E-2,2.817548811E-1,1.023350430E1,1.023774974E1
7.106381025E0,-9.212367237E-2,2.673979402E-1,1.019521904E1,1.019914113E1
7.108540103E0,-7.776673883E-2,2.817548811E-1,1.019521904E1,1.019940806E1
7.110697046E0,-9.212367237E-2,2.817548811E-1,1.020957565E1,1.021387819E1
7.112855259E0,-8.673982322E-2,2.721835673E-1,1.022871876E1,1.023270713E1
7.115012221E0,-7.238288224E-2,2.913261652E-1,1.025683403E1,1.026122578E1
7.117169957E0,-7.238288224E-2,3.104687333E-1,1.027119160E1,1.027613774E1
7.119326533E0,-9.152546525E-2,2.721835673E-1,1.025264645E1,1.025666710E1
7.121484970E0,-8.733802289E-2,2.865405083E-1,1.020479012E1,1.020918580E1
7.123641382E0,-9.212367237E-2,2.721835673E-1,1.014257717E1,1.014664685E1
7.125799800E0,-8.733802289E-2,2.578266263E-1,1.013300610E1,1.013666193E1
7.127956701E0,-9.212367237E-2,2.769692242E-1,1.019043350E1,1.019461297E1
7.130114365E0,-8.195417374E-2,2.721835673E-1,1.026161957E1,1.026555583E1
7.132272366E0,-6.281159073E-2,2.673979402E-1,1.026161957E1,1.026529508E1
7.134428188E0,-1.016949639E-1,2.530409992E-1,1.018086243E1,1.018451429E1
7.136581611E0,-1.016949639E-1,2.865405083E-1,1.019043350E1,1.019496848E1
7.138745185E0,-9.212367237E-2,2.913261652E-1,1.019521904E1,1.019979652E1
7.140900988E0,-8.733802289E-2,2.817548811E-1,1.016650486E1,1.017078339E1
7.143060585E0,-9.212367237E-2,2.721835673E-1,1.017607689E1,1.018013318E1
7.145216052E0,-9.152546525E-2,2.769692242E-1,1.025743294E1,1.026157977E1
7.147378131E0,-8.673982322E-2,2.817548811E-1,1.024786091E1,1.025210041E1
7.149531909E0,-9.690931439E-2,2.578266263E-1,1.014317513E1,1.014691419E1
7.151689695E0,-1.064806059E-1,2.530409992E-1,1.012881851E1,1.013253830E1
7.153845732E0,-8.733802289E-2,2.626122832E-1,1.016650486E1,1.017027110E1
7.156005115E0,-8.733802289E-2,2.578266263E-1,1.020000458E1,1.020363640E1
7.158166584E0,-9.212367237E-2,2.626122832E-1,1.019043350E1,1.019423302E1
7.160318419E0,-8.255238086E-2,2.673979402E-1,1.017607689E1,1.017992423E1
7.162475545E0,-9.212367237E-2,2.769692242E-1,1.015214825E1,1.015634347E1
7.164632151E0,-1.112662554E-1,2.673979402E-1,1.011446095E1,1.011860672E1
7.166792155E0,-1.016949639E-1,2.817548811E-1,1.020000458E1,1.020440204E1
7.168952526E0,-6.819544733E-2,2.721835673E-1,1.020957565E1,1.021343084E1
7.171104910E0,-6.819544733E-2,2.769692242E-1,1.016650486E1,1.017050557E1
7.173263683E0,-1.016949639E-1,2.817548811E-1,1.015214825E1,1.015656643E1
7.175419292E0,-8.255238086E-2,2.673979402E-1,1.022393322E1,1.022776256E1
7.177578402E0,-7.776673883E-2,2.673979402E-1,1.018564796E1,1.018945405E1
7.179734102E0,-8.793623000E-2,2.673979402E-1,1.008096218E1,1.008489132E1
7.181893272E0,-8.733802289E-2,2.721835673E-1,1.015214825E1,1.015617181E1
7.184050275E0,-8.673982322E-2,2.769692242E-1,1.024786091E1,1.025197000E1
7.186207685E0,-6.819544733E-2,2.817548811E-1,1.020957565E1,1.021369039E1
7.188363854E0,-9.690931439E-2,2.578266263E-1,1.014736271E1,1.015110023E1
7.190522739E0,-9.212367237E-2,2.673979402E-1,1.013779163E1,1.014173593E1
7.192679324E0,-8.733802289E-2,2.530409992E-1,1.017607689E1,1.017959717E1
7.194838240E0,-7.238288224E-2,2.626122832E-1,1.023350430E1,1.023712922E1
7.196994572E0,-9.212367237E-2,2.721835673E-1,1.021914768E1,1.022318688E1
7.199153172E0,-1.016949639E-1,2.626122832E-1,1.014317513E1,1.014708375E1
7.201310104E0,-7.298108935E-2,2.673979402E-1,1.016171932E1,1.016549888E1
7.203467442E0,-7.716853172E-2,2.721835673E-1,1.029033375E1,1.029422205E1
7.205624435E0,-9.152546525E-2,2.817548811E-1,1.025264645E1,1.025692556E1
7.207783575E0,-7.776673883E-2,2.578266263E-1,1.014257717E1,1.014615168E1
7.209939144E0,-9.690931439E-2,2.530409992E-1,1.011446095E1,1.011808981E1
7.212097927E0,-6.819544733E-2,2.626122832E-1,1.019521904E1,1.019882871E1
7.214254136E0,-4.905286431E-2,2.817548811E-1,1.021854877E1,1.022255012E1
7.216413031E0,-8.733802289E-2,2.578266263E-1,1.018564796E1,1.018928491E1
7.218570004E0,-8.255238086E-2,2.673979402E-1,1.019043350E1,1.019427543E1
7.220727424E0,-7.776673883E-2,2.578266263E-1,1.019521904E1,1.019877510E1
7.222881650E0,-8.733802289E-2,2.721835673E-1,1.017607689E1,1.018009100E1
7.225033536E0,-8.733802289E-2,2.673979402E-1,1.017607689E1,1.017996417E1
7.227198738E0,-6.819544733E-2,2.865405083E-1,1.020957565E1,1.021382353E1
7.229356962E0,-8.195417374E-2,2.865405083E-1,1.023350430E1,1.023784314E1
7.231516203E0,-6.340979785E-2,2.626122832E-1,1.021436119E1,1.021793328E1
7.233671518E0,-8.733802289E-2,2.673979402E-1,1.020479012E1,1.020866646E1
7.235828582E0,-8.255238086E-2,2.482553422E-1,1.017607689E1,1.017943940E1
7.237986632E0,-8.733802289E-2,2.673979402E-1,1.015693378E1,1.016082839E1
7.240142882E0,-8.733802289E-2,2.578266263E-1,1.020000458E1,1.020363640E1
7.242304300E0,-8.673982322E-2,2.530409992E-1,1.023828983E1,1.024178365E1
7.244468740E0,-7.238288224E-2,2.626122832E-1,1.023828983E1,1.024191306E1
7.246622366E0,-9.212367237E-2,2.673979402E-1,1.016650486E1,1.017043802E1
7.248784617E0,-8.255238086E-2,2.721835673E-1,1.017129040E1,1.017526644E1
7.250941041E0,-6.819544733E-2,2.578266263E-1,1.020479012E1,1.020827441E1
7.253099875E0,-5.862415582E-2,2.626122832E-1,1.021914768E1,1.022268954E1
7.255257325E0,-9.212367237E-2,2.626122832E-1,1.022393322E1,1.022772030E1
7.257418306E0,-8.733802289E-2,2.721835673E-1,1.020957565E1,1.021357659E1
7.259570599E0,-7.298108935E-2,2.673979402E-1,1.020000458E1,1.020376995E1
7.261727124E0,-7.298108935E-2,2.626122832E-1,1.020479012E1,1.020842949E1
7.263883974E0,-7.238288224E-2,2.817548811E-1,1.023828983E1,1.024242177E1
7.266041883E0,-7.238288224E-2,2.769692242E-1,1.025683403E1,1.026082821E1
7.268200748E0,-6.819544733E-2,2.721835673E-1,1.018086243E1,1.018472848E1
7.270357944E0,-9.152546525E-2,2.817548811E-1,1.022871876E1,1.023300787E1
7.272515231E0,-7.238288224E-2,2.721835673E-1,1.027119160E1,1.027505231E1
7.274671950E0,-6.759724021E-2,2.578266263E-1,1.022393322E1,1.022740702E1
7.276828262E0,-9.212367237E-2,2.482553422E-1,1.020479012E1,1.020822506E1
7.278975245E0,-7.716853172E-2,2.673979402E-1,1.027119160E1,1.027496148E1
7.281141809E0,-6.281159073E-2,2.626122832E-1,1.025683403E1,1.026038765E1
7.283296687E0,-8.255238086E-2,2.817548811E-1,1.017607689E1,1.018031147E1
7.285444676E0,-9.690931439E-2,2.769692242E-1,1.019043350E1,1.019465734E1
7.287618169E0,-5.802594870E-2,2.721835673E-1,1.027119160E1,1.027496120E1
7.289772111E0,-6.759724021E-2,2.769692242E-1,1.025204849E1,1.025601188E1
7.291925543E0,-7.238288224E-2,2.721835673E-1,1.023769188E1,1.024156522E1
7.294089321E0,-7.238288224E-2,2.817548811E-1,1.025204849E1,1.025617489E1
7.296243862E0,-8.195417374E-2,2.626122832E-1,1.024307537E1,1.024676899E1
7.298398332E0,-8.195417374E-2,2.530409992E-1,1.022871876E1,1.023217639E1
7.300558356E0,-7.716853172E-2,2.530409992E-1,1.024307537E1,1.024649100E1
7.302709388E0,-6.281159073E-2,2.578266263E-1,1.022393322E1,1.022737651E1
7.304879046E0,-4.845465720E-2,2.626122832E-1,1.023769188E1,1.024117416E1
7.307034208E0,-8.673982322E-2,2.673979402E-1,1.027119160E1,1.027503782E1
7.309193164E0,-8.195417374E-2,2.721835673E-1,1.030469036E1,1.030861018E1
7.311348865E0,-8.673982322E-2,2.673979402E-1,1.025743294E1,1.026128432E1
7.313505603E0,-9.212367237E-2,2.673979402E-1,1.015693378E1,1.016087065E1
7.315664091E0,-8.733802289E-2,2.673979402E-1,1.018086243E1,1.018474788E1
7.317820453E0,-7.716853172E-2,2.769692242E-1,1.027119160E1,1.027521502E1
7.319979186E0,-7.238288224E-2,2.584248483E-1,1.029990482E1,1.030340051E1
7.322133778E0,-8.673982322E-2,2.626122832E-1,1.023828983E1,1.024202459E1
7.324283498E0,-8.195417374E-2,2.769692242E-1,1.022393322E1,1.022801246E1
7.326450174E0,-6.759724021E-2,2.817548811E-1,1.029511929E1,1.029919591E1
7.328608317E0,-7.238288224E-2,2.673979402E-1,1.026640511E1,1.027014190E1
7.330767670E0,-7.716853172E-2,2.673979402E-1,1.022871876E1,1.023250429E1
7.332923533E0,-5.802594870E-2,2.673979402E-1,1.023290634E1,1.023656392E1
7.335080079E0,-4.845465720E-2,2.673979402E-1,1.026640511E1,1.027000113E1
7.337238679E0,-6.281159073E-2,2.817548811E-1,1.024726295E1,1.025132817E1
7.339395764E0,-8.733802289E-2,2.578266263E-1,1.020000458E1,1.020363640E1
7.341553255E0,-8.673982322E-2,2.673979402E-1,1.023350430E1,1.023736468E1
7.343713249E0,-7.716853172E-2,2.721835673E-1,1.026161957E1,1.026551874E1
7.345885277E0,-9.631111473E-2,2.721835673E-1,1.025743294E1,1.026149551E1
7.348040683E0,-9.212367237E-2,2.578266263E-1,1.020957565E1,1.021324612E1
7.350199272E0,-1.016949639E-1,2.721835673E-1,1.020479012E1,1.020892585E1
7.352349215E0,-8.673982322E-2,2.769692242E-1,1.025204849E1,1.025615591E1
7.354498579E0,-7.716853172E-2,2.817548811E-1,1.025204849E1,1.025620978E1
7.356663701E0,-7.298108935E-2,2.673979402E-1,1.016650486E1,1.017028264E1
7.358806086E0,-8.733802289E-2,2.721835673E-1,1.015693378E1,1.016095545E1
7.360985936E0,-6.281159073E-2,2.865405083E-1,1.027597713E1,1.028016327E1
7.363137160E0,-5.324030295E-2,2.865405083E-1,1.028554821E1,1.028967648E1
7.365289281E0,-8.255238086E-2,2.578266263E-1,1.011864853E1,1.012226939E1
7.367455327E0,-8.733802289E-2,2.578266263E-1,1.010488987E1,1.010855587E1
7.369611353E0,-7.716853172E-2,2.865405083E-1,1.022812080E1,1.023242472E1
7.371774023E0,-5.324030295E-2,2.865405083E-1,1.027597713E1,1.028010924E1
7.373928280E0,-8.255238086E-2,2.769692242E-1,1.019043350E1,1.019453098E1
7.376085751E0,-6.340979785E-2,2.578266263E-1,1.013300610E1,1.013648400E1
7.378240983E0,-7.776673883E-2,2.721835673E-1,1.013779163E1,1.014174298E1
7.380392880E0,-1.064806059E-1,2.865405083E-1,1.021436119E1,1.021893429E1
7.382543434E0,-8.673982322E-2,3.008974493E-1,1.023350430E1,1.023829445E1
7.384715003E0,-7.776673883E-2,2.865405083E-1,1.017129040E1,1.017562290E1
7.386872688E0,-8.733802289E-2,2.817548811E-1,1.014257717E1,1.014686579E1
7.389035612E0,-8.733802289E-2,2.913261652E-1,1.020479012E1,1.020932124E1
7.391195982E0,-9.631111473E-2,3.008974493E-1,1.026161957E1,1.026648193E1
7.393345213E0,-9.212367237E-2,2.913261652E-1,1.020000458E1,1.020457991E1
7.395501443E0,-9.690931439E-2,2.913261652E-1,1.009053326E1,1.009520301E1
7.397654448E0,-8.733802289E-2,2.865405083E-1,1.009053326E1,1.009497869E1
7.399801228E0,-5.383851007E-2,2.817548811E-1,1.019043350E1,1.019447004E1
7.401958261E0,-6.759724021E-2,2.865405083E-1,1.022812080E1,1.023235701E1
7.404115752E0,-6.819544733E-2,2.961117923E-1,1.015693378E1,1.016147808E1
7.406289012E0,-7.836493850E-2,2.865405083E-1,1.007139015E1,1.007577025E1
7.408450328E0,-6.819544733E-2,3.008974493E-1,1.014257717E1,1.014726868E1
7.410607981E0,-5.802594870E-2,2.961117923E-1,1.023769188E1,1.024213768E1
7.412757823E0,-7.298108935E-2,2.961117923E-1,1.017607689E1,1.018064582E1
7.414900625E0,-9.212367237E-2,3.056831062E-1,1.011924744E1,1.012428257E1
7.417070130E0,-7.776673883E-2,3.008974493E-1,1.019043350E1,1.019517150E1
7.419234010E0,-7.716853172E-2,2.961117923E-1,1.027597713E1,1.028053225E1
7.421394909E0,-8.255238086E-2,2.913261652E-1,1.019521904E1,1.019971456E1
7.423550783E0,-8.733802289E-2,2.769692242E-1,1.010967541E1,1.011384579E1
7.425706606E0,-8.315058798E-2,2.865405083E-1,1.008574772E1,1.009015989E1
7.427861096E0,-7.298108935E-2,2.913261652E-1,1.012343407E1,1.012788796E1
7.430007469E0,-7.298108935E-2,2.961117923E-1,1.018086243E1,1.018542921E1
7.432178500E0,-8.255238086E-2,2.961117923E-1,1.017129040E1,1.017593462E1
7.434335076E0,-7.776673883E-2,2.913261652E-1,1.014736271E1,1.015184163E1
7.436496331E0,-7.298108935E-2,3.008974493E-1,1.017607689E1,1.018078614E1
7.438646885E0,-8.255238086E-2,3.200400174E-1,1.020000458E1,1.020535810E1
7.440796289E0,-7.298108935E-2,2.865405083E-1,1.011386299E1,1.011818444E1
7.442966313E0,-9.212367237E-2,3.008974493E-1,1.010488987E1,1.010978859E1
7.445123275E0,-5.802594870E-2,3.104687333E-1,1.023769188E1,1.024256281E1
7.447282862E0,-5.324030295E-2,3.008974493E-1,1.031426239E1,1.031878784E1
7.449438492E0,-7.776673883E-2,2.721835673E-1,1.018086243E1,1.018479707E1
7.451595322E0,-9.272187948E-2,2.673979402E-1,1.007617569E1,1.008014958E1
7.453755265E0,-9.690931439E-2,2.817548811E-1,1.017607689E1,1.018043801E1
7.455907344E0,-6.819544733E-2,2.817548811E-1,1.022393322E1,1.022804218E1
7.458059709E0,-8.733802289E-2,2.865405083E-1,1.015214825E1,1.015656671E1
7.460225654E0,-1.016949639E-1,3.056831062E-1,1.013779163E1,1.014290901E1
7.462382992E0,-1.016949639E-1,2.913261652E-1,1.017607689E1,1.018075408E1
7.464541613E0,-1.016949639E-1,2.817548811E-1,1.020000458E1,1.020440204E1
7.466694455E0,-8.673982322E-2,2.961117923E-1,1.023350430E1,1.023815492E1
7.468841713E0,-6.759724021E-2,2.961117923E-1,1.023828983E1,1.024279407E1
7.471013171E0,-9.212367237E-2,3.056831062E-1,1.013779163E1,1.014281756E1
7.473169197E0,-9.690931439E-2,3.056831062E-1,1.015693378E1,1.016199476E1
7.475330829E0,-5.324030295E-2,3.104687333E-1,1.031904793E1,1.032385468E1
7.477481881E0,-5.802594870E-2,2.913261652E-1,1.034297562E1,1.034724033E1
7.479627735E0,-7.298108935E-2,2.721835673E-1,1.016171932E1,1.016562589E1
7.481791594E0,-9.212367237E-2,2.817548811E-1,1.015214825E1,1.015647511E1
7.483955403E0,-6.759724021E-2,2.913261652E-1,1.028076267E1,1.028511164E1
7.486104370E0,-6.759724021E-2,2.626122832E-1,1.025264645E1,1.025623195E1
7.488274271E0,-7.776673883E-2,2.482553422E-1,1.015693378E1,1.016026487E1
7.490426178E0,-7.776673883E-2,2.673979402E-1,1.022393322E1,1.022772506E1
7.492582723E0,-7.716853172E-2,2.769692242E-1,1.029511929E1,1.029913336E1
7.494745097E0,-8.255238086E-2,2.817548811E-1,1.022871876E1,1.023293155E1
7.496902131E0,-7.298108935E-2,2.673979402E-1,1.017607689E1,1.017985112E1
7.499060437E0,-7.776673883E-2,2.721835673E-1,1.020479012E1,1.020871553E1
7.501217104E0,-7.238288224E-2,2.865405083E-1,1.025264645E1,1.025690518E1
7.503376243E0,-5.802594870E-2,3.008974493E-1,1.033340454E1,1.033794736E1
7.505533958E0,-7.238288224E-2,2.865405083E-1,1.027597713E1,1.028022620E1
7.507691673E0,-8.733802289E-2,2.865405083E-1,1.019521904E1,1.019961885E1
7.509849388E0,-9.212367237E-2,2.769692242E-1,1.019521904E1,1.019939655E1
7.512007103E0,-6.759724021E-2,2.673979402E-1,1.024307537E1,1.024678799E1
7.514139611E0,-8.255238086E-2,2.673979402E-1,1.023350430E1,1.023733006E1
7.516299452E0,-7.298108935E-2,2.482553422E-1,1.020479012E1,1.020807025E1
7.518456078E0,-5.802594870E-2,2.673979402E-1,1.027597713E1,1.027961939E1
7.520622827E0,-6.281159073E-2,2.769692242E-1,1.032383347E1,1.032773909E1
7.522775242E0,-7.776673883E-2,2.673979402E-1,1.018564796E1,1.018945405E1
7.524918798E0,-9.212367237E-2,2.673979402E-1,1.014317513E1,1.014711733E1
7.527090744E0,-9.212367237E-2,2.626122832E-1,1.020479012E1,1.020858429E1
7.529240788E0,-5.324030295E-2,2.721835673E-1,1.028554821E1,1.028928668E1
7.531412439E0,-6.759724021E-2,2.626122832E-1,1.023828983E1,1.024188036E1
7.533561834E0,-8.195417374E-2,2.721835673E-1,1.023828983E1,1.024223506E1
7.535715042E0,-7.238288224E-2,2.626122832E-1,1.023828983E1,1.024191306E1
7.537879400E0,-6.759724021E-2,2.530409992E-1,1.024307537E1,1.024642339E1
7.540037665E0,-7.298108935E-2,2.769692242E-1,1.019043350E1,1.019445796E1
7.542196529E0,-6.340979785E-2,2.721835673E-1,1.020957565E1,1.021340001E1
7.544352709E0,-6.281159073E-2,2.530409992E-1,1.026700401E1,1.027031384E1
7.546509854E0,-5.802594870E-2,2.626122832E-1,1.024786091E1,1.025138944E1
7.548667478E0,-5.383851007E-2,2.530409992E-1,1.022393322E1,1.022720582E1
7.550824063E0,-6.819544733E-2,2.434697002E-1,1.016650486E1,1.016964843E1
7.552983081E0,-6.819544733E-2,2.626122832E-1,1.018564796E1,1.018926103E1
7.555138660E0,-7.716853172E-2,2.673979402E-1,1.022871876E1,1.023250429E1
7.557297209E0,-7.238288224E-2,2.488535494E-1,1.027597713E1,1.027924479E1
7.559450794E0,-7.238288224E-2,2.584248483E-1,1.029511929E1,1.029861660E1
7.561602080E0,-8.195417374E-2,2.488535494E-1,1.023828983E1,1.024164163E1
7.563765695E0,-1.016949639E-1,2.578266263E-1,1.014257717E1,1.014636329E1
7.565911620E0,-8.733802289E-2,2.578266263E-1,1.015693378E1,1.016058101E1
7.568085968E0,-7.716853172E-2,2.488535494E-1,1.024307537E1,1.024638844E1
7.570241689E0,-8.195417374E-2,2.727817893E-1,1.031904793E1,1.032297808E1
7.572402070E0,-7.716853172E-2,2.488535494E-1,1.028076267E1,1.028406360E1
7.574556560E0,-1.016949639E-1,2.578266263E-1,1.015693378E1,1.016071456E1
7.576713155E0,-9.690931439E-2,2.626122832E-1,1.010967541E1,1.011354999E1
7.578870921E0,-9.690931439E-2,2.673979402E-1,1.019521904E1,1.019918547E1
7.581024629E0,-6.759724021E-2,2.626122832E-1,1.025204849E1,1.025563420E1
7.583184521E0,-8.673982322E-2,2.626122832E-1,1.026640511E1,1.027012964E1
7.585334800E0,-9.631111473E-2,2.673979402E-1,1.025743294E1,1.026136969E1
7.587502047E0,-1.112662554E-1,2.817548811E-1,1.020957565E1,1.021406878E1
7.589658236E0,-1.064806059E-1,2.530409992E-1,1.019043350E1,1.019413080E1
7.591820742E0,-9.690931439E-2,2.482553422E-1,1.019043350E1,1.019391765E1
7.593972923E0,-8.733802289E-2,2.721835673E-1,1.021914768E1,1.022314488E1
7.596131534E0,-7.716853172E-2,2.721835673E-1,1.024247742E1,1.024638388E1
7.598287987E0,-8.673982322E-2,2.673979402E-1,1.028076267E1,1.028460532E1
7.600443749E0,-7.716853172E-2,2.721835673E-1,1.026640511E1,1.027030246E1
7.602593876E0,-6.819544733E-2,2.578266263E-1,1.021914768E1,1.022262709E1
7.604760533E0,-8.255238086E-2,2.434697002E-1,1.010010433E1,1.010337567E1
7.606917210E0,-7.298108935E-2,2.434697002E-1,1.015214825E1,1.015532952E1
7.609077845E0,-5.802594870E-2,2.679961324E-1,1.028554821E1,1.028920264E1
7.611229589E0,-6.759724021E-2,2.536391914E-1,1.028554821E1,1.028889713E1
7.613380641E0,-8.733802289E-2,2.578266263E-1,1.020479012E1,1.020842024E1
7.615548010E0,-9.212367237E-2,2.578266263E-1,1.020957565E1,1.021324612E1
7.617705338E0,-7.716853172E-2,2.626122832E-1,1.024307537E1,1.024673183E1
7.619867519E0,-8.255238086E-2,2.626122832E-1,1.022871876E1,1.023242237E1
7.622038651E0,-9.212367237E-2,2.626122832E-1,1.017129040E1,1.017509707E1
7.624192196E0,-1.016949639E-1,2.721835673E-1,1.021914768E1,1.022327761E1
7.626328061E0,-8.673982322E-2,2.769692242E-1,1.028076267E1,1.028485862E1
7.628504555E0,-9.631111473E-2,2.530409992E-1,1.024786091E1,1.025143691E1
7.630662341E0,-7.776673883E-2,2.817548811E-1,1.021914768E1,1.022332690E1
7.632826689E0,-6.759724021E-2,2.673979402E-1,1.022871876E1,1.023243659E1
7.634978056E0,-7.776673883E-2,2.721835673E-1,1.017129040E1,1.017522874E1
7.637134305E0,-6.819544733E-2,2.626122832E-1,1.015214825E1,1.015577323E1
7.639292916E0,-5.802594870E-2,2.817548811E-1,1.023769188E1,1.024173266E1
7.641449593E0,-5.324030295E-2,2.721835673E-1,1.031426239E1,1.031799046E1
7.643607808E0,-6.759724021E-2,2.673979402E-1,1.023350430E1,1.023722038E1
7.645760822E0,-7.776673883E-2,2.721835673E-1,1.018086243E1,1.018479707E1
7.647908782E0,-7.776673883E-2,2.721835673E-1,1.019043350E1,1.019436445E1
7.650080414E0,-7.298108935E-2,2.817548811E-1,1.017607689E1,1.018023835E1
7.652234558E0,-7.776673883E-2,2.673979402E-1,1.019521904E1,1.019902155E1
7.654385427E0,-6.281159073E-2,2.817548811E-1,1.027119160E1,1.027524734E1
7.656552277E0,-7.238288224E-2,2.578266263E-1,1.027597713E1,1.027946594E1
7.658708741E0,-9.212367237E-2,2.673979402E-1,1.018564796E1,1.018957373E1
7.660870443E0,-1.016949639E-1,2.626122832E-1,1.013360405E1,1.013751637E1
7.663019502E0,-8.255238086E-2,2.769692242E-1,1.018086243E1,1.018496375E1
7.665164980E0,-7.238288224E-2,2.913261652E-1,1.023828983E1,1.024268954E1
7.667336499E0,-9.690931439E-2,2.913261652E-1,1.021914768E1,1.022375869E1
7.669483726E0,-7.776673883E-2,2.673979402E-1,1.021436119E1,1.021815658E1
7.671658216E0,-8.733802289E-2,2.913261652E-1,1.019043350E1,1.019497101E1
7.673811770E0,-8.733802289E-2,2.817548811E-1,1.019043350E1,1.019470199E1
7.675972120E0,-6.819544733E-2,2.769692242E-1,1.020957565E1,1.021355950E1
7.678123732E0,-6.281159073E-2,2.817548811E-1,1.023350430E1,1.023757497E1
7.680270918E0,-5.862415582E-2,2.721835673E-1,1.017129040E1,1.017510044E1
7.682441847E0,-8.255238086E-2,2.817548811E-1,1.017607689E1,1.018031147E1
7.684599704E0,-8.733802289E-2,2.817548811E-1,1.022393322E1,1.022818773E1
7.686759556E0,-7.238288224E-2,2.817548811E-1,1.024307537E1,1.024720538E1
7.688918614E0,-8.195417374E-2,2.673979402E-1,1.022871876E1,1.023254150E1
7.691090052E0,-8.255238086E-2,2.673979402E-1,1.020957565E1,1.021341038E1
7.693215042E0,-8.733802289E-2,2.817548811E-1,1.016171932E1,1.016599987E1
7.695386561E0,-8.733802289E-2,2.913261652E-1,1.017607689E1,1.018062079E1
7.697537512E0,-8.255238086E-2,2.865405083E-1,1.020000458E1,1.020436249E1
7.699704799E0,-8.195417374E-2,2.721835673E-1,1.023828983E1,1.024223506E1
7.701857652E0,-9.212367237E-2,2.769692242E-1,1.018564796E1,1.018982940E1
7.704007453E0,-9.212367237E-2,2.817548811E-1,1.019521904E1,1.019952763E1
7.706159634E0,-9.631111473E-2,3.008974493E-1,1.023828983E1,1.024316327E1
7.708330756E0,-7.716853172E-2,2.913261652E-1,1.022333431E1,1.022777544E1
7.710488675E0,-8.733802289E-2,2.865405083E-1,1.015214825E1,1.015656671E1
7.712645292E0,-9.212367237E-2,2.817548811E-1,1.011864853E1,1.012298971E1
7.714784829E0,-9.152546525E-2,2.913261652E-1,1.023350430E1,1.023805929E1
7.716950773E0,-6.759724021E-2,2.961117923E-1,1.030947590E1,1.031394904E1
7.719118721E0,-8.255238086E-2,2.536391914E-1,1.019521904E1,1.019870771E1
7.721279305E0,-8.255238086E-2,2.721835673E-1,1.013779163E1,1.014178081E1
7.723431578E0,-7.716853172E-2,2.817548811E-1,1.022812080E1,1.023229182E1
7.725574278E0,-8.195417374E-2,2.913261652E-1,1.027119160E1,1.027564909E1
7.727729918E0,-1.016949639E-1,2.578266263E-1,1.015693378E1,1.016071456E1
7.729885091E0,-9.690931439E-2,2.769692242E-1,1.016650486E1,1.017073864E1
7.732048513E0,-8.195417374E-2,2.961117923E-1,1.029033375E1,1.029491949E1
7.734209930E0,-8.195417374E-2,2.769692242E-1,1.025204849E1,1.025611655E1
7.736376211E0,-1.064806059E-1,2.626122832E-1,1.016171932E1,1.016566982E1
7.738521973E0,-1.112662554E-1,2.913261652E-1,1.021436119E1,1.021912059E1
7.740678508E0,-7.238288224E-2,2.817548811E-1,1.021436119E1,1.021850281E1
7.742833995E0,-1.118644550E-1,2.721835673E-1,1.007139015E1,1.007568842E1
7.744994661E0,-9.212367237E-2,2.865405083E-1,1.014736271E1,1.015182556E1
7.747157248E0,-6.281159073E-2,3.008974493E-1,1.029033375E1,1.029492366E1
7.749308067E0,-7.716853172E-2,2.913261652E-1,1.027119160E1,1.027561204E1
7.751469444E0,-9.690931439E-2,3.008974493E-1,1.017607689E1,1.018098578E1
7.753632958E0,-8.255238086E-2,3.056831062E-1,1.020479012E1,1.020970119E1
7.755781761E0,-8.255238086E-2,2.913261652E-1,1.020479012E1,1.020928142E1
7.757939140E0,-8.255238086E-2,2.865405083E-1,1.015693378E1,1.016131016E1
7.760094801E0,-8.255238086E-2,2.865405083E-1,1.021436119E1,1.021871298E1
7.762252709E0,-7.716853172E-2,2.721835673E-1,1.022871876E1,1.023263047E1
7.764410882E0,-8.255238086E-2,2.626122832E-1,1.012821960E1,1.013195995E1
7.766564793E0,-9.212367237E-2,2.769692242E-1,1.016650486E1,1.017069416E1
7.768716252E0,-7.716853172E-2,2.817548811E-1,1.029511929E1,1.029926317E1
7.770883692E0,-7.298108935E-2,2.673979402E-1,1.021436119E1,1.021812128E1
7.773041061E0,-1.016949639E-1,2.578266263E-1,1.010967541E1,1.011347385E1
7.775200027E0,-8.255238086E-2,2.913261652E-1,1.017129040E1,1.017579649E1
7.777355556E0,-8.255238086E-2,2.673979402E-1,1.020957565E1,1.021341038E1
7.779512223E0,-1.112662554E-1,2.673979402E-1,1.013360405E1,1.013774200E1
7.781670915E0,-1.016949639E-1,2.817548811E-1,1.020000458E1,1.020440204E1
7.783827236E0,-7.238288224E-2,2.721835673E-1,1.027119160E1,1.027505231E1
7.785986009E0,-8.255238086E-2,2.865405083E-1,1.014257717E1,1.014695974E1
7.788143134E0,-8.793623000E-2,2.721835673E-1,1.009053326E1,1.009458657E1
7.790297950E0,-7.238288224E-2,3.056831062E-1,1.025683403E1,1.026164342E1
7.792446673E0,-6.759724021E-2,2.913261652E-1,1.024247742E1,1.024684263E1
7.794615140E0,-9.690931439E-2,2.817548811E-1,1.010967541E1,1.011406516E1
7.796771756E0,-8.733802289E-2,2.961117923E-1,1.016171932E1,1.016640791E1
7.798932676E0,-6.281159073E-2,3.056831062E-1,1.028076267E1,1.028549797E1
7.801086007E0,-8.733802289E-2,2.721835673E-1,1.019043350E1,1.019444196E1
7.803241495E0,-1.064806059E-1,2.673979402E-1,1.017607689E1,1.018014640E1
7.805397246E0,-5.802594870E-2,2.769692242E-1,1.025683403E1,1.026073698E1
7.807560037E0,-5.862415582E-2,2.721835673E-1,1.014736271E1,1.015118174E1
7.809717010E0,-1.112662554E-1,2.913261652E-1,1.010967541E1,1.011448407E1
7.811873789E0,-8.195417374E-2,2.961117923E-1,1.027119160E1,1.027578588E1
7.814022725E0,-8.673982322E-2,2.865405083E-1,1.030469036E1,1.030903840E1
7.816192302E0,-9.212367237E-2,2.769692242E-1,1.013300610E1,1.013720924E1
7.818355012E0,-9.690931439E-2,2.865405083E-1,1.013300610E1,1.013751988E1
7.820507223E0,-6.759724021E-2,3.008974493E-1,1.027597713E1,1.028060381E1
7.822662050E0,-9.152546525E-2,2.769692242E-1,1.024786091E1,1.025201161E1
7.824817303E0,-1.016949639E-1,2.721835673E-1,1.015693378E1,1.016108900E1
7.826978314E0,-7.238288224E-2,2.769692242E-1,1.023290634E1,1.023690986E1
7.829146995E0,-7.716853172E-2,2.721835673E-1,1.023828983E1,1.024219789E1
7.831307690E0,-1.064806059E-1,2.817548811E-1,1.016171932E1,1.016618235E1
7.833458041E0,-9.212367237E-2,2.721835673E-1,1.019043350E1,1.019448408E1
7.835583774E0,-8.673982322E-2,2.913261652E-1,1.027597713E1,1.028047182E1
7.837771859E0,-7.238288224E-2,2.769692242E-1,1.023769188E1,1.024169352E1
7.839921705E0,-7.776673883E-2,2.769692242E-1,1.016650486E1,1.017057426E1
7.842078790E0,-8.195417374E-2,2.913261652E-1,1.024726295E1,1.025173085E1
7.844243432E0,-8.195417374E-2,2.721835673E-1,1.024786091E1,1.025180246E1
7.846408167E0,-7.298108935E-2,2.626122832E-1,1.013300610E1,1.013667125E1
7.848569056E0,-7.776673883E-2,2.673979402E-1,1.015214825E1,1.015596688E1
7.850721817E0,-4.366901144E-2,2.626122832E-1,1.024726295E1,1.025072048E1
7.852878382E0,-6.759724021E-2,2.769692242E-1,1.028076267E1,1.028471499E1
7.855035700E0,-7.298108935E-2,2.913261652E-1,1.021436119E1,1.021877545E1
7.857189703E0,-7.776673883E-2,2.578266263E-1,1.018086243E1,1.018442350E1
7.859332993E0,-8.255238086E-2,2.865405083E-1,1.017607689E1,1.018044504E1
7.861508367E0,-7.776673883E-2,2.817548811E-1,1.020957565E1,1.021375878E1
7.863666124E0,-8.195417374E-2,2.817548811E-1,1.026640511E1,1.027059765E1
7.865827765E0,-9.631111473E-2,2.961117923E-1,1.023350430E1,1.023824048E1
7.867977963E0,-9.212367237E-2,2.578266263E-1,1.014257717E1,1.014627188E1
7.870124976E0,-1.112662554E-1,2.673979402E-1,1.017129040E1,1.017541302E1
7.872296771E0,-7.238288224E-2,2.817548811E-1,1.026640511E1,1.027052574E1
7.874454455E0,-7.238288224E-2,2.769692242E-1,1.023290634E1,1.023690986E1
7.876614306E0,-8.733802289E-2,2.817548811E-1,1.016650486E1,1.017078339E1
7.878766141E0,-7.298108935E-2,2.530409992E-1,1.019521904E1,1.019861987E1
7.880921425E0,-6.819544733E-2,2.578266263E-1,1.021436119E1,1.021784222E1
7.883080016E0,-9.690931439E-2,2.673979402E-1,1.019043350E1,1.019440180E1
7.885228891E0,-9.212367237E-2,2.817548811E-1,1.020479012E1,1.020909467E1
7.887398456E0,-8.195417374E-2,2.721835673E-1,1.022871876E1,1.023266768E1
7.889555866E0,-9.212367237E-2,2.673979402E-1,1.017607689E1,1.018000635E1
7.891716277E0,-1.016949639E-1,2.434697002E-1,1.019043350E1,1.019384885E1
7.893871134E0,-8.673982322E-2,2.673979402E-1,1.027597713E1,1.027982157E1
7.896027364E0,-6.759724021E-2,2.632105052E-1,1.026640511E1,1.027000112E1
7.898186208E0,-1.016949639E-1,2.626122832E-1,1.016171932E1,1.016562082E1
7.900339346E0,-9.212367237E-2,2.584248483E-1,1.016171932E1,1.016542226E1
7.902487193E0,-7.716853172E-2,2.727817893E-1,1.023290634E1,1.023683238E1
7.904640494E0,-8.673982322E-2,2.775674164E-1,1.026161957E1,1.026573931E1
7.906802756E0,-9.212367237E-2,2.769692242E-1,1.020479012E1,1.020896371E1
7.908975242E0,-9.212367237E-2,2.632105052E-1,1.020479012E1,1.020859970E1
7.911130078E0,-9.690931439E-2,2.727817893E-1,1.020479012E1,1.020889527E1
7.913273715E0,-8.673982322E-2,2.632105052E-1,1.021914768E1,1.022290482E1
7.915431083E0,-9.152546525E-2,2.632105052E-1,1.022393322E1,1.022773030E1
7.917599378E0,-6.759724021E-2,2.727817893E-1,1.022812080E1,1.023198097E1
7.919763217E0,-7.238288224E-2,2.584248483E-1,1.023290634E1,1.023642491E1
7.921919671E0,-8.195417374E-2,2.679961324E-1,1.025683403E1,1.026066191E1
7.924072361E0,-6.759724021E-2,2.536391914E-1,1.022333431E1,1.022670361E1
7.926216058E0,-8.733802289E-2,2.344966233E-1,1.017129040E1,1.017436804E1
7.928373295E0,-8.195417374E-2,2.727817893E-1,1.021436119E1,1.021833161E1
7.930533187E0,-5.802594870E-2,2.632105052E-1,1.027597713E1,1.027951131E1
7.932707789E0,-6.759724021E-2,2.440679073E-1,1.025204849E1,1.025517610E1
7.934861598E0,-8.195417374E-2,2.584248483E-1,1.022393322E1,1.022752709E1
7.937011764E0,-7.716853172E-2,2.584248483E-1,1.023769188E1,1.024124374E1
7.939176438E0,-7.238288224E-2,2.632105052E-1,1.025683403E1,1.026046604E1
7.941339605E0,-7.238288224E-2,2.584248483E-1,1.022812080E1,1.023164102E1
7.943512569E0,-7.776673883E-2,2.440679073E-1,1.020479012E1,1.020800461E1
7.945633022E0,-8.195417374E-2,2.632105052E-1,1.024726295E1,1.025097041E1
7.947789506E0,-5.802594870E-2,2.632105052E-1,1.026640511E1,1.026994258E1
7.949945767E0,-6.759724021E-2,2.536391914E-1,1.026161957E1,1.026497630E1
7.952121070E0,-5.324030295E-2,2.775674164E-1,1.026640511E1,1.027029464E1
7.954270648E0,-5.862415582E-2,2.440679073E-1,1.020479012E1,1.020787673E1
7.956438128E0,-7.298108935E-2,2.536391914E-1,1.014257717E1,1.014601058E1
7.958592018E0,-5.802594870E-2,2.632105052E-1,1.023290634E1,1.023645539E1
7.960755399E0,-4.307080805E-2,2.775674164E-1,1.034237766E1,1.034619130E1
7.962916166E0,-7.716853172E-2,2.632105052E-1,1.025204849E1,1.025571709E1
7.965088428E0,-9.212367237E-2,2.434697002E-1,1.016650486E1,1.016983704E1
7.967223021E0,-8.733802289E-2,2.440679073E-1,1.022393322E1,1.022721896E1
7.969374887E0,-6.759724021E-2,2.632105052E-1,1.029990482E1,1.030348914E1
7.971533243E0,-6.759724021E-2,2.488535494E-1,1.026640511E1,1.026964319E1
7.973694548E0,-7.776673883E-2,2.297109663E-1,1.016171932E1,1.016461285E1
7.975854603E0,-9.690931439E-2,2.482553422E-1,1.018564796E1,1.018913375E1
7.978007538E0,-7.238288224E-2,2.488535494E-1,1.028554821E1,1.028881283E1
7.980151581E0,-7.716853172E-2,2.440679073E-1,1.031904793E1,1.032222235E1
7.982311178E0,-6.819544733E-2,2.530409992E-1,1.019521904E1,1.019858675E1
7.984479585E0,-9.690931439E-2,2.530409992E-1,1.011924744E1,1.012287458E1
7.986630026E0,-7.716853172E-2,2.673979402E-1,1.025204849E1,1.025582541E1
7.988801311E0,-3.349951655E-2,2.775674164E-1,1.039501953E1,1.039877863E1
7.990947175E0,-3.888336942E-2,2.392822653E-1,1.022812080E1,1.023099326E1
7.993087709E0,-8.315058798E-2,2.291127741E-1,1.004746246E1,1.005041833E1
7.995270826E0,-5.324030295E-2,2.584248483E-1,1.022812080E1,1.023152350E1
7.997427615E0,-4.785645381E-2,2.679961324E-1,1.038066292E1,1.038423203E1
7.999591260E0,-4.845465720E-2,2.392822653E-1,1.022812080E1,1.023103411E1
8.001742098E0,-8.315058798E-2,2.626122832E-1,1.007139015E1,1.007515652E1
8.003891096E0,-6.340979785E-2,2.626122832E-1,1.020479012E1,1.020836556E1
8.006024204E0,-6.759724021E-2,2.823530734E-1,1.031426239E1,1.031834780E1
8.008200708E0,-4.845465720E-2,2.727817893E-1,1.027597713E1,1.027971127E1
8.010372654E0,-5.862415582E-2,2.482553422E-1,1.016171932E1,1.016492042E1
8.012533726E0,-7.776673883E-2,2.721835673E-1,1.014736271E1,1.015131033E1
8.014669703E0,-7.238288224E-2,2.865405083E-1,1.021436119E1,1.021863588E1
8.016814346E0,-6.759724021E-2,2.961117923E-1,1.029033375E1,1.029481521E1
8.018975296E0,-5.802594870E-2,2.626122832E-1,1.021854877E1,1.022208742E1
8.021145747E0,-5.862415582E-2,2.530409992E-1,1.014257717E1,1.014590253E1
8.023302475E0,-6.281159073E-2,2.769692242E-1,1.024726295E1,1.025119775E1
8.025447200E0,-2.871387079E-2,2.823530734E-1,1.033759212E1,1.034148726E1
8.027618862E0,-4.426721856E-2,2.673979402E-1,1.020419216E1,1.020779109E1
8.029776190E0,-7.836493850E-2,2.530409992E-1,1.006660461E1,1.007008934E1
8.031937446E0,-6.819544733E-2,2.817548811E-1,1.019043350E1,1.019455597E1
8.034086586E0,-3.409772366E-2,2.865405083E-1,1.026161957E1,1.026567603E1
8.036234484E0,-8.255238086E-2,2.769692242E-1,1.013300610E1,1.013712678E1
8.038404833E0,-8.733802289E-2,2.673979402E-1,1.015693378E1,1.016082839E1
8.040563291E0,-6.759724021E-2,3.104687333E-1,1.032383347E1,1.032872198E1
8.042723163E0,-6.281159073E-2,3.008974493E-1,1.029033375E1,1.029492366E1
8.044877480E0,-7.776673883E-2,2.913261652E-1,1.011386299E1,1.011835674E1
8.047031767E0,-8.315058798E-2,2.913261652E-1,1.006660461E1,1.007116247E1
8.049193103E0,-7.776673883E-2,3.200400174E-1,1.018564796E1,1.019097138E1
8.051349567E0,-7.716853172E-2,2.961117923E-1,1.024247742E1,1.024704742E1
8.053508747E0,-7.716853172E-2,2.961117923E-1,1.022333431E1,1.022791287E1
8.055664337E0,-7.776673883E-2,2.913261652E-1,1.020479012E1,1.020924385E1
8.057822733E0,-7.298108935E-2,2.626122832E-1,1.015693378E1,1.016059031E1
8.059979279E0,-8.733802289E-2,3.152543902E-1,1.020000458E1,1.020524898E1
8.062137899E0,-5.802594870E-2,3.008974493E-1,1.030947590E1,1.031402926E1
8.064295055E0,-4.905286431E-2,2.626122832E-1,1.019043350E1,1.019393478E1
8.066452597E0,-1.166501045E-1,2.626122832E-1,1.004267693E1,1.004678716E1
8.068606466E0,-1.064806059E-1,2.913261652E-1,1.018564796E1,1.019036965E1
8.070757163E0,-5.802594870E-2,2.632105052E-1,1.028554821E1,1.028907910E1
8.072924033E0,-1.112662554E-1,2.817548811E-1,1.017129040E1,1.017580043E1
8.075082298E0,-1.160518974E-1,2.865405083E-1,1.014257717E1,1.014728758E1
8.077241274E0,-8.195417374E-2,3.008974493E-1,1.023769188E1,1.024244067E1
8.079394880E0,-9.152546525E-2,3.104687333E-1,1.021914768E1,1.022427245E1
8.081544528E0,-9.690931439E-2,2.961117923E-1,1.009950638E1,1.010431109E1
8.083711989E0,-9.212367237E-2,3.008974493E-1,1.015214825E1,1.015702417E1
8.085868391E0,-7.716853172E-2,3.200400174E-1,1.020897770E1,1.021428442E1
8.088029230E0,-6.819544733E-2,2.769692242E-1,1.014736271E1,1.015137097E1
8.090180872E0,-1.160518974E-1,2.865405083E-1,1.010010433E1,1.010483454E1
8.092331781E0,-9.631111473E-2,3.056831062E-1,1.029511929E1,1.030010675E1
8.094498214E0,-6.281159073E-2,2.961117923E-1,1.029033375E1,1.029478490E1
8.096657028E0,-9.212367237E-2,2.721835673E-1,1.012343407E1,1.012751144E1
8.098816544E0,-7.776673883E-2,2.769692242E-1,1.008993530E1,1.009403557E1
8.100970566E0,-5.862415582E-2,2.913261652E-1,1.018564796E1,1.018998195E1
8.103124100E0,-7.776673883E-2,2.865405083E-1,1.019521904E1,1.019954138E1
8.105287196E0,-8.255238086E-2,2.865405083E-1,1.019043350E1,1.019479550E1
8.107442867E0,-7.298108935E-2,2.961117923E-1,1.019521904E1,1.019977939E1
8.109602261E0,-9.212367237E-2,2.865405083E-1,1.016171932E1,1.016617587E1
8.111756853E0,-9.631111473E-2,3.056831062E-1,1.022871876E1,1.023373858E1
8.113913683E0,-8.673982322E-2,3.056831062E-1,1.023769188E1,1.024262178E1
8.116073839E0,-7.776673883E-2,2.865405083E-1,1.011864853E1,1.012300357E1
8.118234443E0,-8.793623000E-2,2.817548811E-1,1.002831936E1,1.003266205E1
8.120404711E0,-8.255238086E-2,3.104687333E-1,1.019043350E1,1.019549610E1
8.122565804E0,-3.888336942E-2,3.008974493E-1,1.026161957E1,1.026610381E1
8.124731108E0,-9.212367237E-2,2.817548811E-1,1.010010433E1,1.010445348E1
8.126862629E0,-1.208375469E-1,2.865405083E-1,1.017607689E1,1.018082747E1
8.129030231E0,-5.742774159E-2,3.008974493E-1,1.035194874E1,1.035648009E1
8.131185362E0,-8.255238086E-2,2.913261652E-1,1.016171932E1,1.016622966E1
8.133351826E0,-1.357926875E-1,2.673979402E-1,1.000498962E1,1.000948344E1
8.135506398E0,-6.819544733E-2,2.865405083E-1,1.015214825E1,1.015642014E1
8.137631236E0,-5.324030295E-2,2.913261652E-1,1.024247742E1,1.024675798E1
8.139818197E0,-7.776673883E-2,2.434697002E-1,1.011864853E1,1.012187597E1
8.141972575E0,-8.733802289E-2,2.769692242E-1,1.017129040E1,1.017543553E1
8.144140717E0,-4.785645381E-2,3.152543902E-1,1.036630630E1,1.037120928E1
8.146285330E0,-7.238288224E-2,3.056831062E-1,1.026161957E1,1.026642672E1
8.148429617E0,-9.690931439E-2,3.056831062E-1,1.013300610E1,1.013807902E1
8.150606039E0,-6.340979785E-2,3.008974493E-1,1.017607689E1,1.018072202E1
8.152759858E0,-7.776673883E-2,2.769692242E-1,1.018564796E1,1.018970971E1
8.154910981E0,-9.690931439E-2,2.817548811E-1,1.013779163E1,1.014216922E1
8.157074383E0,-7.298108935E-2,2.673979402E-1,1.017607689E1,1.017985112E1
8.159221264E0,-7.716853172E-2,2.721835673E-1,1.024247742E1,1.024638388E1
8.161396649E0,-1.010967568E-1,2.769692242E-1,1.026221848E1,1.026645316E1
8.163549259E0,-9.152546525E-2,2.578266263E-1,1.023350430E1,1.023716082E1
8.165711652E0,-9.212367237E-2,2.578266263E-1,1.016171932E1,1.016540707E1
8.167861830E0,-1.166501045E-1,2.482553422E-1,1.008096218E1,1.008469318E1
8.170007033E0,-1.250249892E-1,2.865405083E-1,1.023350430E1,1.023827851E1
8.172179722E0,-8.673982322E-2,2.865405083E-1,1.031904793E1,1.032338992E1
8.174338302E0,-8.255238086E-2,2.673979402E-1,1.017607689E1,1.017992423E1
8.176498132E0,-9.690931439E-2,2.626122832E-1,1.016171932E1,1.016557407E1
8.178652196E0,-4.785645381E-2,3.200400174E-1,1.042373371E1,1.042875545E1
8.180808528E0,-2.392822690E-2,2.919243574E-1,1.038544846E1,1.038957805E1
8.182968084E0,-6.819544733E-2,2.769692242E-1,1.009950638E1,1.010353362E1
8.185124955E0,-4.426721856E-2,2.673979402E-1,1.008514881E1,1.008879020E1
8.187282395E0,-1.974078640E-2,2.865405083E-1,1.026161957E1,1.026563838E1
8.189438524E0,-3.888336942E-2,2.865405083E-1,1.023290634E1,1.023699124E1
8.191592271E0,-5.383851007E-2,2.721835673E-1,1.016650486E1,1.017029024E1
8.193735694E0,-4.845465720E-2,3.056831062E-1,1.024726295E1,1.025193582E1
8.195890347E0,-4.845465720E-2,2.961117923E-1,1.029990482E1,1.030427433E1
8.198056271E0,-7.716853172E-2,2.913261652E-1,1.024247742E1,1.024691024E1
8.200230660E0,-7.716853172E-2,2.721835673E-1,1.022393322E1,1.022784676E1
8.202385740E0,-9.690931439E-2,2.626122832E-1,1.016171932E1,1.016557407E1
8.204532051E0,-1.064806059E-1,2.578266263E-1,1.012881851E1,1.013265894E1
8.206698392E0,-1.112662554E-1,2.626122832E-1,1.021436119E1,1.021834233E1
8.208856220E0,-7.238288224E-2,2.440679073E-1,1.032861900E1,1.033175585E1
8.211016275E0,-8.135596663E-2,2.727817893E-1,1.037168980E1,1.037559530E1
8.213171111E0,-8.673982322E-2,2.817548811E-1,1.031426239E1,1.031847461E1
8.215326822E0,-5.862415582E-2,2.530409992E-1,1.020000458E1,1.020331122E1
8.217480702E0,-9.212367237E-2,2.769692242E-1,1.014736271E1,1.015155991E1
8.219617350E0,-5.802594870E-2,2.673979402E-1,1.025204849E1,1.025569924E1
8.221785024E0,-5.324030295E-2,2.632105052E-1,1.034297562E1,1.034646118E1
8.223941040E0,-5.324030295E-2,2.626122832E-1,1.025683403E1,1.026033353E1
8.226101949E0,-6.759724021E-2,2.673979402E-1,1.025683403E1,1.026054167E1
8.228249532E0,-7.178468257E-2,2.679961324E-1,1.035733318E1,1.036104848E1
8.230417908E0,-6.281159073E-2,2.769692242E-1,1.031904793E1,1.032295536E1
8.232574566E0,-9.212367237E-2,2.434697002E-1,1.018564796E1,1.018897388E1
8.234733125E0,-8.195417374E-2,2.721835673E-1,1.027119160E1,1.027512419E1
8.236880434E0,-6.759724021E-2,2.679961324E-1,1.033340454E1,1.033710021E1
8.239047559E0,-1.010967568E-1,2.626122832E-1,1.025264645E1,1.025650744E1
8.241204287E0,-1.064806059E-1,2.488535494E-1,1.020000458E1,1.020359542E1
8.243363131E0,-9.631111473E-2,2.727817893E-1,1.032861900E1,1.033266937E1
8.245506493E0,-6.759724021E-2,2.632105052E-1,1.034297562E1,1.034654502E1
8.247668206E0,-6.759724021E-2,2.584248483E-1,1.023290634E1,1.023639219E1
8.249833856E0,-8.195417374E-2,2.488535494E-1,1.021914768E1,1.022250576E1
8.251995019E0,-6.759724021E-2,2.536391914E-1,1.030469036E1,1.030803306E1
8.254152002E0,-5.802594870E-2,2.488535494E-1,1.030469036E1,1.030785810E1
8.256304396E0,-6.759724021E-2,2.488535494E-1,1.022812080E1,1.023137101E1
8.258453140E0,-6.759724021E-2,2.488535494E-1,1.025204849E1,1.025529111E1
8.260621933E0,-5.802594870E-2,2.632105052E-1,1.031426239E1,1.031778346E1
8.262778387E0,-4.845465720E-2,2.632105052E-1,1.029511929E1,1.029859742E1
8.264939367E0,-6.759724021E-2,2.584248483E-1,1.028554821E1,1.028901622E1
8.267093471E0,-5.802594870E-2,2.727817893E-1,1.028076267E1,1.028454462E1
8.269253220E0,-5.802594870E-2,2.679961324E-1,1.022333431E1,1.022701097E1
8.271409298E0,-7.776673883E-2,2.344966233E-1,1.016650486E1,1.016950625E1
8.273566514E0,-8.195417374E-2,2.632105052E-1,1.022393322E1,1.022764913E1
8.275722755E0,-5.324030295E-2,2.679961324E-1,1.029990482E1,1.030352832E1
8.277879035E0,-6.281159073E-2,2.632105052E-1,1.027119160E1,1.027475556E1
8.280029528E0,-5.802594870E-2,2.584248483E-1,1.026640511E1,1.026982104E1
8.282196480E0,-7.238288224E-2,2.536391914E-1,1.026161957E1,1.026500893E1
8.284352750E0,-7.298108935E-2,2.440679073E-1,1.015693378E1,1.016012792E1
8.286513853E0,-8.733802289E-2,2.392822653E-1,1.014736271E1,1.015055929E1
8.288669808E0,-8.195417374E-2,2.632105052E-1,1.031426239E1,1.031794577E1
8.290826119E0,-5.742774159E-2,2.488535494E-1,1.034776115E1,1.035091237E1
8.292982603E0,-9.212367237E-2,2.344966233E-1,1.017607689E1,1.017919527E1
8.295140451E0,-1.064806059E-1,2.584248483E-1,1.018086243E1,1.018469839E1
8.297297393E0,-7.238288224E-2,2.584248483E-1,1.025204849E1,1.025556049E1
8.299455759E0,-8.733802289E-2,2.626122832E-1,1.016171932E1,1.016548733E1
8.301609700E0,-8.733802289E-2,2.488535494E-1,1.014257717E1,1.014600550E1
8.303760711E0,-6.759724021E-2,2.679961324E-1,1.028554821E1,1.028926107E1
8.305928162E0,-6.281159073E-2,2.536391914E-1,1.031426239E1,1.031757175E1
8.308085582E0,-9.690931439E-2,2.584248483E-1,1.018086243E1,1.018460282E1
8.310244844E0,-9.212367237E-2,2.578266263E-1,1.010010433E1,1.010381457E1
8.312404237E0,-8.255238086E-2,2.721835673E-1,1.015693378E1,1.016091545E1
8.314569042E0,-8.255238086E-2,2.530409992E-1,1.019521904E1,1.019869285E1
8.316715435E0,-9.690931439E-2,2.482553422E-1,1.021914768E1,1.022262205E1
8.318874900E0,-8.673982322E-2,2.769692242E-1,1.026640511E1,1.027050678E1
8.321043052E0,-6.759724021E-2,2.673979402E-1,1.027597713E1,1.027967787E1
8.323197593E0,-1.016949639E-1,2.386840582E-1,1.019043350E1,1.019373567E1
8.325347221E0,-1.016949639E-1,2.434697002E-1,1.011446095E1,1.011790194E1
8.327500878E0,-9.690931439E-2,2.434697002E-1,1.014317513E1,1.014655954E1
8.329669071E0,-8.733802289E-2,2.578266263E-1,1.019043350E1,1.019406874E1
8.331832370E0,-8.733802289E-2,2.482553422E-1,1.017607689E1,1.017947933E1
8.333991042E0,-1.016949639E-1,2.386840582E-1,1.018564796E1,1.018895168E1
8.336145562E0,-1.016949639E-1,2.434697002E-1,1.019521904E1,1.019863278E1
8.338303491E0,-7.776673883E-2,2.482553422E-1,1.016650486E1,1.016983281E1
8.340460545E0,-1.064806059E-1,2.530409992E-1,1.015214825E1,1.015585949E1
8.342617722E0,-9.212367237E-2,2.817548811E-1,1.015693378E1,1.016125861E1
8.344767970E0,-7.776673883E-2,2.721835673E-1,1.018564796E1,1.018958076E1
8.346900651E0,-8.255238086E-2,2.673979402E-1,1.016171932E1,1.016557210E1
8.349060502E0,-8.673982322E-2,2.578266263E-1,1.023350430E1,1.023711915E1
8.351245153E0,-6.340979785E-2,2.769692242E-1,1.020957565E1,1.021352866E1
8.353401200E0,-7.776673883E-2,2.673979402E-1,1.011864853E1,1.012247980E1
8.355569739E0,-7.776673883E-2,2.530409992E-1,1.011386299E1,1.011732682E1
8.357712979E0,-7.298108935E-2,2.721835673E-1,1.021436119E1,1.021824763E1
8.359852130E0,-7.298108935E-2,2.769692242E-1,1.018564796E1,1.018967432E1
8.362037056E0,-1.166501045E-1,2.530409992E-1,1.002353382E1,1.002740581E1
8.364202756E0,-1.208375469E-1,2.865405083E-1,1.013360405E1,1.013837453E1
8.366355904E0,-7.238288224E-2,3.008974493E-1,1.032861900E1,1.033325452E1
8.368512602E0,-6.819544733E-2,2.626122832E-1,1.016650486E1,1.017012472E1
8.370683704E0,-1.357926875E-1,2.673979402E-1,9.995418549E0,9.999916663E0
8.372819253E0,-9.690931439E-2,2.865405083E-1,1.013779163E1,1.014230329E1
8.374966653E0,-7.238288224E-2,2.913261652E-1,1.023290634E1,1.023730836E1
8.377126728E0,-8.793623000E-2,2.817548811E-1,1.006660461E1,1.007093079E1
8.379275949E0,-9.690931439E-2,2.769692242E-1,1.012821960E1,1.013246938E1
8.381452727E0,-6.759724021E-2,3.296113312E-1,1.030947590E1,1.031496516E1
8.383595052E0,-8.255238086E-2,2.913261652E-1,1.019521904E1,1.019971456E1
8.385770854E0,-1.214357466E-1,2.865405083E-1,1.004746246E1,1.005228104E1
8.387922475E0,-1.064806059E-1,2.913261652E-1,1.015214825E1,1.015688550E1
8.390081686E0,-7.776673883E-2,2.961117923E-1,1.021436119E1,1.021894830E1
8.392226655E0,-9.212367237E-2,2.578266263E-1,1.012821960E1,1.013191955E1
8.394396394E0,-1.208375469E-1,2.721835673E-1,1.017607689E1,1.018043351E1
8.396552716E0,-7.716853172E-2,2.865405083E-1,1.029511929E1,1.029939520E1
8.398713940E0,-1.112662554E-1,2.673979402E-1,1.017607689E1,1.018019758E1
8.400862063E0,-1.166501045E-1,2.865405083E-1,1.007617569E1,1.008092403E1
8.402996879E0,-9.212367237E-2,2.961117923E-1,1.016650486E1,1.017123346E1
8.405152305E0,-7.298108935E-2,3.104687333E-1,1.020957565E1,1.021455589E1
8.407341382E0,-9.212367237E-2,2.817548811E-1,1.016171932E1,1.016604211E1
8.409504113E0,-1.058823988E-1,3.296113312E-1,1.029033375E1,1.029615576E1
8.411659966E0,-6.281159073E-2,3.200400174E-1,1.029990482E1,1.030506721E1
8.413799676E0,-1.070788130E-1,2.961117923E-1,1.002831936E1,1.003326154E1
8.415970758E0,-1.070788130E-1,3.008974493E-1,1.006181908E1,1.006688672E1
8.418127049E0,-5.324030295E-2,3.152543902E-1,1.031904793E1,1.032399971E1
8.420288620E0,-5.802594870E-2,2.913261652E-1,1.022333431E1,1.022764892E1
8.422439163E0,-9.750752151E-2,2.626122832E-1,1.008096218E1,1.008485356E1
8.424586705E0,-7.238288224E-2,3.056831062E-1,1.031904793E1,1.032382834E1
8.426749628E0,-4.785645381E-2,2.823530734E-1,1.036630630E1,1.037026132E1
8.428934647E0,-1.070788130E-1,2.626122832E-1,1.002353382E1,1.002754513E1
8.431074388E0,-1.262213886E-1,2.626122832E-1,1.001456070E1,1.001879848E1
8.433232947E0,-6.281159073E-2,2.961117923E-1,1.030469036E1,1.030913531E1
8.435379014E0,-6.340979785E-2,2.626122832E-1,1.020000458E1,1.020358169E1
8.437534694E0,-1.256231815E-1,2.673979402E-1,1.012403297E1,1.012834273E1
8.439701850E0,-7.657032460E-2,3.104687333E-1,1.037587738E1,1.038080369E1
8.441860013E0,-6.281159073E-2,2.769692242E-1,1.032861900E1,1.033252282E1
8.444019946E0,-1.459621787E-1,2.769692242E-1,9.928419113E0,9.933354066E0
8.446171241E0,-1.166501045E-1,2.961117923E-1,1.001874828E1,1.002380200E1
8.448312853E0,-3.349951655E-2,3.343969584E-1,1.039023399E1,1.039566765E1
8.450466550E0,-5.324030295E-2,2.961117923E-1,1.029511929E1,1.029951445E1
8.452630339E0,-1.010967568E-1,3.104687333E-1,1.022393322E1,1.022914571E1
8.454795215E0,-4.307080805E-2,3.439682424E-1,1.041416264E1,1.041993055E1
8.456958169E0,-3.888336942E-2,2.961117923E-1,1.022812080E1,1.023248011E1
8.459092172E0,-1.459621787E-1,2.817548811E-1,9.899705887E0,9.904790125E0
8.461280324E0,-9.212367237E-2,3.056831062E-1,1.017607689E1,1.018108392E1
8.463431050E0,-1.435693540E-2,2.871387303E-1,1.045663452E1,1.046058604E1
8.465585754E0,-8.255238086E-2,2.392822653E-1,1.022393322E1,1.022706612E1
8.467748423E0,-1.106680483E-1,2.913261652E-1,1.028076267E1,1.028548489E1
8.469901958E0,-3.349951655E-2,2.679961324E-1,1.044766140E1,1.045115175E1
8.472067149E0,-8.733802289E-2,2.721835673E-1,1.011386299E1,1.011790178E1
8.474220266E0,-1.411765367E-1,2.434697002E-1,9.971489906E0,9.975460855E0
8.476379609E0,-4.845465720E-2,2.961117923E-1,1.032383347E1,1.032819285E1
8.478532839E0,-2.871387079E-2,2.871387303E-1,1.043330479E1,1.043729476E1
8.480680982E0,-1.064806059E-1,2.673979402E-1,1.019043350E1,1.019449728E1
8.482850629E0,-7.238288224E-2,3.056831062E-1,1.029511929E1,1.029991080E1
8.485005200E0,-4.307080805E-2,3.104687333E-1,1.036151981E1,1.036625963E1
8.487151787E0,-1.064806059E-1,2.865405083E-1,1.009531879E1,1.009994580E1
8.489301435E0,-1.064806059E-1,3.056831062E-1,1.010488987E1,1.011007317E1
8.491451185E0,-2.392822690E-2,3.152543902E-1,1.038544846E1,1.039025974E1
8.493613560E0,-3.828516230E-2,2.961117923E-1,1.033759212E1,1.034190306E1
8.495771528E0,-9.152546525E-2,3.200400174E-1,1.028554821E1,1.029093312E1
8.497930851E0,-3.828516230E-2,3.152543902E-1,1.038544846E1,1.039030272E1
8.500086878E0,-6.759724021E-2,2.673979402E-1,1.021914768E1,1.022286899E1
8.502245580E0,-1.166501045E-1,2.578266263E-1,1.002831936E1,1.003231135E1
8.504401707E0,-7.716853172E-2,2.865405083E-1,1.027597713E1,1.028026101E1
8.506560308E0,-4.307080805E-2,2.727817893E-1,1.041894817E1,1.042260745E1
8.508717117E0,-8.733802289E-2,2.578266263E-1,1.022393322E1,1.022755655E1
8.510875159E0,-8.673982322E-2,2.769692242E-1,1.026161957E1,1.026572316E1
8.513032995E0,-4.307080805E-2,2.727817893E-1,1.038066292E1,1.038433568E1
8.515192257E0,-8.255238086E-2,2.434697002E-1,1.016171932E1,1.016497083E1
8.517347041E0,-1.310070455E-1,2.386840582E-1,1.003370380E1,1.003739732E1
8.519505835E0,-6.281159073E-2,2.721835673E-1,1.026161957E1,1.026542086E1
8.521660946E0,-5.324030295E-2,2.679961324E-1,1.034297562E1,1.034658403E1
8.523818509E0,-9.152546525E-2,2.632105052E-1,1.035254669E1,1.035629662E1
8.525969419E0,-6.221338734E-2,2.967100143E-1,1.039023399E1,1.039465583E1
8.528135302E0,-9.212367237E-2,2.721835673E-1,1.017607689E1,1.018013318E1
8.530292040E0,-1.459621787E-1,2.673979402E-1,9.966704369E0,9.971359114E0
8.532451149E0,-8.673982322E-2,3.152543902E-1,1.026161957E1,1.026682742E1
8.534606800E0,-2.392822690E-2,2.871387303E-1,1.044287586E1,1.044685012E1
8.536765858E0,-9.152546525E-2,2.530409992E-1,1.024307537E1,1.024660918E1
8.538920582E0,-1.010967568E-1,2.961117923E-1,1.029033375E1,1.029508967E1
8.541079568E0,-5.324030295E-2,2.679961324E-1,1.029990482E1,1.030352832E1
8.543234526E0,-1.310070455E-1,2.338984162E-1,1.002413273E1,1.002771700E1
8.545391265E0,-1.166501045E-1,2.673979402E-1,1.003789139E1,1.004212987E1
8.547551514E0,-1.914258115E-2,2.488535494E-1,1.035194874E1,1.035495713E1
8.549709066E0,-4.785645381E-2,2.632105052E-1,1.036151981E1,1.036497288E1
8.551866944E0,-8.673982322E-2,2.536391914E-1,1.025264645E1,1.025615014E1
8.554023998E0,-5.324030295E-2,2.632105052E-1,1.029033375E1,1.029383713E1
8.556180288E0,-5.862415582E-2,2.386840582E-1,1.015214825E1,1.015512289E1
8.558338339E0,-9.272187948E-2,2.051845491E-1,9.995418549E0,9.997954291E0
8.560495871E0,-6.340979785E-2,2.530409992E-1,1.020479012E1,1.020812382E1
8.562654492E0,-1.435693540E-2,2.392822653E-1,1.038544846E1,1.038821456E1
8.564811160E0,-4.845465720E-2,2.488535494E-1,1.032383347E1,1.032694598E1
8.566968071E0,-3.888336942E-2,2.679961324E-1,1.028076267E1,1.028432861E1
8.569124006E0,-4.366901144E-2,2.721835673E-1,1.022812080E1,1.023183493E1
8.571283013E0,-6.400800496E-2,2.434697002E-1,9.999606133E0,1.000277448E1
8.573441511E0,-5.922235921E-2,2.817548811E-1,1.006122112E1,1.006533972E1
8.575607965E0,-1.016949583E-2,2.775674164E-1,1.028554821E1,1.028929779E1
8.577756667E0,-1.914258115E-2,3.008974493E-1,1.037109184E1,1.037547357E1
8.579925612E0,-6.699903309E-2,2.961117923E-1,1.035733318E1,1.036178178E1
8.582080153E0,-5.324030295E-2,3.008974493E-1,1.030469036E1,1.030922001E1
8.584239923E0,-7.836493850E-2,2.626122832E-1,1.000917721E1,1.001292838E1
8.586394261E0,-1.220339537E-1,2.673979402E-1,9.894919395E0,9.899284004E0
8.588553299E0,-5.862415582E-2,2.584248483E-1,1.016650486E1,1.016995778E1
8.590709000E0,-9.571290575E-3,2.632105052E-1,1.041416264E1,1.041749273E1
8.592867396E0,-5.264209956E-2,2.392822653E-1,1.039501953E1,1.039790644E1
8.595023484E0,-5.802594870E-2,2.488535494E-1,1.032861900E1,1.033177940E1
8.597182430E0,-7.298108935E-2,2.344966233E-1,1.014257717E1,1.014555009E1
8.599339698E0,-1.070788130E-1,2.482553422E-1,9.976275444E0,9.979938293E0
8.601494564E0,-4.965107143E-2,2.434697002E-1,1.003789139E1,1.004096640E1
8.603643643E0,-2.452643216E-2,2.584248483E-1,1.022812080E1,1.023141438E1
8.605811662E0,-4.785645287E-3,2.823530734E-1,1.043270683E1,1.043652806E1
8.607968391E0,5.982056609E-4,2.823530734E-1,1.048534870E1,1.048914968E1
8.610129270E0,-3.948157281E-2,2.536391914E-1,1.019462109E1,1.019785226E1
8.612285469E0,-1.172483116E-1,2.530409992E-1,9.928419113E0,9.932335224E0
8.614450712E0,-5.922235921E-2,2.673979402E-1,1.007079220E1,1.007451559E1
8.616599384E0,-2.931207791E-2,2.632105052E-1,1.029990482E1,1.030330910E1
8.618756581E0,-7.238288224E-2,2.727817893E-1,1.033819008E1,1.034204154E1
8.620910786E0,-7.657032460E-2,2.727817893E-1,1.038066292E1,1.038452866E1
8.623068562E0,-7.716853172E-2,2.871387303E-1,1.032383347E1,1.032811411E1
8.625217702E0,-1.310070455E-1,2.530409992E-1,1.004746246E1,1.005150210E1
8.627386362E0,-1.411765367E-1,2.338984162E-1,9.909276962E0,9.913042379E0
8.629542745E0,-9.690931439E-2,2.721835673E-1,1.020479012E1,1.020887930E1
8.631704031E0,-3.349951655E-2,2.967100143E-1,1.045184898E1,1.045611334E1
8.633858664E0,-5.264209956E-2,2.632105052E-1,1.034297562E1,1.034645812E1
8.636016043E0,-8.673982322E-2,2.961117923E-1,1.024726295E1,1.025190734E1
8.638172618E0,-6.340979785E-2,2.673979402E-1,1.012821960E1,1.013194724E1
8.640330558E0,-9.332008660E-2,2.386840582E-1,9.952347755E0,9.955646868E0
8.642487418E0,-7.357929647E-2,2.482553422E-1,1.001396275E1,1.001730974E1
8.644643231E0,-4.785645287E-3,2.727817893E-1,1.036151981E1,1.036511098E1
8.646791984E0,-4.785645287E-3,2.823530734E-1,1.045663452E1,1.046044701E1
8.648960940E0,-4.845465720E-2,2.823530734E-1,1.032802105E1,1.033199351E1
8.651118248E0,-6.819544733E-2,2.721835673E-1,1.018086243E1,1.018472848E1
8.653278140E0,-8.793623000E-2,2.530409992E-1,9.970891953E0,9.974489905E0
8.655432285E0,-1.172483116E-1,2.291127741E-1,9.894919395E0,9.898265993E0
8.657588667E0,-9.212367237E-2,2.482553422E-1,1.017607689E1,1.017952152E1
8.659736749E0,-2.392822690E-2,2.871387303E-1,1.046201897E1,1.046598596E1
8.661905277E0,-4.845465720E-2,2.536391914E-1,1.029511929E1,1.029835724E1
8.664061304E0,-1.405783296E-1,2.721835673E-1,1.009053326E1,1.009518239E1
8.666222925E0,-1.016949639E-1,2.865405083E-1,1.013300610E1,1.013756676E1
8.668377639E0,-7.836493850E-2,2.482553422E-1,1.005703354E1,1.006040235E1
8.670535191E0,-1.268195957E-1,2.673979402E-1,9.957133293E0,9.961530419E0
8.672694637E0,-7.238288224E-2,3.104687333E-1,1.031426239E1,1.031918789E1
8.674865789E0,-1.854437590E-2,2.871387303E-1,1.053320503E1,1.053713437E1
8.677022742E0,-1.064806059E-1,2.865405083E-1,1.021436119E1,1.021893429E1
8.679181454E0,-1.166501045E-1,2.578266263E-1,9.981060982E0,9.985071864E0
8.681334916E0,-7.298108935E-2,2.530409992E-1,1.010010433E1,1.010353718E1
8.683495480E0,-5.802594870E-2,2.769692242E-1,1.025204849E1,1.025595326E1
8.685659980E0,-4.845465720E-2,2.817548811E-1,1.028076267E1,1.028473698E1
8.687807339E0,-5.324030295E-2,2.721835673E-1,1.032383347E1,1.032755808E1
8.689963896E0,-9.212367237E-2,2.673979402E-1,1.018564796E1,1.018957373E1
8.692119790E0,-1.262213886E-1,2.530409992E-1,1.007617569E1,1.008014276E1
8.694279468E0,-1.112662554E-1,2.721835673E-1,1.013838959E1,1.014265288E1
8.696434660E0,-8.195417374E-2,2.482553422E-1,1.024307537E1,1.024641109E1
8.698580799E0,-7.776673883E-2,2.482553422E-1,1.018086243E1,1.018418569E1
8.700754607E0,-1.016949639E-1,2.626122832E-1,1.021436119E1,1.021824259E1
8.702915170E0,-7.716853172E-2,2.817548811E-1,1.024726295E1,1.025142619E1
8.705053954E0,-9.690931439E-2,2.530409992E-1,1.015214825E1,1.015576364E1
8.707215484E0,-9.212367237E-2,2.913261652E-1,1.013300610E1,1.013761166E1
8.709390462E0,-5.324030295E-2,2.530409992E-1,1.023290634E1,1.023617294E1
8.711514282E0,-7.716853172E-2,2.913261652E-1,1.026161957E1,1.026604413E1
8.713680013E0,-8.673982322E-2,2.769692242E-1,1.023350430E1,1.023761915E1
8.715832845E0,-1.016949639E-1,2.769692242E-1,1.012881851E1,1.013311493E1
8.718001506E0,-1.357926875E-1,2.386840582E-1,9.990633011E0,9.994406320E0
8.720157106E0,-1.310070455E-1,2.626122832E-1,1.007139015E1,1.007566512E1
8.722313579E0,-6.221338734E-2,2.817548811E-1,1.034776115E1,1.035178329E1
8.724470186E0,-7.657032460E-2,2.727817893E-1,1.037587738E1,1.037974491E1
8.726629264E0,-1.160518974E-1,2.865405083E-1,1.010967541E1,1.011440114E1
8.728784823E0,-1.453639716E-1,2.817548811E-1,1.000977516E1,1.001479482E1
8.730943311E0,-1.160518974E-1,3.008974493E-1,1.010010433E1,1.010525184E1
8.733099602E0,-1.016949639E-1,2.865405083E-1,1.020957565E1,1.021410213E1
8.735258975E0,-8.135596663E-2,2.727817893E-1,1.035254669E1,1.035645942E1
8.737417727E0,-4.785645381E-2,2.679961324E-1,1.035673428E1,1.036031163E1
8.739573072E0,-9.690931439E-2,2.488535494E-1,1.015214825E1,1.015566017E1
8.741729496E0,-1.262213886E-1,2.673979402E-1,1.008096218E1,1.008529781E1
8.743887079E0,-7.776673883E-2,2.721835673E-1,1.015693378E1,1.016087769E1
8.746041712E0,-6.819544733E-2,2.440679073E-1,1.009472084E1,1.009790120E1
8.748192683E0,-9.212367237E-2,2.673979402E-1,1.017607689E1,1.018000635E1
8.750359237E0,-4.785645381E-2,2.967100143E-1,1.041894817E1,1.042328202E1
8.752517929E0,-7.238288224E-2,2.823530734E-1,1.032861900E1,1.033273115E1
8.754677679E0,-1.692921966E-1,2.817548811E-1,9.990633011E0,9.996038896E0
8.756829973E0,-1.405783296E-1,2.913261652E-1,1.001396275E1,1.001918575E1
8.758978756E0,-9.152546525E-2,3.056831062E-1,1.028076267E1,1.028571340E1
8.761147335E0,-7.178468257E-2,2.967100143E-1,1.036630630E1,1.037080018E1
8.763304114E0,-1.010967568E-1,3.200400174E-1,1.029990482E1,1.030537168E1
8.765466040E0,-1.256231815E-1,3.104687333E-1,1.018086243E1,1.018636990E1
8.767616951E0,-1.501496136E-1,3.008974493E-1,1.006660461E1,1.007221985E1
8.769770749E0,-1.304088384E-1,2.913261652E-1,1.018564796E1,1.019064776E1
8.771934446E0,-7.716853172E-2,2.871387303E-1,1.030947590E1,1.031376250E1
8.774091978E0,-5.862415582E-2,2.536391914E-1,1.020897770E1,1.021229628E1
8.776250059E0,-9.212367237E-2,2.488535494E-1,1.013300610E1,1.013648003E1
8.778403990E0,-8.195417374E-2,3.056831062E-1,1.024726295E1,1.025214888E1
8.780553099E0,-6.819544733E-2,2.769692242E-1,1.016650486E1,1.017050557E1
8.782721800E0,-1.124626622E-1,2.482553422E-1,9.952347755E0,9.956078767E0
8.784878203E0,-8.255238086E-2,2.673979402E-1,1.010907745E1,1.011295029E1
8.787039397E0,-2.392822690E-2,2.727817893E-1,1.043809032E1,1.044168148E1
8.789190633E0,-7.657032460E-2,3.014956415E-1,1.038066292E1,1.038532259E1
8.791338094E0,-1.208375469E-1,3.008974493E-1,1.014257717E1,1.014775900E1
8.793508281E0,-1.357926875E-1,2.721835673E-1,1.005703354E1,1.006163243E1
8.795667237E0,-1.160518974E-1,2.913261652E-1,1.014736271E1,1.015220710E1
8.797826163E0,-7.716853172E-2,2.817548811E-1,1.027119160E1,1.027534513E1
8.799981162E0,-3.888336942E-2,2.632105052E-1,1.029990482E1,1.030334077E1
8.802136100E0,-9.212367237E-2,2.434697002E-1,1.020479012E1,1.020810979E1
8.804291292E0,-1.304088384E-1,2.626122832E-1,1.017188931E1,1.017611437E1
8.806453574E0,-1.106680483E-1,2.530409992E-1,1.025264645E1,1.025636565E1
8.808610994E0,-8.733802289E-2,2.434697002E-1,1.018564796E1,1.018893173E1
8.810771903E0,-1.112662554E-1,2.482553422E-1,1.015693378E1,1.016057650E1
8.812939669E0,-9.631111473E-2,2.626122832E-1,1.027657509E1,1.028038115E1
8.815090060E0,-8.673982322E-2,2.913261652E-1,1.029033375E1,1.029482216E1
8.817257002E0,-1.064806059E-1,2.961117923E-1,1.016650486E1,1.017137362E1
8.819410425E0,-1.058823988E-1,3.200400174E-1,1.022871876E1,1.023427204E1
8.821571140E0,-6.221338734E-2,3.200400174E-1,1.035673428E1,1.036186474E1
8.823732202E0,-5.264209956E-2,3.152543902E-1,1.034237766E1,1.034731522E1
8.825903467E0,-7.238288224E-2,2.865405083E-1,1.024726295E1,1.025152393E1
8.828028091E0,-5.862415582E-2,2.913261652E-1,1.016650486E1,1.017084700E1
8.830195653E0,-7.776673883E-2,2.673979402E-1,1.009472084E1,1.009856119E1
8.832336370E0,-6.340979785E-2,2.817548811E-1,1.017129040E1,1.017538967E1
8.834516282E0,-3.409772366E-2,2.584248483E-1,1.034237766E1,1.034566198E1
8.836669470E0,-2.452643216E-2,2.632105052E-1,1.030469036E1,1.030808056E1
8.838831915E0,-6.819544733E-2,2.386840582E-1,1.017607689E1,1.017910416E1
8.840983058E0,-1.160518974E-1,2.673979402E-1,1.012403297E1,1.012822854E1
8.843128984E0,-9.690931439E-2,2.673979402E-1,1.020000458E1,1.020396915E1
8.845287238E0,-8.255238086E-2,2.673979402E-1,1.021436119E1,1.021819412E1
8.847462297E0,-8.673982322E-2,2.721835673E-1,1.027119160E1,1.027516348E1
8.849617459E0,-5.802594870E-2,2.721835673E-1,1.028554821E1,1.028931256E1
8.851777188E0,-7.238288224E-2,2.913261652E-1,1.024247742E1,1.024687532E1
8.853932594E0,-9.212367237E-2,2.769692242E-1,1.013300610E1,1.013720924E1
8.856087522E0,-9.212367237E-2,3.104687333E-1,1.012343407E1,1.012861268E1
8.858243711E0,-5.324030295E-2,3.104687333E-1,1.021376324E1,1.021861952E1
8.860401955E0,-3.409772366E-2,3.056831062E-1,1.031844902E1,1.032303226E1
8.862559243E0,-2.871387079E-2,3.296113312E-1,1.034716320E1,1.035245161E1
8.864718749E0,-5.324030295E-2,3.343969584E-1,1.027119160E1,1.027677151E1
8.866874602E0,-7.836493850E-2,3.056831062E-1,1.003310490E1,1.003806640E1
8.869030741E0,-1.118644550E-1,3.152543902E-1,1.004746246E1,1.005302944E1
8.871175445E0,-5.324030295E-2,3.152543902E-1,1.033280659E1,1.033775178E1
8.873344666E0,-1.914258115E-2,2.679961324E-1,1.043330479E1,1.043676373E1
8.875492666E0,-7.238288224E-2,2.679961324E-1,1.027119160E1,1.027494224E1
8.877660930E0,-7.776673883E-2,2.626122832E-1,1.013300610E1,1.013670683E1
8.879797324E0,-1.016949639E-1,2.434697002E-1,1.013838959E1,1.014182246E1
8.881966442E0,-1.058823988E-1,2.626122832E-1,1.024307537E1,1.024698831E1
8.884133933E0,-4.845465720E-2,2.344966233E-1,1.030469036E1,1.030747204E1
8.886296235E0,-7.238288224E-2,2.536391914E-1,1.024726295E1,1.025065706E1
8.888451336E0,-9.212367237E-2,2.673979402E-1,1.016171932E1,1.016565433E1
8.890605857E0,-9.212367237E-2,2.865405083E-1,1.020000458E1,1.020444441E1
8.892764071E0,-9.152546525E-2,2.769692242E-1,1.024786091E1,1.025201161E1
8.894921990E0,-8.673982322E-2,2.865405083E-1,1.024247742E1,1.024685185E1
8.897078209E0,-7.238288224E-2,2.817548811E-1,1.027597713E1,1.028009393E1
8.899236321E0,-9.092725813E-2,2.961117923E-1,1.035254669E1,1.035717978E1
8.901390465E0,-9.690931439E-2,2.817548811E-1,1.019043350E1,1.019478848E1
8.903538975E0,-1.304088384E-1,2.865405083E-1,1.013838959E1,1.014327636E1
8.905694950E0,-9.631111473E-2,3.104687333E-1,1.029033375E1,1.029546674E1
8.907866419E0,-3.349951655E-2,2.632105052E-1,1.039023399E1,1.039362133E1
8.910026086E0,-8.255238086E-2,2.626122832E-1,1.021914768E1,1.022285476E1
8.912181137E0,-1.064806059E-1,2.578266263E-1,1.013779163E1,1.014162866E1
8.914324621E0,-7.776673883E-2,2.530409992E-1,1.015214825E1,1.015559902E1
8.916496038E0,-6.819544733E-2,2.530409992E-1,1.015693378E1,1.016031418E1
8.918652289E0,-3.409772366E-2,2.721835673E-1,1.022333431E1,1.022701379E1
8.920814133E0,-4.785645287E-3,2.632105052E-1,1.035194874E1,1.035529552E1
8.922965338E0,-1.974078640E-2,2.727817893E-1,1.032323551E1,1.032685775E1
8.925113948E0,-3.948157281E-2,2.865405083E-1,1.011386299E1,1.011799826E1
8.927263648E0,-5.922235921E-2,2.817548811E-1,1.003789139E1,1.004201955E1
8.929436439E0,-1.495514158E-2,3.008974493E-1,1.019940662E1,1.020385508E1
8.931599098E0,0.000000000E0,2.679961324E-1,1.040459061E1,1.040804149E1
8.933760516E0,-2.871387079E-2,3.056831062E-1,1.044766140E1,1.045217180E1
8.935908780E0,-5.324030295E-2,2.482553422E-1,1.023769188E1,1.024083982E1
8.938057737E0,-1.070788130E-1,2.434697002E-1,1.001396275E1,1.001749436E1
8.940227182E0,-1.118644550E-1,2.817548811E-1,1.009531879E1,1.009986936E1
8.942385822E0,-6.281159073E-2,2.673979402E-1,1.030947590E1,1.031313436E1
8.944545795E0,-5.324030295E-2,2.440679073E-1,1.031904793E1,1.032207120E1
8.946692412E0,-8.673982322E-2,2.530409992E-1,1.024786091E1,1.025135146E1
8.948826395E0,-6.759724021E-2,2.961117923E-1,1.029990482E1,1.030438212E1
8.951010305E0,-6.340979785E-2,2.769692242E-1,1.018564796E1,1.018961026E1
8.953154307E0,-6.819544733E-2,2.769692242E-1,1.010907745E1,1.011310089E1
8.955334239E0,-2.991028316E-2,2.673979402E-1,1.020419216E1,1.020773892E1
8.957474589E0,-5.982056609E-4,2.961117923E-1,1.031366348E1,1.031791340E1
8.959650239E0,-5.862415582E-2,2.865405083E-1,1.020957565E1,1.021376411E1
8.961794262E0,-4.905286431E-2,2.769692242E-1,1.017129040E1,1.017517894E1
8.963963278E0,-2.452643216E-2,2.721835673E-1,1.023769188E1,1.024133880E1
8.966115876E0,-2.452643216E-2,2.578266263E-1,1.024726295E1,1.025053531E1
8.968270000E0,-3.469592705E-2,2.578266263E-1,1.020419216E1,1.020750783E1
8.970406008E0,-4.905286431E-2,2.961117923E-1,1.020419216E1,1.020860549E1
8.972589358E0,-7.298108935E-2,2.626122832E-1,1.012343407E1,1.012710268E1
8.974745507E0,-8.733802289E-2,2.769692242E-1,1.013779163E1,1.014195046E1
8.976909681E0,-5.324030295E-2,2.865405083E-1,1.032861900E1,1.033273006E1
8.979054752E0,-3.349951655E-2,2.679961324E-1,1.035673428E1,1.036025526E1
8.981206028E0,-9.212367237E-2,2.626122832E-1,1.011446095E1,1.011828900E1
8.983373631E0,-1.405783296E-1,2.673979402E-1,1.005224800E1,1.005678645E1
8.985525211E0,-8.733802289E-2,2.961117923E-1,1.017607689E1,1.018075886E1
8.987690423E0,-7.238288224E-2,2.769692242E-1,1.026640511E1,1.027039556E1
8.989835698E0,-7.657032460E-2,2.913261652E-1,1.035254669E1,1.035692797E1
8.992007451E0,-7.238288224E-2,2.817548811E-1,1.034297562E1,1.034706575E1
8.994164382E0,-1.160518974E-1,2.817548811E-1,1.015693378E1,1.016150372E1
8.996324570E0,-1.262213886E-1,2.865405083E-1,1.002353382E1,1.002842298E1
8.998478572E0,-9.690931439E-2,2.530409992E-1,1.014257717E1,1.014619598E1
9.000630061E0,-4.785645381E-2,2.775674164E-1,1.036630630E1,1.037013213E1
9.002767920E0,-3.349951655E-2,2.584248483E-1,1.033759212E1,1.034087601E1
9.004922308E0,-9.212367237E-2,2.488535494E-1,1.012343407E1,1.012691128E1
9.007092058E0,-1.070788130E-1,2.626122832E-1,1.003789139E1,1.004189696E1
9.009256568E0,-9.631111473E-2,2.967100143E-1,1.024247742E1,1.024722676E1
9.011427568E0,-4.845465720E-2,2.919243574E-1,1.030887794E1,1.031312427E1
9.013571215E0,-7.298108935E-2,2.727817893E-1,1.016171932E1,1.016564192E1
9.015722654E0,-1.112662554E-1,2.817548811E-1,1.011864853E1,1.012318201E1
9.017868039E0,-1.010967568E-1,3.248256743E-1,1.028554821E1,1.029117264E1
9.020039253E0,-9.690931439E-2,3.056831062E-1,1.020000458E1,1.020504419E1
9.022196186E0,-9.750752151E-2,2.673979402E-1,1.003310490E1,1.003714119E1
9.024355528E0,-9.212367237E-2,2.632105052E-1,1.013779163E1,1.014162639E1
9.026504475E0,-5.324030295E-2,2.727817893E-1,1.032802105E1,1.033175993E1
9.028669891E0,-7.776673883E-2,2.823530734E-1,1.018086243E1,1.018507392E1
9.030827147E0,-1.166501045E-1,2.769692242E-1,1.000439167E1,1.000890463E1
9.032986083E0,-7.776673883E-2,2.769692242E-1,1.010907745E1,1.011316996E1
9.035140808E0,-2.452643216E-2,2.775674164E-1,1.029930687E1,1.030307562E1
9.037299072E0,-5.802594870E-2,2.679961324E-1,1.033340454E1,1.033704205E1
9.039455617E0,-8.255238086E-2,2.679961324E-1,1.016171932E1,1.016558785E1
9.041614055E0,-1.118644550E-1,2.865405083E-1,1.004267693E1,1.004738667E1
9.043770621E0,-9.272187948E-2,2.721835673E-1,1.005224800E1,1.005635973E1
9.045928448E0,-5.802594870E-2,2.871387303E-1,1.026161957E1,1.026580011E1
9.048083172E0,-3.828516230E-2,2.727817893E-1,1.042851925E1,1.043215651E1
9.050243858E0,-6.759724021E-2,2.679961324E-1,1.024726295E1,1.025098968E1
9.052400332E0,-1.118644550E-1,2.721835673E-1,1.007139015E1,1.007568842E1
9.054559338E0,-1.256231815E-1,2.769692242E-1,1.009531879E1,1.009989875E1
9.056713452E0,-6.340979785E-2,2.865405083E-1,1.015693378E1,1.016117268E1
9.058866885E0,-9.152546525E-2,2.775674164E-1,1.024247742E1,1.024664649E1
9.061029513E0,-8.673982322E-2,2.967100143E-1,1.031904793E1,1.032367719E1
9.063183088E0,-7.716853172E-2,2.727817893E-1,1.021854877E1,1.022248032E1
9.065336674E0,-1.160518974E-1,2.817548811E-1,1.010488987E1,1.010948333E1
9.067498814E0,-8.733802289E-2,3.008974493E-1,1.016650486E1,1.017133169E1
9.069642857E0,-2.931207791E-2,2.440679073E-1,1.023769188E1,1.024064272E1
9.071821934E0,-8.733802289E-2,2.530409992E-1,1.019043350E1,1.019394882E1
9.073974726E0,-8.255238086E-2,2.769692242E-1,1.020957565E1,1.021366545E1
9.076137629E0,-5.324030295E-2,2.865405083E-1,1.023290634E1,1.023705584E1
9.078285690E0,-6.819544733E-2,2.913261652E-1,1.010429192E1,1.010872082E1
9.080434412E0,-6.879365444E-2,2.386840582E-1,1.005703354E1,1.006010071E1
9.082605545E0,-8.673982322E-2,2.673979402E-1,1.026161957E1,1.026546938E1
9.084762986E0,-8.195417374E-2,2.823530734E-1,1.032861900E1,1.033280263E1
9.086922725E0,-1.064806059E-1,2.769692242E-1,1.016650486E1,1.017083434E1
9.089077308E0,-1.160518974E-1,3.056831062E-1,1.010010433E1,1.010539548E1
9.091234036E0,-8.255238086E-2,2.626122832E-1,1.017129040E1,1.017501491E1
9.093392749E0,-1.010967568E-1,2.817548811E-1,1.026221848E1,1.026658339E1
9.095549161E0,-1.154536903E-1,2.440679073E-1,1.029571724E1,1.029925687E1
9.097707792E0,-1.208375469E-1,2.769692242E-1,1.018564796E1,1.019012945E1
9.099865080E0,-1.160518974E-1,2.865405083E-1,1.010967541E1,1.011440114E1
9.102019834E0,-8.195417374E-2,2.913261652E-1,1.022871876E1,1.023319475E1
9.104168628E0,-7.178468257E-2,2.727817893E-1,1.038544846E1,1.038927825E1
9.106337014E0,-5.802594870E-2,2.632105052E-1,1.027597713E1,1.027951131E1
9.108493662E0,-1.118644550E-1,2.338984162E-1,1.004267693E1,1.004602319E1
9.110654631E0,-8.733802289E-2,2.721835673E-1,1.011386299E1,1.011790178E1
9.112808573E0,-3.888336942E-2,2.775674164E-1,1.031904793E1,1.032285357E1
9.114967447E0,-9.152546525E-2,2.440679073E-1,1.025743294E1,1.026074444E1
9.117124471E0,-1.208375469E-1,2.578266263E-1,1.015274620E1,1.015673824E1
9.119285146E0,-9.152546525E-2,2.578266263E-1,1.023828983E1,1.024194465E1
9.121454519E0,-1.106680483E-1,2.721835673E-1,1.024307537E1,1.024728863E1
9.123611492E0,-8.255238086E-2,2.578266263E-1,1.018564796E1,1.018924501E1
9.125761343E0,-1.064806059E-1,2.243271172E-1,1.012881851E1,1.013186188E1
9.127909496E0,-1.304088384E-1,2.344966233E-1,1.019521904E1,1.019874926E1
9.130071189E0,-1.010967568E-1,2.536391914E-1,1.026700401E1,1.027063410E1
9.132241162E0,-8.673982322E-2,2.578266263E-1,1.022393322E1,1.022755146E1
9.134395042E0,-7.298108935E-2,2.578266263E-1,1.013300610E1,1.013654839E1
9.136535677E0,-8.255238086E-2,2.482553422E-1,1.019043350E1,1.019379128E1
9.138711591E0,-8.673982322E-2,2.865405083E-1,1.029033375E1,1.029468785E1
9.140870130E0,-9.152546525E-2,2.865405083E-1,1.022393322E1,1.022835729E1
9.143026421E0,-7.776673883E-2,3.008974493E-1,1.008993530E1,1.009472047E1
9.145161797E0,-5.862415582E-2,3.200400174E-1,1.014257717E1,1.014779454E1
9.147328647E0,-4.366901144E-2,3.104687333E-1,1.031426239E1,1.031902643E1
9.149493829E0,-5.264209956E-2,2.871387303E-1,1.036630630E1,1.037041591E1
9.151634607E0,-7.716853172E-2,2.673979402E-1,1.026161957E1,1.026539297E1
9.153804112E0,-8.733802289E-2,2.769692242E-1,1.009053326E1,1.009471155E1
9.155970128E0,-8.315058798E-2,2.530409992E-1,1.002353382E1,1.002707206E1
9.158126653E0,-9.631111473E-2,2.626122832E-1,1.024786091E1,1.025167763E1
9.160258123E0,-5.264209956E-2,2.775674164E-1,1.047159004E1,1.047540037E1
9.162439123E0,-6.281159073E-2,2.201396823E-1,1.026161957E1,1.026417278E1
9.164580898E0,-1.214357466E-1,2.578266263E-1,1.000020409E1,1.000426424E1
9.166766526E0,-8.255238086E-2,2.769692242E-1,1.009531879E1,1.009945486E1
9.168916755E0,-6.759724021E-2,2.769692242E-1,1.025204849E1,1.025601188E1
9.171079973E0,-8.673982322E-2,2.578266263E-1,1.023350430E1,1.023711915E1
9.173230364E0,-8.195417374E-2,2.632105052E-1,1.031904793E1,1.032272960E1
9.175387906E0,-4.845465720E-2,3.104687333E-1,1.030947590E1,1.031426352E1
9.177541196E0,-7.298108935E-2,2.961117923E-1,1.008993530E1,1.009454322E1
9.179687223E0,-9.750752151E-2,3.152543902E-1,1.006660461E1,1.007201179E1
9.181846921E0,-6.759724021E-2,3.200400174E-1,1.023769188E1,1.024291609E1
9.184018624E0,-3.888336942E-2,2.817548811E-1,1.027597713E1,1.027991264E1
9.186178771E0,-5.862415582E-2,3.008974493E-1,1.020897770E1,1.021357928E1
9.188336099E0,-3.888336942E-2,3.296113312E-1,1.030409241E1,1.030943625E1
9.190484252E0,-7.238288224E-2,3.152543902E-1,1.025683403E1,1.026193300E1
9.192627776E0,-1.214357466E-1,2.578266263E-1,1.010010433E1,1.010412434E1
9.194804768E0,-9.690931439E-2,2.482553422E-1,1.017129040E1,1.017478110E1
9.196963633E0,-4.366901144E-2,2.440679073E-1,1.028554821E1,1.028853625E1
9.199127919E0,-6.281159073E-2,2.817548811E-1,1.028076267E1,1.028481464E1
9.201272309E0,-1.064806059E-1,3.008974493E-1,1.021914768E1,1.022413110E1
9.203405914E0,-1.016949639E-1,2.578266263E-1,1.021914768E1,1.022290545E1
9.205564759E0,-9.152546525E-2,2.721835673E-1,1.026221848E1,1.026623538E1
9.207730103E0,-7.238288224E-2,2.817548811E-1,1.030947590E1,1.031357932E1
9.209884828E0,-7.238288224E-2,2.769692242E-1,1.026161957E1,1.026561189E1
9.212040386E0,-1.351944804E-1,3.200400174E-1,1.020479012E1,1.021070245E1
9.214198946E0,-1.154536903E-1,2.961117923E-1,1.025264645E1,1.025757139E1
9.216367647E0,-8.195417374E-2,2.721835673E-1,1.028554821E1,1.028947532E1
9.218526715E0,-8.255238086E-2,2.578266263E-1,1.018086243E1,1.018446116E1
9.220683912E0,-8.733802289E-2,2.386840582E-1,1.017129040E1,1.017446541E1
9.222836358E0,-8.673982322E-2,3.008974493E-1,1.032861900E1,1.033336507E1
9.224985457E0,-6.759724021E-2,2.865405083E-1,1.033819008E1,1.034238120E1
9.227153456E0,-8.733802289E-2,2.338984162E-1,1.015214825E1,1.015521789E1
9.229310042E0,-8.255238086E-2,2.578266263E-1,1.020479012E1,1.020838042E1
9.231470931E0,-3.349951655E-2,3.104687333E-1,1.037109184E1,1.037579197E1
9.233622451E0,-6.281159073E-2,2.865405083E-1,1.028076267E1,1.028494686E1
9.235773411E0,-8.255238086E-2,3.296113312E-1,1.020479012E1,1.021044562E1
9.237941014E0,-4.366901144E-2,2.961117923E-1,1.026161957E1,1.026598389E1
9.240098211E0,-2.991028316E-2,2.673979402E-1,1.019462109E1,1.019817118E1
9.242257127E0,-9.690931439E-2,2.721835673E-1,1.017129040E1,1.017539305E1
9.244412807E0,-1.004985496E-1,3.296113312E-1,1.035733318E1,1.036306394E1
9.246565354E0,-8.195417374E-2,3.008974493E-1,1.031904793E1,1.032375929E1
9.248711615E0,-1.118644550E-1,2.673979402E-1,1.006660461E1,1.007077672E1
9.250884406E0,-7.298108935E-2,2.291127741E-1,1.010010433E1,1.010296622E1
9.253043179E0,-7.178468257E-2,2.727817893E-1,1.037168980E1,1.037552467E1
9.255204485E0,-7.657032460E-2,3.248256743E-1,1.044287586E1,1.044820707E1
9.257355354E0,-8.673982322E-2,2.721835673E-1,1.026640511E1,1.027037884E1
9.259504219E0,-8.255238086E-2,2.578266263E-1,1.011864853E1,1.012226939E1
9.261672279E0,-4.905286431E-2,2.626122832E-1,1.020957565E1,1.021307037E1
9.263828917E0,-1.974078640E-2,2.440679073E-1,1.030947590E1,1.031238344E1
9.265989968E0,-6.221338734E-2,2.961117923E-1,1.034776115E1,1.035218400E1
9.268143919E0,-3.409772366E-2,2.721835673E-1,1.025204849E1,1.025571767E1
9.270302428E0,-4.426721856E-2,2.386840582E-1,1.009472084E1,1.009763925E1
9.272459879E0,-4.905286431E-2,2.530409992E-1,1.013300610E1,1.013628376E1
9.274617177E0,-5.383851007E-3,2.817548811E-1,1.030409241E1,1.030794524E1
9.276773966E0,-6.221338734E-2,2.871387303E-1,1.036151981E1,1.036568435E1
9.278930318E0,-7.238288224E-2,3.104687333E-1,1.023290634E1,1.023787099E1
9.281078359E0,-3.948157281E-2,2.488535494E-1,1.010429192E1,1.010743301E1
9.283243897E0,-7.298108935E-2,2.721835673E-1,1.016650486E1,1.017040959E1
9.285387574E0,-6.281159073E-2,2.823530734E-1,1.033340454E1,1.033745220E1
9.287552980E0,-7.238288224E-2,2.823530734E-1,1.032383347E1,1.032794752E1
9.289707541E0,-6.819544733E-2,2.865405083E-1,1.014736271E1,1.015163662E1
9.291867454E0,-5.443671346E-2,2.626122832E-1,1.006600666E1,1.006957887E1
9.294023358E0,-5.324030295E-2,2.584248483E-1,1.021854877E1,1.022195466E1
9.296181622E0,-5.264209956E-2,3.014956415E-1,1.041894817E1,1.042344242E1
9.298338432E0,-5.324030295E-2,2.584248483E-1,1.030947590E1,1.031285175E1
9.300496758E0,-8.793623000E-2,2.865405083E-1,1.005224800E1,1.005671557E1
9.302652723E0,-4.007977992E-2,2.386840582E-1,9.985248566E0,9.988181285E0
9.304811557E0,-2.991028316E-2,2.488535494E-1,1.017547798E1,1.017856448E1
9.306969171E0,-5.264209956E-2,2.727817893E-1,1.039980507E1,1.040351511E1
9.309126895E0,-1.914258115E-2,2.632105052E-1,1.037109184E1,1.037444901E1
9.311283340E0,-5.862415582E-2,2.578266263E-1,1.009950638E1,1.010296691E1
9.313441634E0,-6.879365444E-2,2.482553422E-1,9.961320877E0,9.964651369E0
9.315597966E0,-8.255238086E-2,2.530409992E-1,1.011864853E1,1.012214862E1
9.317756597E0,-9.092725813E-2,3.014956415E-1,1.038544846E1,1.039022170E1
9.319912908E0,-6.699903309E-2,2.919243574E-1,1.044766140E1,1.045195376E1
9.322071538E0,-7.298108935E-2,2.440679073E-1,1.008993530E1,1.009315064E1
9.324229050E0,-1.124626622E-1,2.482553422E-1,9.928419113E0,9.932159113E0
9.326385778E0,-1.064806059E-1,2.817548811E-1,1.020479012E1,1.020923431E1
9.328542171E0,-7.657032460E-2,2.871387303E-1,1.046680450E1,1.047102231E1
9.330701045E0,-4.845465720E-2,2.536391914E-1,1.031904793E1,1.032227837E1
9.332857530E0,-5.922235921E-2,2.434697002E-1,1.005703354E1,1.006015449E1
9.335016405E0,-8.315058798E-2,2.434697002E-1,1.003789139E1,1.004118793E1
9.337171638E0,-9.631111473E-2,2.871387303E-1,1.026640511E1,1.027087135E1
9.339330777E0,-6.699903309E-2,2.775674164E-1,1.036630630E1,1.037023813E1
9.341487476E0,-5.802594870E-2,2.679961324E-1,1.022812080E1,1.023179574E1
9.343645872E0,-6.879365444E-2,2.578266263E-1,1.004267693E1,1.004622153E1
9.345803282E0,-6.819544733E-2,2.578266263E-1,1.012343407E1,1.012694636E1
9.347966296E0,-9.152546525E-2,3.056831062E-1,1.034297562E1,1.034789658E1
9.350116667E0,-8.135596663E-2,2.961117923E-1,1.035733318E1,1.036188456E1
9.352275369E0,-9.690931439E-2,2.434697002E-1,1.011924744E1,1.012263985E1
9.354430165E0,-9.750752151E-2,2.195414752E-1,1.003310490E1,1.003598027E1
9.356588562E0,-9.631111473E-2,2.673979402E-1,1.028076267E1,1.028469050E1
9.358738068E0,-8.614161611E-2,2.817548811E-1,1.038126087E1,1.038544094E1
9.360906036E0,-1.208375469E-1,2.721835673E-1,1.019521904E1,1.019956748E1
9.363061320E0,-8.793623000E-2,2.626122832E-1,1.005703354E1,1.006084597E1
9.365221985E0,-4.426721856E-2,2.386840582E-1,1.008993530E1,1.009285510E1
9.367376181E0,-1.010967568E-1,2.673979402E-1,1.023828983E1,1.024228006E1
9.369534242E0,-1.052841991E-1,3.008974493E-1,1.035733318E1,1.036223792E1
9.371691448E0,-6.759724021E-2,2.769692242E-1,1.025683403E1,1.026079557E1
9.373849855E0,-8.315058798E-2,2.673979402E-1,9.994820595E0,9.998742641E0
9.376005200E0,-8.315058798E-2,2.626122832E-1,1.004746246E1,1.005123779E1
9.378155092E0,-7.657032460E-2,2.913261652E-1,1.036211872E1,1.036649595E1
9.380320803E0,-8.614161611E-2,2.961117923E-1,1.041894817E1,1.042351110E1
9.382479637E0,-6.879365444E-2,2.673979402E-1,1.007617569E1,1.007995787E1
9.384639061E0,-8.853443712E-2,2.338984162E-1,9.942776680E0,9.945921522E0
9.386794915E0,-8.733802289E-2,2.769692242E-1,1.018564796E1,1.018978726E1
9.388951857E0,-7.238288224E-2,2.865405083E-1,1.034297562E1,1.034719717E1
9.391109765E0,-8.733802289E-2,2.626122832E-1,1.012821960E1,1.013200007E1
9.393266595E0,-7.896314561E-2,2.578266263E-1,9.918848038E0,9.922512592E0
9.395424179E0,-5.922235921E-2,2.386840582E-1,1.007139015E1,1.007439214E1
9.397580602E0,-8.195417374E-2,2.913261652E-1,1.028554821E1,1.028999949E1
9.399738774E0,-7.238288224E-2,2.721835673E-1,1.029990482E1,1.030375478E1
9.401895757E0,-7.298108935E-2,2.482553422E-1,1.012343407E1,1.012674055E1
9.404053431E0,-5.922235921E-2,2.434697002E-1,1.005224800E1,1.005537044E1
9.406210770E0,-9.212367237E-2,2.530409992E-1,1.011446095E1,1.011804510E1
9.408369431E0,-1.106680483E-1,2.626122832E-1,1.025743294E1,1.026139089E1
9.410526302E0,-8.195417374E-2,2.249253243E-1,1.029511929E1,1.029790216E1
9.412683692E0,-5.862415582E-2,2.195414752E-1,1.013300610E1,1.013555365E1
9.414839373E0,-7.357929647E-2,2.434697002E-1,9.975677490E0,9.978919420E0
9.416999132E0,-8.793623000E-2,2.386840582E-1,1.008096218E1,1.008417083E1
9.419155830E0,-1.106680483E-1,2.721835673E-1,1.030469036E1,1.030887844E1
9.421315142E0,-8.195417374E-2,2.536391914E-1,1.033819008E1,1.034162576E1
9.423470090E0,-7.357929647E-2,2.434697002E-1,1.007617569E1,1.007938530E1
9.425628233E0,-1.262213886E-1,2.721835673E-1,1.000498962E1,1.000948716E1
9.427785287E0,-1.064806059E-1,2.817548811E-1,1.017129040E1,1.017574922E1
9.429943968E0,-1.154536903E-1,2.865405083E-1,1.034297562E1,1.034758811E1
9.432099801E0,-8.195417374E-2,2.865405083E-1,1.026161957E1,1.026594653E1
9.434257781E0,-4.965107143E-2,2.721835673E-1,1.007557774E1,1.007937577E1
9.436413522E0,-8.315058798E-2,3.008974493E-1,1.006660461E1,1.007144388E1
9.438572611E0,-8.255238086E-2,3.152543902E-1,1.015693378E1,1.016216041E1
9.440731781E0,-8.195417374E-2,2.769692242E-1,1.022871876E1,1.023279609E1
9.442900563E0,-5.862415582E-2,2.673979402E-1,1.019521904E1,1.019889355E1
9.445054728E0,-4.426721856E-2,2.817548811E-1,1.016650486E1,1.017050473E1
9.447204173E0,-8.255238086E-2,2.626122832E-1,1.010429192E1,1.010804112E1
9.449368399E0,-1.405783296E-1,2.769692242E-1,1.010010433E1,1.010487911E1
9.451526694E0,-1.304088384E-1,2.578266263E-1,1.020479012E1,1.020887958E1
9.453685955E0,-8.673982322E-2,2.392822653E-1,1.023828983E1,1.024145295E1
9.455843416E0,-7.298108935E-2,2.530409992E-1,1.020479012E1,1.020818776E1
9.458004487E0,-9.212367237E-2,2.865405083E-1,1.018564796E1,1.019009405E1
9.460157086E0,-1.351944804E-1,3.056831062E-1,1.021436119E1,1.021982848E1
9.462311780E0,-1.064806059E-1,2.913261652E-1,1.013300610E1,1.013775229E1
9.464460879E0,-6.340979785E-2,2.913261652E-1,1.019043350E1,1.019479410E1
9.466627953E0,-6.281159073E-2,3.296113312E-1,1.028554821E1,1.029101992E1
9.468788374E0,-8.195417374E-2,3.248256743E-1,1.025204849E1,1.025752048E1
9.470951938E0,-1.262213886E-1,2.961117923E-1,1.009053326E1,1.009566617E1
9.473093184E0,-1.064806059E-1,3.008974493E-1,1.009053326E1,1.009558016E1
9.475257847E0,-4.366901144E-2,2.913261652E-1,1.023290634E1,1.023714560E1
9.477414392E0,-5.802594870E-2,3.056831062E-1,1.026161957E1,1.026633554E1
9.479575749E0,-1.064806059E-1,2.769692242E-1,1.011446095E1,1.011881269E1
9.481731176E0,-9.212367237E-2,2.721835673E-1,1.010488987E1,1.010897472E1
9.483887711E0,-8.195417374E-2,2.913261652E-1,1.024726295E1,1.025173085E1
9.486046717E0,-7.178468257E-2,2.967100143E-1,1.035194874E1,1.035644884E1
9.488202327E0,-7.776673883E-2,3.104687333E-1,1.019940662E1,1.020442718E1
9.490358302E0,-1.166501045E-1,2.626122832E-1,9.976275444E0,9.980413027E0
9.492506679E0,-1.351944804E-1,3.200400174E-1,1.010967541E1,1.011564333E1
9.494675920E0,-6.699903309E-2,3.254238665E-1,1.040937710E1,1.041467816E1
9.496833187E0,-6.221338734E-2,3.110669553E-1,1.042373371E1,1.042855971E1
9.498993303E0,-1.351944804E-1,2.721835673E-1,1.010967541E1,1.011424235E1
9.501143308E0,-1.357926875E-1,2.338984162E-1,1.000020409E1,1.000386075E1
9.503287615E0,-1.106680483E-1,2.584248483E-1,1.029990482E1,1.030374059E1
9.505451576E0,-5.144568533E-2,3.062812984E-1,1.061456108E1,1.061910363E1
9.507620308E0,-5.264209956E-2,2.823530734E-1,1.036151981E1,1.036549986E1
9.509780505E0,-1.076770201E-1,2.482553422E-1,9.861420631E0,9.865132636E0
9.511940041E0,-1.405783296E-1,2.721835673E-1,9.981060982E0,9.985761087E0
9.514098499E0,-5.204389244E-2,3.445664644E-1,1.055234814E1,1.055810048E1
9.516240203E0,5.982056726E-3,3.493520916E-1,1.065224838E1,1.065797721E1
9.518406900E0,-9.212367237E-2,3.008974493E-1,1.014257717E1,1.014745770E1
9.520562550E0,-1.363908947E-1,2.530409992E-1,9.852447510E0,9.856640105E0
9.522723317E0,-1.250249892E-1,2.865405083E-1,1.023828983E1,1.024306182E1
9.524873769E0,-6.101697683E-2,3.541377485E-1,1.064267731E1,1.064874250E1
9.527020854E0,-3.828516230E-2,2.536391914E-1,1.037587738E1,1.037904764E1
9.529195018E0,-1.172483116E-1,2.530409992E-1,9.904491425E0,9.908416992E0
9.531352733E0,-1.310070455E-1,2.530409992E-1,9.995418549E0,9.999479214E0
9.533513388E0,-9.571290761E-2,3.110669553E-1,1.043809032E1,1.044316299E1
9.535665916E0,-3.230310604E-2,3.254238665E-1,1.062353420E1,1.062856637E1
9.537824353E0,-3.888336942E-2,2.727817893E-1,1.024726295E1,1.025096678E1
9.539981020E0,-9.750752151E-2,2.530409992E-1,9.970891953E0,9.974578878E0
9.542139244E0,-9.690931439E-2,2.679961324E-1,1.019043350E1,1.019441751E1
9.544295596E0,-3.828516230E-2,2.919243574E-1,1.041416264E1,1.041832371E1
9.546452395E0,-3.828516230E-2,2.967100143E-1,1.033759212E1,1.034192021E1
9.548603956E0,-3.409772366E-2,2.679961324E-1,1.022812080E1,1.023168802E1
9.550768955E0,-4.845465720E-2,2.679961324E-1,1.023290634E1,1.023652978E1
9.552925663E0,-6.281159073E-2,2.919243574E-1,1.028554821E1,1.028988178E1
9.555086663E0,-5.802594870E-2,2.961117923E-1,1.024247742E1,1.024692114E1
9.557237847E0,-3.469592705E-2,3.008974493E-1,1.014197922E1,1.014650115E1
9.559388686E0,-2.991028316E-2,2.769692242E-1,1.007557774E1,1.007942822E1
9.561554875E0,-6.759724021E-2,2.967100143E-1,1.028554821E1,1.029004899E1
9.563713770E0,-4.247260094E-2,3.014956415E-1,1.051406288E1,1.051847051E1
9.565873520E0,-6.281159073E-2,2.679961324E-1,1.025683403E1,1.026052686E1
9.568030066E0,-1.363908947E-1,2.291127741E-1,9.852447510E0,9.856054843E0
9.570191433E0,-1.166501045E-1,2.721835673E-1,1.004267693E1,1.004704190E1
9.572343136E0,-4.247260094E-2,3.014956415E-1,1.050449181E1,1.050890345E1
9.574499762E0,-3.349951655E-2,2.727817893E-1,1.039980507E1,1.040343586E1
9.576656572E0,-6.879365444E-2,2.392822653E-1,1.007139015E1,1.007446714E1
9.578813982E0,-6.819544733E-2,2.775674164E-1,1.020897770E1,1.021297802E1
9.580970924E0,-4.307080805E-2,3.206382394E-1,1.040937710E1,1.041440327E1
9.583130847E0,-3.948157281E-2,2.727817893E-1,1.019462109E1,1.019834633E1
9.585287910E0,-7.836493850E-2,2.434697002E-1,1.001874828E1,1.002201256E1
9.587442686E0,-5.324030295E-2,2.679961324E-1,1.023290634E1,1.023655355E1
9.589592873E0,-5.264209956E-2,3.158525825E-1,1.045723343E1,1.046213482E1
9.591759245E0,-9.571290761E-2,3.110669553E-1,1.038066292E1,1.038576363E1
9.593917815E0,-1.112662554E-1,2.865405083E-1,1.019043350E1,1.019506845E1
9.596076608E0,-7.357929647E-2,2.434697002E-1,1.006660461E1,1.006981727E1
9.598232787E0,-8.673982322E-2,2.679961324E-1,1.024247742E1,1.024635005E1
9.600387512E0,-6.161518395E-2,3.062812984E-1,1.048056316E1,1.048521859E1
9.602534830E0,-6.221338734E-2,2.632105052E-1,1.036630630E1,1.036983398E1
9.604693889E0,-1.160518974E-1,2.721835673E-1,1.010010433E1,1.010443761E1
9.606862132E0,-9.212367237E-2,2.297109663E-1,1.011446095E1,1.011748853E1
9.609021282E0,-6.699903309E-2,3.014956415E-1,1.035194874E1,1.035655499E1
9.611175771E0,-5.264209956E-2,3.110669553E-1,1.034237766E1,1.034718849E1
9.613315400E0,-7.836493850E-2,2.434697002E-1,1.004267693E1,1.004593343E1
9.615481995E0,-8.793623000E-2,2.961117923E-1,1.004267693E1,1.004742628E1
9.617652742E0,-1.914258115E-2,3.014956415E-1,1.043270683E1,1.043707995E1
9.619826906E0,-1.435693540E-2,2.775674164E-1,1.042792130E1,1.043162463E1
9.621982638E0,-6.340979785E-2,2.632105052E-1,1.015214825E1,1.015575771E1
9.624135703E0,-7.298108935E-2,2.530409992E-1,1.008514881E1,1.008858675E1
9.626275342E0,-6.759724021E-2,2.775674164E-1,1.024247742E1,1.024646069E1
9.628433953E0,-5.324030295E-2,2.967100143E-1,1.026161957E1,1.026604634E1
9.630593855E0,-5.802594870E-2,2.775674164E-1,1.022333431E1,1.022726626E1
9.632768558E0,-7.716853172E-2,2.871387303E-1,1.024247742E1,1.024679205E1
9.634919427E0,-5.324030295E-2,2.871387303E-1,1.026161957E1,1.026577417E1
9.637058943E0,-9.152546525E-2,2.679961324E-1,1.024307537E1,1.024698941E1
9.639236169E0,-6.759724021E-2,3.056831062E-1,1.028554821E1,1.029031163E1
9.641393854E0,-2.512463741E-2,2.440679073E-1,1.019462109E1,1.019757322E1
9.643556706E0,-7.776673883E-2,2.392822653E-1,1.011864853E1,1.012177612E1
9.645705816E0,-6.759724021E-2,2.775674164E-1,1.030947590E1,1.031343330E1
9.647852666E0,-2.931207791E-2,2.679961324E-1,1.031844902E1,1.032197032E1
9.650024704E0,-8.793623000E-2,2.578266263E-1,1.001874828E1,1.002245102E1
9.652185858E0,-8.793623000E-2,2.482553422E-1,9.985248566E0,9.988721260E0
9.654357835E0,-2.871387079E-2,2.871387303E-1,1.039501953E1,1.039902419E1
9.656490048E0,-2.333002165E-2,3.302095234E-1,1.057089233E1,1.057607429E1
9.658627560E0,-3.469592705E-2,2.488535494E-1,1.015214825E1,1.015525706E1
9.660793464E0,-1.178465188E-1,2.291127741E-1,9.833304405E0,9.836679114E0
9.662968605E0,-1.016949639E-1,2.721835673E-1,1.010010433E1,1.010428292E1
9.665129676E0,-1.854437590E-2,2.775674164E-1,1.049491978E1,1.049860604E1
9.667279742E0,-4.785645381E-2,2.488535494E-1,1.040459061E1,1.040767621E1
9.669425291E0,-1.022931710E-1,2.243271172E-1,9.994820595E0,9.997861035E0
9.671585692E0,-1.268195957E-1,2.338984162E-1,9.890133858E0,9.893712114E0
9.673755817E0,-8.673982322E-2,2.775674164E-1,1.022393322E1,1.022806814E1
9.675915241E0,-3.828516230E-2,2.440679073E-1,1.045723343E1,1.046015133E1
9.678068501E0,-7.716853172E-2,2.201396823E-1,1.030947590E1,1.031211471E1
9.680221933E0,-1.214357466E-1,2.201396823E-1,1.004267693E1,1.004582341E1
9.682359669E0,-1.310070455E-1,2.153540403E-1,1.006181908E1,1.006497607E1
9.684545094E0,-1.010967568E-1,2.967100143E-1,1.034297562E1,1.034772448E1
9.686697967E0,-4.785645381E-2,2.679961324E-1,1.034237766E1,1.034595998E1
9.688853149E0,-7.836493850E-2,1.914258152E-1,9.990034103E0,9.992175253E0
9.691013560E0,-1.022931710E-1,2.530409992E-1,1.001874828E1,1.002246531E1
9.693163036E0,-1.435693540E-2,3.062812984E-1,1.039023399E1,1.039475718E1
9.695305584E0,-1.914258115E-2,3.062812984E-1,1.034716320E1,1.035171295E1
9.697471732E0,-5.922235921E-2,2.626122832E-1,9.994820595E0,9.998445440E0
9.699628806E0,-6.879365444E-2,2.344966233E-1,1.005224800E1,1.005521810E1
9.701792289E0,-2.871387079E-2,2.967100143E-1,1.036151981E1,1.036580697E1
9.703946861E0,-4.366901144E-2,2.632105052E-1,1.025683403E1,1.026030365E1
9.706104535E0,-1.166501045E-1,2.434697002E-1,9.966704369E0,9.970360109E0
9.708260846E0,-1.310070455E-1,2.913261652E-1,1.008096218E1,1.008602163E1
9.710418999E0,-6.699903309E-2,3.062812984E-1,1.038544846E1,1.039017982E1
9.712573327E0,-7.238288224E-2,2.775674164E-1,1.032383347E1,1.032781779E1
9.714722457E0,-1.016949639E-1,2.626122832E-1,1.009531879E1,1.009924594E1
9.716878075E0,-1.070788130E-1,2.578266263E-1,1.006181908E1,1.006569141E1
9.719036676E0,-1.208375469E-1,2.817548811E-1,1.020479012E1,1.020939415E1
9.721196212E0,-8.195417374E-2,2.632105052E-1,1.029033375E1,1.029402569E1
9.723353774E0,-7.716853172E-2,2.488535494E-1,1.023769188E1,1.024100669E1
9.725510177E0,-9.212367237E-2,2.817548811E-1,1.015214825E1,1.015647511E1
9.727668523E0,-1.064806059E-1,3.008974493E-1,1.018086243E1,1.018586458E1
9.729825180E0,-1.106680483E-1,3.200400174E-1,1.027119160E1,1.027677235E1
9.731983434E0,-8.673982322E-2,3.104687333E-1,1.022812080E1,1.023319939E1
9.734139959E0,-6.879365444E-2,2.392822653E-1,1.008514881E1,1.008822160E1
9.736298692E0,-1.112662554E-1,2.817548811E-1,1.020957565E1,1.021406878E1
9.738455675E0,-7.118647546E-2,3.158525825E-1,1.048116112E1,1.048616082E1
9.740613390E0,-2.452643216E-2,2.584248483E-1,1.026161957E1,1.026490239E1
9.742769904E0,-1.316052526E-1,2.482553422E-1,9.890133858E0,9.894124437E0
9.744928087E0,-1.160518974E-1,2.817548811E-1,1.011924744E1,1.012383438E1
9.747084164E0,-3.768695518E-2,2.919243574E-1,1.048056316E1,1.048469572E1
9.749242622E0,-8.195417374E-2,2.679961324E-1,1.024726295E1,1.025109440E1
9.751399025E0,-1.501496136E-1,2.673979402E-1,1.000020409E1,1.000490521E1
9.753559141E0,-1.154536903E-1,2.769692242E-1,1.022393322E1,1.022833574E1
9.755720172E0,-8.614161611E-2,3.014956415E-1,1.040937710E1,1.041409869E1
9.757872568E0,-1.160518974E-1,2.344966233E-1,1.018086243E1,1.018422390E1
9.760029306E0,-1.214357466E-1,2.386840582E-1,1.008574772E1,1.008930244E1
9.762187052E0,-1.064806059E-1,2.817548811E-1,1.018564796E1,1.019010051E1
9.764343943E0,-6.819544733E-2,2.626122832E-1,1.018564796E1,1.018926103E1
9.766505564E0,-4.426721856E-2,3.056831062E-1,1.017607689E1,1.018076336E1
9.768671468E0,-5.324030295E-2,2.817548811E-1,1.030947590E1,1.031346274E1
9.770830313E0,-1.974078640E-2,3.056831062E-1,1.030887794E1,1.031342796E1
9.772987163E0,-7.298108935E-2,3.056831062E-1,1.021436119E1,1.021919483E1
9.775142243E0,-8.673982322E-2,3.008974493E-1,1.024786091E1,1.025264436E1
9.777298758E0,-7.298108935E-2,2.865405083E-1,1.018564796E1,1.018993897E1
9.779454388E0,-9.690931439E-2,2.626122832E-1,1.011446095E1,1.011833370E1
9.781603344E0,-1.058823988E-1,2.721835673E-1,1.028136063E1,1.028550783E1
9.783772026E0,-8.135596663E-2,2.817548811E-1,1.036690426E1,1.037105147E1
9.785928429E0,-1.208375469E-1,2.769692242E-1,1.015753174E1,1.016202562E1
9.788089694E0,-1.405783296E-1,2.578266263E-1,1.006660461E1,1.007088702E1
9.790242363E0,-8.673982322E-2,2.913261652E-1,1.028076267E1,1.028525526E1
9.792392937E0,-7.178468257E-2,2.961117923E-1,1.036690426E1,1.037138077E1
9.794558230E0,-1.112662554E-1,2.817548811E-1,1.016650486E1,1.017101701E1
9.796716342E0,-1.070788130E-1,2.913261652E-1,1.007617569E1,1.008095498E1
9.798875421E0,-7.776673883E-2,3.056831062E-1,1.020000458E1,1.020488036E1
9.801029128E0,-6.281159073E-2,2.626122832E-1,1.026640511E1,1.026995542E1
9.803176071E0,-7.238288224E-2,2.721835673E-1,1.029990482E1,1.030375478E1
9.805338079E0,-6.221338734E-2,3.056831062E-1,1.035733318E1,1.036202988E1
9.807504044E0,-4.426721856E-2,2.961117923E-1,1.015693378E1,1.016134566E1
9.809663671E0,-8.793623000E-2,3.008974493E-1,9.994820595E0,9.999735535E0
9.811817531E0,-6.340979785E-2,3.056831062E-1,1.020957565E1,1.021434765E1
9.813966751E0,-5.264209956E-2,3.056831062E-1,1.042851925E1,1.043313122E1
9.816132686E0,-7.238288224E-2,3.104687333E-1,1.032861900E1,1.033353766E1
9.818291012E0,-1.022931710E-1,2.865405083E-1,1.009053326E1,1.009511916E1
9.820449683E0,-1.064806059E-1,3.008974493E-1,1.010967541E1,1.011471276E1
9.822607398E0,-9.631111473E-2,2.817548811E-1,1.023828983E1,1.024261882E1
9.824769151E0,-9.152546525E-2,2.769692242E-1,1.030469036E1,1.030881818E1
9.826922503E0,-9.152546525E-2,2.386840582E-1,1.026221848E1,1.026540184E1
9.829077370E0,-9.212367237E-2,2.578266263E-1,1.017607689E1,1.017975944E1
9.831235095E0,-1.106680483E-1,3.152543902E-1,1.022871876E1,1.023417413E1
9.833391803E0,-5.324030295E-2,3.152543902E-1,1.029511929E1,1.030008257E1
9.835550515E0,-3.948157281E-2,2.961117923E-1,1.017069244E1,1.017507866E1
9.837706673E0,-6.879365444E-2,2.865405083E-1,1.007079220E1,1.007510266E1
9.839862995E0,-6.340979785E-2,3.200400174E-1,1.019940662E1,1.020462355E1
9.842016031E0,-1.914258115E-2,3.158525825E-1,1.039023399E1,1.039505131E1
9.844196736E0,-3.888336942E-2,2.865405083E-1,1.022812080E1,1.023220761E1
9.846348368E0,-9.750752151E-2,2.626122832E-1,1.005224800E1,1.005615050E1
9.848494527E0,-1.160518974E-1,2.578266263E-1,1.015693378E1,1.016086839E1
9.850661377E0,-8.673982322E-2,3.152543902E-1,1.032861900E1,1.033379309E1
9.852809845E0,-7.298108935E-2,2.632105052E-1,1.020957565E1,1.021322873E1
9.854984437E0,-1.166501045E-1,2.961117923E-1,1.007617569E1,1.008120062E1
9.857135001E0,-8.195417374E-2,3.056831062E-1,1.027119160E1,1.027606615E1
9.859285727E0,-8.135596663E-2,3.110669553E-1,1.041416264E1,1.041912496E1
9.861452964E0,-7.776673883E-2,2.488535494E-1,1.014736271E1,1.015071159E1
9.863609336E0,-9.750752151E-2,2.530409992E-1,9.999606133E0,1.000328247E1
9.865770602E0,-6.759724021E-2,3.008974493E-1,1.029033375E1,1.029495397E1
9.867920880E0,-4.785645381E-2,2.967100143E-1,1.040459061E1,1.040893043E1
9.870070030E0,-8.255238086E-2,2.626122832E-1,1.014257717E1,1.014631223E1
9.872239444E0,-9.212367237E-2,2.626122832E-1,1.009531879E1,1.009915410E1
9.874397555E0,-7.178468257E-2,3.152543902E-1,1.035194874E1,1.035699672E1
9.876554802E0,-8.673982322E-2,3.152543902E-1,1.032861900E1,1.033379309E1
9.878699314E0,-8.793623000E-2,2.673979402E-1,1.001874828E1,1.002270181E1
9.880868606E0,-1.070788130E-1,2.721835673E-1,1.002353382E1,1.002780036E1
9.883022790E0,-6.699903309E-2,2.919243574E-1,1.035673428E1,1.036106431E1
9.885168278E0,-4.725824669E-2,3.014956415E-1,1.048534870E1,1.048978886E1
9.887341008E0,-8.733802289E-2,2.913261652E-1,1.015693378E1,1.016148625E1
9.889488561E0,-1.172483116E-1,2.482553422E-1,9.961918831E0,9.965701414E0
9.891639308E0,-9.690931439E-2,2.961117923E-1,1.015214825E1,1.015692806E1
9.893810470E0,-5.264209956E-2,2.823530734E-1,1.034237766E1,1.034636507E1
9.895973262E0,-6.759724021E-2,2.536391914E-1,1.022333431E1,1.022670361E1
9.898133967E0,-6.879365444E-2,2.434697002E-1,1.005703354E1,1.006021539E1
9.900285183E0,-6.819544733E-2,2.913261652E-1,1.020000458E1,1.020439194E1
9.902426887E0,-4.366901144E-2,2.775674164E-1,1.027597713E1,1.027981793E1
9.904591621E0,-5.383851007E-2,2.530409992E-1,1.012821960E1,1.013152312E1
9.906768908E0,-4.965107143E-2,2.482553422E-1,1.000917721E1,1.001237855E1
9.908920194E0,-3.409772366E-2,2.679961324E-1,1.020897770E1,1.021255160E1
9.911076942E0,-5.742774159E-2,2.871387303E-1,1.037109184E1,1.037522494E1
9.913224963E0,-5.383851007E-2,2.632105052E-1,1.019043350E1,1.019397436E1
9.915374052E0,-1.076770201E-1,2.147558331E-1,9.961918831E0,9.964815161E0
9.917545683E0,-9.212367237E-2,2.434697002E-1,1.009531879E1,1.009867446E1
9.919702747E0,-3.409772366E-2,2.679961324E-1,1.031844902E1,1.032198502E1
9.921864532E0,-5.383851007E-2,2.153540403E-1,1.015214825E1,1.015457483E1
9.924017547E0,-1.028913707E-1,2.099701911E-1,9.947562218E0,9.950309954E0
9.926172729E0,-7.298108935E-2,2.488535494E-1,1.018086243E1,1.018416487E1
9.928317484E0,-3.888336942E-2,2.440679073E-1,1.024726295E1,1.025024288E1
9.930478058E0,-8.793623000E-2,2.434697002E-1,9.990034103E0,9.993387397E0
9.932647298E0,-1.172483116E-1,2.673979402E-1,9.923633575E0,9.927927889E0
9.934805318E0,-5.383851007E-2,2.865405083E-1,1.019940662E1,1.020357288E1
9.936952078E0,-5.383851007E-2,2.817548811E-1,1.014257717E1,1.014663275E1
9.939118063E0,-6.400800496E-2,2.578266263E-1,1.000917721E1,1.001270193E1
9.941266420E0,-4.426721856E-2,2.673979402E-1,1.013300610E1,1.013663030E1
9.943435762E0,-1.495514158E-2,3.200400174E-1,1.031366348E1,1.031863866E1
9.945580151E0,-4.905286431E-2,2.721835673E-1,1.014257717E1,1.014634721E1
9.947752759E0,-8.913264424E-2,2.386840582E-1,9.818349838E0,9.821655067E0
9.949907005E0,-8.853443712E-2,2.386840582E-1,9.942776680E0,9.946035217E0
9.952064690E0,-5.802594870E-2,2.919243574E-1,1.033340454E1,1.033769008E1
9.954208865E0,-5.802594870E-2,2.871387303E-1,1.032383347E1,1.032798882E1
9.956377271E0,-9.810572863E-2,2.291127741E-1,9.894919395E0,9.898057751E0
9.958522230E0,-1.178465188E-1,2.195414752E-1,9.833304405E0,9.836460836E0
9.960685327E0,-7.716853172E-2,2.632105052E-1,1.029511929E1,1.029877254E1
9.962852848E0,-5.324030295E-2,2.823530734E-1,1.029990482E1,1.030391174E1
9.965012262E0,-1.322034448E-1,2.243271172E-1,9.771091461E0,9.774560284E0
9.967166447E0,-1.465603858E-1,2.721835673E-1,9.804591179E0,9.809463391E0
9.969313044E0,-5.324030295E-2,3.104687333E-1,1.030469036E1,1.030950381E1
9.971481715E0,-2.452643216E-2,2.871387303E-1,1.030887794E1,1.031290525E1
9.973640091E0,-1.130608693E-1,2.338984162E-1,9.761520386E0,9.764976778E0
9.975800664E0,-9.391828626E-2,2.530409992E-1,9.790233612E0,9.793953470E0
9.977961920E0,-2.991028316E-2,3.104687333E-1,1.018983555E1,1.019460808E1
9.980105912E0,8.973085321E-3,2.967100143E-1,1.024187946E1,1.024618038E1
9.982245836E0,-6.939185411E-2,2.434697002E-1,9.942177773E0,9.945400524E0
9.984424069E0,-9.810572863E-2,2.626122832E-1,9.870991707E0,9.874971758E0
9.986583656E0,-7.776673883E-2,2.769692242E-1,1.015214825E1,1.015622339E1
9.988746284E0,-7.298108935E-2,2.913261652E-1,1.018564796E1,1.019007466E1
9.990895475E0,-8.853443712E-2,2.386840582E-1,9.875777245E0,9.879057881E0
9.993042244E0,-1.028913707E-1,2.530409992E-1,9.851848602E0,9.855634798E0
9.995214363E0,-9.212367237E-2,2.769692242E-1,1.018086243E1,1.018504583E1
9.997371590E0,-7.716853172E-2,2.584248483E-1,1.026161957E1,1.026516315E1
9.999531726E0,-1.172483116E-1,2.434697002E-1,9.928419113E0,9.932095990E0
1.000168203E1,-1.274178028E-1,2.338984162E-1,9.828518867E0,9.832127282E0
1.000382776E1,-1.022931710E-1,2.817548811E-1,1.002353382E1,1.002801476E1
1.000598432E1,-6.400800496E-2,2.626122832E-1,1.001396275E1,1.001761010E1
1.000814567E1,-8.853443712E-2,2.721835673E-1,9.894919395E0,9.899058141E0
1.001031856E1,-4.007977992E-2,2.961117923E-1,1.003729248E1,1.004173934E1
1.001247085E1,-1.555334684E-2,3.008974493E-1,1.015155029E1,1.015602061E1
1.001460490E1,-5.443671346E-2,2.961117923E-1,1.002293587E1,1.002745675E1
1.001676157E1,-6.939185411E-2,2.626122832E-1,9.927821159E0,9.931536307E0
1.001892841E1,-5.443671346E-2,2.769692242E-1,9.951749802E0,9.955752077E0
1.002109213E1,-5.922235921E-2,2.578266263E-1,9.985248566E0,9.988752213E0
1.002324820E1,-7.836493850E-2,2.817548811E-1,1.000917721E1,1.001344872E1
1.002540220E1,-7.836493850E-2,2.434697002E-1,1.001396275E1,1.001722858E1
1.002756130E1,-9.750752151E-2,2.386840582E-1,1.003789139E1,1.004120218E1
1.002971989E1,-1.160518974E-1,2.721835673E-1,1.014736271E1,1.015167582E1
1.003187776E1,-7.357929647E-2,2.530409992E-1,1.003789139E1,1.004134987E1
1.003403358E1,-1.178465188E-1,2.434697002E-1,9.818947792E0,9.822672805E0
1.003618769E1,-1.076770201E-1,2.769692242E-1,9.957133293E0,9.961566629E0
1.003835011E1,-4.366901144E-2,2.823530734E-1,1.023290634E1,1.023689418E1
1.004050588E1,-6.879365444E-2,2.673979402E-1,1.004746246E1,1.005125545E1
1.004266511E1,-1.082752272E-1,2.530409992E-1,9.818947792E0,9.822804539E0
1.004482043E1,-5.443671346E-2,2.673979402E-1,1.001874828E1,1.002246388E1
1.004697942E1,-2.033899166E-2,2.913261652E-1,1.009950638E1,1.010372771E1
1.004913652E1,-5.982056633E-2,2.530409992E-1,9.885348320E0,9.888767348E0
1.005129390E1,-6.999006122E-2,2.769692242E-1,9.818349838E0,9.822504981E0
1.005345027E1,-2.033899166E-2,3.056831062E-1,1.010907745E1,1.011371854E1
1.005560860E1,-3.469592705E-2,3.056831062E-1,1.014197922E1,1.014664419E1
1.005776541E1,-7.417750359E-2,2.673979402E-1,9.918848038E0,9.922728977E0
1.005992388E1,-1.076770201E-1,2.626122832E-1,9.837491989E0,9.841585654E0
1.006208020E1,-8.793623000E-2,2.482553422E-1,1.001396275E1,1.001742549E1
1.006423887E1,-9.272187948E-2,2.721835673E-1,1.007617569E1,1.008027766E1
1.006639601E1,-9.272187948E-2,2.482553422E-1,9.990034103E0,9.993548391E0
1.006855132E1,-1.220339537E-1,2.434697002E-1,9.952347755E0,9.956073304E0
1.007070152E1,-8.793623000E-2,2.673979402E-1,1.003310490E1,1.003705277E1
1.007286796E1,-5.922235921E-2,2.721835673E-1,1.002831936E1,1.003218722E1
1.007502474E1,-6.939185411E-2,2.817548811E-1,9.885348320E0,9.889606284E0
1.007718529E1,-6.460621208E-2,2.865405083E-1,9.923035622E0,9.927382101E0
1.007933641E1,-2.033899166E-2,3.104687333E-1,1.013240719E1,1.013718304E1
1.008148544E1,-5.383851007E-2,3.056831062E-1,1.015214825E1,1.015689198E1
1.008365569E1,-6.939185411E-2,2.338984162E-1,9.890133858E0,9.893142646E0
1.008581286E1,-1.076770201E-1,2.578266263E-1,9.847063065E0,9.851026338E0
1.008797248E1,-7.357929647E-2,2.865405083E-1,1.002353382E1,1.002789857E1
1.009012303E1,-4.486542568E-2,2.626122832E-1,1.001874828E1,1.002228992E1
1.009226345E1,-8.374879509E-2,2.817548811E-1,9.890133858E0,9.894500867E0
1.009443290E1,-4.486542568E-2,3.056831062E-1,1.000857925E1,1.001334678E1
1.009659920E1,-2.572284266E-2,2.530409992E-1,9.975677490E0,9.978919421E0
1.009876258E1,-7.417750359E-2,2.721835673E-1,9.923035622E0,9.927044986E0
1.010091497E1,-7.357929647E-2,2.961117923E-1,9.980463028E0,9.985125856E0
1.010305704E1,-5.024927482E-2,2.530409992E-1,9.942177773E0,9.945524300E0
1.010520915E1,-9.810572863E-2,2.626122832E-1,9.856635094E0,9.860620940E0
1.010738804E1,-9.212367237E-2,2.769692242E-1,1.009472084E1,1.009893992E1
1.010954627E1,-4.366901144E-2,2.775674164E-1,1.021854877E1,1.022241115E1
1.011170702E1,-8.374879509E-2,2.769692242E-1,9.946963310E0,9.951171032E0
1.011385816E1,-1.130608693E-1,2.338984162E-1,9.704092026E0,9.707568865E0
1.011602064E1,-7.417750359E-2,2.721835673E-1,9.908679008E0,9.912694179E0
1.011819068E1,-6.340979785E-2,2.817548811E-1,1.011386299E1,1.011798553E1
1.012034838E1,-7.298108935E-2,2.865405083E-1,1.010429192E1,1.010861745E1
1.012250459E1,-9.272187948E-2,2.913261652E-1,1.006181908E1,1.006646271E1
1.012465980E1,-6.879365444E-2,2.769692242E-1,9.994820595E0,9.998894101E0
1.012681087E1,-9.332008660E-2,2.434697002E-1,9.899705887E0,9.903139037E0
1.012895211E1,-1.028913707E-1,2.482553422E-1,9.890133858E0,9.893784163E0
1.013113127E1,-8.315058798E-2,2.249253243E-1,9.990034103E0,9.992911828E0
1.013328982E1,-7.776673883E-2,2.673979402E-1,1.008514881E1,1.008899281E1
1.013545120E1,-4.965107143E-2,2.626122832E-1,1.005165005E1,1.005520259E1
1.013759764E1,-8.374879509E-2,2.673979402E-1,9.927821159E0,9.931774690E0
1.013976136E1,-7.836493850E-2,2.913261652E-1,9.961320877E0,9.965888100E0
1.014191905E1,-5.443671346E-2,2.865405083E-1,1.000917721E1,1.001342585E1
1.014407741E1,-5.982056633E-2,2.817548811E-1,9.942177773E0,9.946349238E0
1.014622858E1,-6.460621208E-2,2.530409992E-1,9.890133858E0,9.893581325E0
1.014836844E1,-5.922235921E-2,2.434697002E-1,1.001874828E1,1.002188116E1
1.015055135E1,-9.690931439E-2,2.727817893E-1,1.018564796E1,1.018976083E1
1.015271438E1,-9.212367237E-2,2.488535494E-1,1.018564796E1,1.018910395E1
1.015486956E1,-1.076770201E-1,2.105683982E-1,9.947562218E0,9.950373233E0
1.015702050E1,-1.268195957E-1,2.099701911E-1,9.880562782E0,9.883607215E0
1.015917653E1,-8.255238086E-2,2.488535494E-1,1.010429192E1,1.010769302E1
1.016133573E1,-7.238288224E-2,2.727817893E-1,1.022812080E1,1.023201370E1
1.016349742E1,-1.166501045E-1,2.721835673E-1,1.003310490E1,1.003747404E1
1.016566324E1,-9.332008660E-2,2.865405083E-1,9.932606697E0,9.937177160E0
1.016780580E1,-4.546362907E-2,2.721835673E-1,9.918250084E0,9.922088266E0
1.016995296E1,-6.460621208E-2,2.578266263E-1,9.851848602E0,9.855433497E0
1.017212092E1,-4.965107143E-2,2.434697002E-1,9.990034103E0,9.993123841E0
1.017428211E1,0.000000000E0,3.349951804E-1,1.033280659E1,1.033823552E1
1.017644101E1,2.991028363E-3,2.392822653E-1,9.970293999E0,9.973165364E0
1.017859066E1,-1.094716340E-1,2.482553422E-1,9.561120987E0,9.564969905E0
1.018075486E1,-8.374879509E-2,3.104687333E-1,9.918250084E0,9.923461565E0
1.018289910E1,1.914258115E-2,3.254238665E-1,1.040877819E1,1.041388163E1
1.018506428E1,-6.400800496E-2,2.632105052E-1,1.006122112E1,1.006486698E1
1.018719586E1,-7.956135273E-2,2.769692242E-1,9.723235130E0,9.727504477E0
1.018936209E1,-9.810572863E-2,2.578266263E-1,9.909276962E0,9.913116020E0
1.019152884E1,-8.255238086E-2,3.008974493E-1,1.015214825E1,1.015694187E1
1.019368692E1,-9.750752151E-2,2.153540403E-1,1.005703354E1,1.005981156E1
1.019584327E1,-1.166501045E-1,2.201396823E-1,9.966704369E0,9.969817686E0
1.019799806E1,-7.896314561E-2,2.434697002E-1,9.946963310E0,9.950255864E0
1.020015344E1,-1.166501045E-1,2.578266263E-1,1.005703354E1,1.006101413E1
1.020230442E1,-1.256231815E-1,3.296113312E-1,1.009950638E1,1.010566445E1
1.020447177E1,-1.022931710E-1,2.913261652E-1,9.999606133E0,1.000437193E1
1.020662929E1,-1.028913707E-1,2.865405083E-1,9.842277527E0,9.846985275E0
1.020878819E1,-6.939185411E-2,3.056831062E-1,9.918250084E0,9.923202211E0
1.021094284E1,-3.529413417E-2,3.200400174E-1,1.005165005E1,1.005680565E1
1.021309640E1,-7.836493850E-2,3.056831062E-1,9.999606133E0,1.000458425E1
1.021525925E1,-6.879365444E-2,3.248256743E-1,9.980463028E0,9.985984505E0
1.021741542E1,-2.093719877E-2,2.673979402E-1,9.994221687E0,9.997820120E0
1.021957464E1,-4.546362907E-2,2.673979402E-1,9.889535904E0,9.893254722E0
1.022172954E1,-1.172483116E-1,2.482553422E-1,9.894919395E0,9.898727581E0
1.022388614E1,-7.357929647E-2,2.865405083E-1,9.999606133E0,1.000398132E1
1.022603442E1,-1.262213886E-1,2.338984162E-1,9.976275444E0,9.979815231E0
1.022820383E1,-1.363908947E-1,2.530409992E-1,9.947562218E0,9.951714742E0
1.023036000E1,-6.819544733E-2,2.769692242E-1,1.008514881E1,1.008918179E1
1.023252116E1,-1.022931710E-1,2.769692242E-1,1.000439167E1,1.000874760E1
1.023467291E1,-1.034895778E-1,2.530409992E-1,9.766305923E0,9.770131587E0
1.023682597E1,-5.982056633E-2,2.865405083E-1,9.861420631E0,9.865764077E0
1.023899108E1,-2.033899166E-2,2.919243574E-1,1.011805058E1,1.012228141E1
1.024114833E1,-3.050848842E-2,2.721835673E-1,9.989436150E0,9.993190144E0
1.024330676E1,-8.853443712E-2,2.673979402E-1,9.847063065E0,9.851090853E0
1.024546490E1,-1.022931710E-1,3.008974493E-1,9.956535339E0,9.961606253E0
1.024762507E1,-5.443671346E-2,3.056831062E-1,9.970891953E0,9.975725129E0
1.024977799E1,-5.982056633E-2,2.961117923E-1,9.818349838E0,9.822996195E0
1.025193418E1,-7.477571070E-2,2.626122832E-1,9.784850121E0,9.788659178E0
1.025409168E1,-3.529413417E-2,2.769692242E-1,1.000857925E1,1.001247304E1
1.025624830E1,-2.512463741E-2,2.865405083E-1,1.011864853E1,1.012273603E1
1.025839997E1,-5.024927482E-2,2.673979402E-1,9.889535904E0,9.893277872E0
1.026055985E1,-1.040877849E-1,2.338984162E-1,9.675976753E0,9.679363040E0
1.026270484E1,-1.034895778E-1,2.530409992E-1,9.723235130E0,9.727077734E0
1.026488097E1,-8.853443712E-2,2.482553422E-1,9.928419113E0,9.931916993E0
1.026703740E1,-6.879365444E-2,2.913261652E-1,1.000917721E1,1.001365227E1
1.026919817E1,-6.879365444E-2,2.578266263E-1,9.994820595E0,9.998382162E0
1.027135272E1,-8.853443712E-2,3.200400174E-1,9.932606697E0,9.938155752E0
1.027350998E1,-5.982056633E-2,2.913261652E-1,9.851848602E0,9.856336557E0
1.027566720E1,-6.999006122E-2,2.626122832E-1,9.747162819E0,9.750951074E0
1.027782346E1,-6.939185411E-2,2.961117923E-1,9.923035622E0,9.927695270E0
1.027998313E1,-2.033899166E-2,3.008974493E-1,1.007079220E1,1.007530687E1
1.028214414E1,-5.503492057E-2,2.578266263E-1,9.899106979E0,9.902616947E0
1.028429698E1,-1.274178028E-1,2.626122832E-1,9.761520386E0,9.765883511E0
1.028645653E1,-7.896314561E-2,2.769692242E-1,9.870991707E0,9.875192373E0
1.028862683E1,-5.024927482E-2,2.434697002E-1,9.899705887E0,9.902826825E0
1.029078241E1,-7.956135273E-2,2.386840582E-1,9.708877563E0,9.712136924E0
1.029292998E1,-9.870393574E-2,2.386840582E-1,9.809376717E0,9.812776575E0
1.029509658E1,-5.443671346E-2,2.817548811E-1,1.003729248E1,1.004139380E1
1.029725442E1,-5.982056633E-2,2.434697002E-1,9.927821159E0,9.930986304E0
1.029941454E1,-1.178465188E-1,2.673979402E-1,9.737591743E0,9.741975283E0
1.030156693E1,-9.870393574E-2,2.817548811E-1,9.761520386E0,9.766084605E0
1.030371559E1,-9.870393574E-2,2.530409992E-1,9.756733894E0,9.760513742E0
1.030587673E1,-8.434699476E-2,2.386840582E-1,9.751948357E0,9.755233531E0
1.030802150E1,-5.982056633E-2,2.482553422E-1,9.946963310E0,9.950240616E0
1.031020228E1,-4.965107143E-2,2.865405083E-1,1.005643559E1,1.006063951E1
1.031235702E1,-7.896314561E-2,2.434697002E-1,9.856635094E0,9.859957811E0
1.031451805E1,-1.040877849E-1,2.434697002E-1,9.694520950E0,9.698136327E0
1.031665753E1,-8.434699476E-2,2.386840582E-1,9.723235130E0,9.726530003E0
1.031882912E1,-7.477571070E-2,2.434697002E-1,9.794421196E0,9.797732159E0
1.032098496E1,-6.939185411E-2,2.626122832E-1,9.942177773E0,9.945887557E0
1.032314407E1,-5.443671346E-2,2.578266263E-1,9.999606133E0,1.000307756E1
1.032528828E1,-5.563312769E-2,2.530409992E-1,9.784850121E0,9.788279556E0
1.032745953E1,-1.088734269E-1,2.386840582E-1,9.656833649E0,9.660396453E0
1.032961512E1,-6.999006122E-2,2.482553422E-1,9.808777809E0,9.812168539E0
1.033177669E1,-4.067798331E-2,2.434697002E-1,9.870991707E0,9.874077652E0
1.033392836E1,-9.391828626E-2,2.673979402E-1,9.813564301E0,9.817655860E0
1.033608000E1,-1.034895778E-1,2.530409992E-1,9.823135376E0,9.826938916E0
1.033823636E1,-6.939185411E-2,2.626122832E-1,9.899705887E0,9.903431581E0
1.034040373E1,-8.434699476E-2,2.434697002E-1,9.780662537E0,9.784055987E0
1.034256269E1,-1.136590764E-1,2.482553422E-1,9.675378799E0,9.679230549E0
1.034471701E1,-7.956135273E-2,2.578266263E-1,9.751948357E0,9.755680465E0
1.034685848E1,-5.982056633E-2,2.434697002E-1,9.908679008E0,9.911850266E0
1.034901687E1,-4.486542568E-2,2.769692242E-1,9.942177773E0,9.946136120E0
1.035117594E1,-4.067798331E-2,2.721835673E-1,9.937392235E0,9.941202293E0
1.035334917E1,-6.041877344E-2,2.195414752E-1,9.765707016E0,9.768361296E0
1.035551264E1,-1.130608693E-1,2.099701911E-1,9.761520386E0,9.764432932E0
1.035766304E1,-7.417750359E-2,2.195414752E-1,9.847063065E0,9.849789427E0
1.035980806E1,-7.477571070E-2,1.908276081E-1,9.813564301E0,9.815704298E0
1.036197666E1,-6.999006122E-2,2.482553422E-1,9.813564301E0,9.816953377E0
1.036413431E1,-6.939185411E-2,2.386840582E-1,9.927821159E0,9.930932397E0
1.036629571E1,-8.853443712E-2,2.482553422E-1,9.837491989E0,9.841022188E0
1.036844412E1,-8.434699476E-2,2.530409992E-1,9.708877563E0,9.712540744E0
1.037058767E1,-2.691925503E-2,2.386840582E-1,9.780064583E0,9.783013747E0
1.037276083E1,-6.460621208E-2,2.721835673E-1,9.903892517E0,9.907842593E0
1.037490909E1,-5.503492057E-2,2.482553422E-1,9.823135376E0,9.826426012E0
1.037708330E1,-6.999006122E-2,2.051845491E-1,9.737591743E0,9.740004737E0
1.037922752E1,-8.913264424E-2,2.482553422E-1,9.818349838E0,9.821892327E0
1.038138387E1,-5.922235921E-2,2.488535494E-1,9.951749802E0,9.955036891E0
1.038355319E1,-1.028913707E-1,2.434697002E-1,9.866206169E0,9.869746111E0
1.038571012E1,-1.178465188E-1,2.434697002E-1,9.732806206E0,9.736564175E0
1.038787015E1,-9.870393574E-2,2.578266263E-1,9.803992271E0,9.807878542E0
1.039001856E1,-7.896314561E-2,2.817548811E-1,9.903892517E0,9.908214167E0
1.039216118E1,-6.460621208E-2,2.626122832E-1,9.879964828E0,9.883665524E0
1.039432610E1,-6.939185411E-2,2.338984162E-1,9.823135376E0,9.826164680E0
1.039649783E1,-6.041877344E-2,2.386840582E-1,9.813564301E0,9.816652423E0
1.039866216E1,-4.067798331E-2,2.386840582E-1,9.818349838E0,9.821334855E0
1.040081322E1,-5.024927482E-2,2.482553422E-1,9.870393753E0,9.873643124E0
1.040295942E1,-6.460621208E-2,2.913261652E-1,9.889535904E0,9.894036855E0
1.040510886E1,-8.374879509E-2,2.817548811E-1,9.851848602E0,9.856232574E0
1.040726948E1,-9.870393574E-2,2.817548811E-1,9.784850121E0,9.789403463E0
1.040944308E1,-6.041877344E-2,2.578266263E-1,9.765707016E0,9.769296726E0
1.041159891E1,-7.417750359E-2,2.626122832E-1,9.837491989E0,9.841276144E0
1.041374596E1,-9.810572863E-2,2.721835673E-1,9.899705887E0,9.903932819E0
1.041591234E1,-7.417750359E-2,2.673979402E-1,9.847063065E0,9.850972285E0
1.041807077E1,-9.391828626E-2,2.338984162E-1,9.732806206E0,9.736069317E0
1.042023111E1,-1.130608693E-1,2.721835673E-1,9.737591743E0,9.742051099E0
1.042238595E1,-5.982056633E-2,2.817548811E-1,9.894321442E0,9.898513075E0
1.042454235E1,-9.810572863E-2,2.578266263E-1,9.823135376E0,9.827008086E0
1.042670187E1,-1.322034448E-1,2.721835673E-1,9.732806206E0,9.737508834E0
1.042885919E1,-1.028913707E-1,2.769692242E-1,9.856635094E0,9.861062517E0
1.043101567E1,-7.896314561E-2,2.865405083E-1,9.880562782E0,9.885032197E0
1.043317178E1,-9.810572863E-2,2.817548811E-1,9.827920914E0,9.832448323E0
1.043532811E1,-1.034895778E-1,2.961117923E-1,9.803992271E0,9.809008958E0
1.043747995E1,-8.434699476E-2,2.721835673E-1,9.789635658E0,9.793781937E0
1.043964540E1,-9.870393574E-2,2.913261652E-1,9.718449593E0,9.723316095E0
1.044180209E1,-8.374879509E-2,2.961117923E-1,9.847063065E0,9.851870231E0
1.044396252E1,-7.417750359E-2,3.008974493E-1,9.851848602E0,9.856721689E0
1.044611782E1,-1.178465188E-1,2.769692242E-1,9.756733894E0,9.761375725E0
1.044827482E1,-1.034895778E-1,2.578266263E-1,9.766305923E0,9.770256704E0
1.045042487E1,-8.913264424E-2,2.482553422E-1,9.775876999E0,9.779434873E0
1.045256578E1,-1.274178028E-1,2.673979402E-1,9.732806206E0,9.737312442E0
1.045475476E1,-7.956135273E-2,2.865405083E-1,9.728020668E0,9.732565006E0
1.045690211E1,-5.563312769E-2,2.817548811E-1,9.736993790E0,9.741228306E0
1.045905738E1,-5.563312769E-2,3.104687333E-1,9.751350403E0,9.756450203E0
1.046121802E1,-4.127619043E-2,3.200400174E-1,9.799206734E0,9.804518445E0
1.046337485E1,-7.956135273E-2,3.008974493E-1,9.803992271E0,9.808931325E0
1.046552751E1,-8.494520187E-2,2.817548811E-1,9.661021233E0,9.665502199E0
1.046768763E1,-9.870393574E-2,2.626122832E-1,9.704092026E0,9.708146565E0
1.046983290E1,-8.374879509E-2,2.817548811E-1,9.851848602E0,9.856232574E0
1.047199228E1,-5.982056633E-2,2.817548811E-1,9.856635094E0,9.860842747E0
1.047414960E1,-8.913264424E-2,2.578266263E-1,9.699306488E0,9.703142045E0
1.047630828E1,-1.088734269E-1,2.865405083E-1,9.656235695E0,9.661099662E0
1.047847411E1,-8.913264424E-2,3.104687333E-1,9.747162819E0,9.752513444E0
1.048064838E1,-9.391828626E-2,2.961117923E-1,9.770493507E0,9.775430743E0
1.048278472E1,-9.870393574E-2,3.200400174E-1,9.808777809E0,9.814493883E0
1.048495399E1,-9.870393574E-2,2.769692242E-1,9.747162819E0,9.751596661E0
1.048710562E1,-1.040877849E-1,2.530409992E-1,9.656833649E0,9.660709091E0
1.048926837E1,-8.973085135E-2,2.626122832E-1,9.670592308E0,9.674573501E0
1.049142351E1,-6.041877344E-2,2.769692242E-1,9.751350403E0,9.755470110E0
1.049357993E1,-6.041877344E-2,2.817548811E-1,9.694520950E0,9.698802642E0
1.049573893E1,-6.580262631E-2,2.961117923E-1,9.613164902E0,9.617949449E0
1.049789560E1,-4.606183618E-2,3.104687333E-1,9.680164337E0,9.685251371E0
1.050005496E1,-6.939185411E-2,3.296113312E-1,9.847063065E0,9.852822431E0
1.050221434E1,-6.999006122E-2,3.008974493E-1,9.732208252E0,9.737110215E0
1.050435914E1,-1.046859920E-1,2.626122832E-1,9.485149384E0,9.489361580E0
1.050651408E1,-1.232303679E-1,2.913261652E-1,9.652048111E0,9.657229903E0
1.050868178E1,-5.503492057E-2,2.913261652E-1,9.903892517E0,9.908329161E0
1.051084130E1,-6.520441920E-2,2.530409992E-1,9.728020668E0,9.731529555E0
1.051299553E1,-1.238285750E-1,2.530409992E-1,9.537193298E0,9.541353115E0
1.051512657E1,-8.434699476E-2,2.817548811E-1,9.699306488E0,9.703764557E0
1.051728422E1,-5.024927482E-2,2.913261652E-1,9.851848602E0,9.856283113E0
1.051944433E1,-7.477571070E-2,2.817548811E-1,9.713663101E0,9.718036225E0
1.052161796E1,-1.136590764E-1,2.865405083E-1,9.641879082E0,9.646805486E0
1.052376891E1,-1.082752272E-1,3.008974493E-1,9.737591743E0,9.742841257E0
1.052591035E1,-6.999006122E-2,2.961117923E-1,9.694520950E0,9.699294678E0
1.052807574E1,-5.682953820E-2,2.673979402E-1,9.518050194E0,9.521975149E0
1.053024464E1,-6.580262631E-2,2.530409992E-1,9.627521515E0,9.631071085E0
1.053240662E1,-2.153540403E-2,3.056831062E-1,9.851250648E0,9.856015690E0
1.053455925E1,-4.606183618E-2,2.482553422E-1,9.741779327E0,9.745050891E0
1.053670560E1,-1.088734269E-1,2.434697002E-1,9.565906525E0,9.569623742E0
1.053887383E1,-8.434699476E-2,2.817548811E-1,9.718449593E0,9.722898884E0
1.054103054E1,-4.606183618E-2,3.056831062E-1,9.799206734E0,9.804081623E0
1.054319115E1,-8.015955985E-2,2.386840582E-1,9.561120987E0,9.564435695E0
1.054534312E1,-1.046859920E-1,2.578266263E-1,9.489336014E0,9.493415176E0
1.054750033E1,-6.520441920E-2,2.913261652E-1,9.732208252E0,9.736785918E0
1.054966147E1,-2.153540403E-2,2.961117923E-1,9.865608215E0,9.870074540E0
1.055181911E1,-6.520441920E-2,2.913261652E-1,9.765707016E0,9.770268987E0
1.055397613E1,-8.973085135E-2,2.291127741E-1,9.646664619E0,9.649802204E0
1.055613240E1,-9.451649338E-2,2.865405083E-1,9.661021233E0,9.665731741E0
1.055828648E1,-1.034895778E-1,2.434697002E-1,9.737591743E0,9.741184761E0
1.056044863E1,-9.870393574E-2,2.482553422E-1,9.742377281E0,9.746039620E0
1.056260499E1,-7.956135273E-2,2.291127741E-1,9.732806206E0,9.735827613E0
1.056476448E1,-9.930214286E-2,2.291127741E-1,9.656235695E0,9.659463824E0
1.056692072E1,-7.537391037E-2,2.434697002E-1,9.622735977E0,9.626110658E0
1.056907570E1,-5.623133108E-2,2.482553422E-1,9.665806770E0,9.669157833E0
1.057122437E1,-4.127619043E-2,2.865405083E-1,9.784850121E0,9.789131783E0
1.057339287E1,-5.084748194E-2,2.291127741E-1,9.684949875E0,9.687792948E0
1.057554950E1,-8.494520187E-2,2.291127741E-1,9.613762856E0,9.616867712E0
1.057771051E1,-1.082752272E-1,2.338984162E-1,9.751948357E0,9.755353850E0
1.057986193E1,-5.024927482E-2,2.530409992E-1,9.842277527E0,9.845658010E0
1.058201315E1,-4.187439755E-2,1.764706671E-1,9.656235695E0,9.657938867E0
1.058418042E1,-9.511470050E-2,2.195414752E-1,9.537193298E0,9.540193985E0
1.058633760E1,-4.127619043E-2,2.147558331E-1,9.723235130E0,9.725694072E0
1.058849670E1,-7.178467698E-3,2.679961324E-1,9.903892517E0,9.907520399E0
1.059065160E1,-3.649054468E-2,2.297109663E-1,9.770493507E0,9.773261588E0
1.059280195E1,-6.101697683E-2,2.243271172E-1,9.641879082E0,9.644681330E0
1.059496739E1,-7.537391037E-2,2.338984162E-1,9.617950439E0,9.621089354E0
1.059712364E1,-6.520441920E-2,2.153540403E-1,9.699306488E0,9.701916065E0
1.059928068E1,-6.520441920E-2,1.914258152E-1,9.742377281E0,9.744475899E0
1.060142270E1,-8.434699476E-2,1.914258152E-1,9.747162819E0,9.749407227E0
1.060358718E1,-9.391828626E-2,1.962114573E-1,9.699306488E0,9.701745509E0
1.060575371E1,-1.034895778E-1,2.195414752E-1,9.713663101E0,9.716694880E0
1.060791542E1,-7.956135273E-2,2.386840582E-1,9.713663101E0,9.716920857E0
1.061007096E1,-6.041877344E-2,2.482553422E-1,9.760921478E0,9.764264911E0
1.061222688E1,-4.606183618E-2,2.626122832E-1,9.770493507E0,9.774130666E0
1.061438323E1,-3.708875179E-2,2.434697002E-1,9.637093544E0,9.640239885E0
1.061655003E1,-1.316052489E-2,2.195414752E-1,9.550951958E0,9.553483917E0
1.061873436E1,-1.734796353E-2,2.673979402E-1,9.746564865E0,9.750247652E0
1.062087283E1,2.153540403E-2,2.584248483E-1,9.803394318E0,9.806823508E0
1.062302342E1,1.076770201E-2,2.291127741E-1,9.612566948E0,9.615303008E0
1.062515674E1,-5.623133108E-2,2.338984162E-1,9.617950439E0,9.620958429E0
1.062734119E1,-2.632104978E-2,2.578266263E-1,9.812965393E0,9.816387175E0
1.062949958E1,-2.632104978E-2,2.488535494E-1,9.846465111E0,9.849644464E0
1.063166177E1,-1.082752272E-1,2.386840582E-1,9.689735413E0,9.693279423E0
1.063381468E1,-9.451649338E-2,2.147558331E-1,9.641879082E0,9.644733571E0
1.063596514E1,-9.870393574E-2,2.009970993E-1,9.699306488E0,9.701890983E0
1.063809878E1,-9.870393574E-2,2.530409992E-1,9.803992271E0,9.807753906E0
1.064026706E1,-7.896314561E-2,2.153540403E-1,9.842277527E0,9.844949947E0
1.064241530E1,-1.130608693E-1,2.530409992E-1,9.708877563E0,9.712832545E0
1.064457932E1,-1.088734269E-1,2.482553422E-1,9.684949875E0,9.688742861E0
1.064673261E1,-5.563312769E-2,2.434697002E-1,9.751350403E0,9.754548027E0
1.064888632E1,-5.563312769E-2,2.243271172E-1,9.717850685E0,9.720598728E0
1.065105247E1,-8.434699476E-2,2.578266263E-1,9.708877563E0,9.712666602E0
1.065321391E1,-3.649054468E-2,2.392822653E-1,9.780064583E0,9.783059379E0
1.065536743E1,-2.632104978E-2,2.769692242E-1,9.798608780E0,9.802557767E0
1.065752263E1,-3.649054468E-2,2.626122832E-1,9.708279610E0,9.711899389E0
1.065968006E1,-2.691925503E-2,2.961117923E-1,9.713065147E0,9.717615006E0
1.066183700E1,-4.606183618E-2,2.769692242E-1,9.736993790E0,9.741041100E0
1.066399580E1,-7.956135273E-2,2.865405083E-1,9.699306488E0,9.703864273E0
1.066615143E1,-7.956135273E-2,2.434697002E-1,9.761520386E0,9.764880324E0
1.066830913E1,-8.374879509E-2,2.673979402E-1,9.856635094E0,9.860617166E0
1.067046091E1,-7.477571070E-2,2.195414752E-1,9.766305923E0,9.769059384E0
1.067262558E1,-1.328016520E-1,2.051845491E-1,9.661619186E0,9.664710150E0
1.067478201E1,-1.130608693E-1,2.721835673E-1,9.756733894E0,9.761184505E0
1.067694240E1,-6.041877344E-2,2.482553422E-1,9.780064583E0,9.783401473E0
1.067909696E1,-7.956135273E-2,2.578266263E-1,9.699306488E0,9.703058844E0
1.068125536E1,-6.520441920E-2,2.865405083E-1,9.765707016E0,9.770127461E0
1.068341115E1,-3.110669367E-2,3.248256743E-1,9.879964828E0,9.885352010E0
1.068556990E1,-5.084748194E-2,2.865405083E-1,9.727422714E0,9.731774946E0
1.068772722E1,-4.187439755E-2,2.386840582E-1,9.574879646E0,9.577945698E0
1.068988529E1,-4.127619043E-2,2.482553422E-1,9.713065147E0,9.716324871E0
1.069204121E1,-1.674975827E-2,3.008974493E-1,9.913464546E0,9.918044119E0
1.069419970E1,-2.392822644E-3,2.673979402E-1,9.798608780E0,9.802256955E0
1.069635678E1,-4.666004330E-2,2.626122832E-1,9.656235695E0,9.659918745E0
1.069851488E1,-6.999006122E-2,2.961117923E-1,9.746564865E0,9.751313115E0
1.070067095E1,-4.546362907E-2,2.913261652E-1,9.813564301E0,9.817992776E0
1.070282895E1,-8.913264424E-2,2.865405083E-1,9.728020668E0,9.732647955E0
1.070498661E1,-7.477571070E-2,2.673979402E-1,9.699306488E0,9.703279828E0
1.070714478E1,-8.434699476E-2,2.817548811E-1,9.808777809E0,9.813186146E0
1.070930096E1,-7.417750359E-2,2.817548811E-1,9.851848602E0,9.856155894E0
1.071145930E1,-8.434699476E-2,2.578266263E-1,9.794421196E0,9.798177154E0
1.071361537E1,-1.082752272E-1,2.769692242E-1,9.737591743E0,9.742131617E0
1.071577418E1,-7.956135273E-2,2.913261652E-1,9.751350403E0,9.756025606E0
1.071793104E1,-7.956135273E-2,3.008974493E-1,9.799206734E0,9.804148198E0
1.072008926E1,-6.939185411E-2,2.913261652E-1,9.875179291E0,9.879719236E0
1.072224631E1,-6.460621208E-2,3.200400174E-1,9.899106979E0,9.904489818E0
1.072440392E1,-5.084748194E-2,2.913261652E-1,9.760921478E0,9.765400376E0
1.072656041E1,-7.537391037E-2,2.673979402E-1,9.613164902E0,9.617178501E0
1.072871929E1,-6.041877344E-2,2.961117923E-1,9.741779327E0,9.746465877E0
1.073087473E1,-2.572284266E-2,3.104687333E-1,9.965508461E0,9.970376692E0
1.073303371E1,-4.127619043E-2,2.626122832E-1,9.799206734E0,9.802811920E0
1.073518988E1,-7.058826834E-2,2.530409992E-1,9.603593826E0,9.607186208E0
1.073734810E1,-6.520441920E-2,2.817548811E-1,9.803992271E0,9.808256822E0
1.073950556E1,-5.024927482E-2,2.961117923E-1,9.865608215E0,9.870178957E0
1.074166340E1,-1.088734269E-1,2.673979402E-1,9.646664619E0,9.650984062E0
1.074382025E1,-1.226321608E-1,3.104687333E-1,9.708877563E0,9.714614404E0
1.074598006E1,-5.503492057E-2,2.865405083E-1,9.899106979E0,9.903406146E0
1.074814142E1,-6.939185411E-2,3.104687333E-1,9.865608215E0,9.870736119E0
1.075029278E1,-9.391828626E-2,2.913261652E-1,9.794421196E0,9.799202934E0
1.075244777E1,-8.374879509E-2,3.008974493E-1,9.866206169E0,9.871148733E0
1.075460705E1,-8.853443712E-2,2.913261652E-1,9.808777809E0,9.813502504E0
1.075676719E1,-9.391828626E-2,2.530409992E-1,9.694520950E0,9.698277520E0
1.075892913E1,-6.041877344E-2,2.626122832E-1,9.784850121E0,9.788560033E0
1.076107903E1,-7.357929647E-2,2.817548811E-1,9.942177773E0,9.946441504E0
1.076323633E1,-5.982056633E-2,3.056831062E-1,9.908679008E0,9.913573541E0
1.076538976E1,-6.580262631E-2,2.482553422E-1,9.598808289E0,9.602243554E0
1.076755258E1,-6.101697683E-2,2.530409992E-1,9.561120987E0,9.564663473E0
1.076970818E1,-1.615155302E-2,3.104687333E-1,9.999007225E0,1.000383912E1
1.077186797E1,2.991028363E-3,3.248256743E-1,1.001815033E1,1.002341542E1
1.077402516E1,-8.075776696E-2,2.291127741E-1,9.437292099E0,9.440418245E0
1.077618295E1,-1.627119333E-1,2.530409992E-1,9.385248184E0,9.390068605E0
1.077833883E1,-4.426721856E-2,3.535395563E-1,1.010847950E1,1.011475692E1
1.078049681E1,2.751746029E-2,3.296113312E-1,1.009890842E1,1.010432344E1
1.078265307E1,-1.286142170E-1,2.530409992E-1,9.499505997E0,9.503745869E0
1.078481230E1,-1.477568001E-1,2.913261652E-1,9.504291534E0,9.509903290E0
1.078697197E1,-5.443671346E-2,3.152543902E-1,9.961320877E0,9.966456858E0
1.078913972E1,-8.853443712E-2,3.056831062E-1,9.894321442E0,9.899438231E0
1.079129640E1,-1.136590764E-1,2.673979402E-1,9.680164337E0,9.684523821E0
1.079345360E1,-5.084748194E-2,2.626122832E-1,9.784850121E0,9.788505635E0
1.079560777E1,-8.853443712E-2,2.626122832E-1,9.847063065E0,9.850962113E0
1.079776687E1,-1.076770201E-1,2.626122832E-1,9.847063065E0,9.851152752E0
1.079992012E1,-7.956135273E-2,2.434697002E-1,9.713663101E0,9.717039588E0
1.080206952E1,-8.973085135E-2,2.338984162E-1,9.589835167E0,9.593106829E0
1.080422930E1,-7.058826834E-2,2.434697002E-1,9.585049629E0,9.588401149E0
1.080639628E1,-5.503492057E-2,2.440679073E-1,9.927821159E0,9.930973314E0
1.080855584E1,-4.486542568E-2,2.913261652E-1,1.005643559E1,1.006075447E1
1.081071272E1,-5.563312769E-2,2.530409992E-1,9.684949875E0,9.688414673E0
1.081286780E1,-1.196411327E-1,2.338984162E-1,9.337391853E0,9.341087147E0
1.081502846E1,-9.930214286E-2,2.913261652E-1,9.641879082E0,9.646790351E0
1.081718236E1,-6.580262445E-3,2.823530734E-1,1.003250694E1,1.003648156E1
1.081934070E1,-3.589234129E-2,2.578266263E-1,9.846465111E0,9.849905482E0
1.082149624E1,-8.075776696E-2,2.386840582E-1,9.498908043E0,9.502249518E0
1.082365307E1,-8.973085135E-2,2.195414752E-1,9.604191780E0,9.607119747E0
1.082580305E1,-5.982056633E-2,2.626122832E-1,9.923035622E0,9.926690267E0
1.082797217E1,-6.939185411E-2,2.482553422E-1,9.890133858E0,9.893492491E0
1.083012675E1,-1.136590764E-1,2.099701911E-1,9.618548393E0,9.621511267E0
1.083228750E1,-1.232303679E-1,2.673979402E-1,9.565906525E0,9.570436511E0
1.083444300E1,-5.503492057E-2,2.721835673E-1,9.856036186E0,9.859947365E0
1.083660767E1,-4.965107143E-2,3.008974493E-1,9.961320877E0,9.965988065E0
1.083875650E1,-6.520441920E-2,2.434697002E-1,9.723235130E0,9.726501453E0
1.084091516E1,-8.554340899E-2,2.434697002E-1,9.556335449E0,9.559819161E0
1.084306786E1,-5.563312769E-2,2.626122832E-1,9.680164337E0,9.683885679E0
1.084521959E1,-2.392822644E-3,2.961117923E-1,9.808179855E0,9.812648979E0
1.084738604E1,-3.649054468E-2,2.626122832E-1,9.784850121E0,9.788441584E0
1.084954448E1,-7.417750359E-2,2.865405083E-1,9.808777809E0,9.813242577E0
1.085170106E1,-4.127619043E-2,2.530409992E-1,9.799206734E0,9.802560180E0
1.085384933E1,-7.537391037E-2,2.434697002E-1,9.627521515E0,9.630894519E0
1.085601596E1,-8.973085135E-2,2.673979402E-1,9.632308006E0,9.636436624E0
1.085817479E1,-4.546362907E-2,3.056831062E-1,9.808777809E0,9.813645154E0
1.086033445E1,-7.956135273E-2,2.626122832E-1,9.746564865E0,9.750426754E0
1.086248913E1,-1.375873089E-1,2.578266263E-1,9.666405678E0,9.670822280E0
1.086464574E1,-1.028913707E-1,2.913261652E-1,9.899705887E0,9.904525946E0
1.086680490E1,-9.332008660E-2,2.961117923E-1,9.899705887E0,9.904573059E0
1.086896058E1,-1.471585929E-1,2.530409992E-1,9.575477600E0,9.579950765E0
1.087111915E1,-1.423729509E-1,2.673979402E-1,9.585049629E0,9.589835666E0
1.087327517E1,-7.896314561E-2,2.626122832E-1,9.880562782E0,9.884367521E0
1.087543079E1,-5.024927482E-2,2.865405083E-1,9.913464546E0,9.917732088E0
1.087757789E1,-9.391828626E-2,2.817548811E-1,9.766305923E0,9.770820736E0
1.087974615E1,-7.058826834E-2,2.626122832E-1,9.684949875E0,9.688766794E0
1.088189499E1,-8.913264424E-2,3.056831062E-1,9.799206734E0,9.804378583E0
1.088406670E1,-7.477571070E-2,2.865405083E-1,9.789635658E0,9.794113701E0
1.088621987E1,-7.058826834E-2,2.338984162E-1,9.617950439E0,9.621053052E0
1.088838416E1,-7.477571070E-2,2.865405083E-1,9.718449593E0,9.722960421E0
1.089054998E1,-7.178467698E-3,2.817548811E-1,9.923035622E0,9.927037488E0
1.089270487E1,-4.127619043E-2,2.147558331E-1,9.732806206E0,9.735262730E0
1.089486650E1,-1.142572835E-1,2.051845491E-1,9.528220177E0,9.531114057E0
1.089701712E1,-7.537391037E-2,2.243271172E-1,9.684949875E0,9.687840727E0
1.089917931E1,-5.982056633E-2,2.721835673E-1,9.875777245E0,9.879708426E0
1.090133505E1,-7.956135273E-2,2.578266263E-1,9.770493507E0,9.774218534E0
1.090348757E1,-9.451649338E-2,2.769692242E-1,9.656235695E0,9.660669393E0
1.090563204E1,-8.853443712E-2,3.152543902E-1,9.837491989E0,9.842940227E0
1.090777931E1,-5.982056633E-2,3.008974493E-1,9.832706451E0,9.837491242E0
1.090994366E1,-7.058826834E-2,2.673979402E-1,9.651450157E0,9.655411669E0
1.091211075E1,-8.973085135E-2,2.673979402E-1,9.680164337E0,9.684272553E0
1.091427006E1,-5.503492057E-2,2.721835673E-1,9.866206169E0,9.870113318E0
1.091642568E1,-7.417750359E-2,2.530409992E-1,9.847063065E0,9.850593030E0
1.091858206E1,-8.434699476E-2,2.291127741E-1,9.756733894E0,9.759788080E0
1.092073879E1,-6.041877344E-2,2.386840582E-1,9.780064583E0,9.783163279E0
1.092289724E1,-5.084748194E-2,2.673979402E-1,9.736993790E0,9.740797461E0
1.092505126E1,-4.666004330E-2,2.243271172E-1,9.651450157E0,9.654169563E0
1.092720256E1,-3.170489892E-2,2.338984162E-1,9.722636223E0,9.725500953E0
1.092936988E1,1.196411345E-2,2.673979402E-1,9.846465111E0,9.850102536E0
1.093152714E1,2.093719877E-2,2.386840582E-1,9.732208252E0,9.735157210E0
1.093368641E1,-7.058826834E-2,2.626122832E-1,9.617950439E0,9.621793937E0
1.093584130E1,-9.810572863E-2,3.248256743E-1,9.847063065E0,9.852907563E0
1.093799269E1,-9.332008660E-2,2.961117923E-1,9.880562782E0,9.885439380E0
1.094015685E1,-1.423729509E-1,2.865405083E-1,9.599406242E0,9.604737150E0
1.094231304E1,-1.369891018E-1,3.152543902E-1,9.699306488E0,9.705395288E0
1.094447333E1,-3.529413417E-2,3.439682424E-1,1.000857925E1,1.001455034E1
1.094662626E1,-7.357929647E-2,3.296113312E-1,9.932606697E0,9.938346610E0
1.094877502E1,-9.451649338E-2,3.056831062E-1,9.608379364E0,9.613705297E0
1.095094318E1,-7.058826834E-2,2.147558331E-1,9.617950439E0,9.620606708E0
1.095310119E1,-4.067798331E-2,2.961117923E-1,9.841679573E0,9.846217228E0
1.095526076E1,-1.615155302E-2,2.817548811E-1,9.955936432E0,9.959935588E0
1.095741372E1,-4.127619043E-2,2.530409992E-1,9.756135941E0,9.759504186E0
1.095956254E1,-7.537391037E-2,2.386840582E-1,9.637093544E0,9.640343525E0
1.096173143E1,-6.939185411E-2,2.913261652E-1,9.823135376E0,9.827699363E0
1.096388879E1,-1.196411345E-2,2.626122832E-1,9.841679573E0,9.845189951E0
1.096604855E1,-8.973085135E-2,2.673979402E-1,9.675378799E0,9.679489046E0
1.096819799E1,-9.391828626E-2,3.008974493E-1,9.775279045E0,9.780359928E0
1.097034236E1,-6.460621208E-2,3.056831062E-1,9.865608215E0,9.870554269E0
1.097251722E1,-1.040877849E-1,2.817548811E-1,9.661021233E0,9.665689388E0
1.097467587E1,-9.930214286E-2,2.769692242E-1,9.641879082E0,9.646367456E0
1.097683419E1,-5.024927482E-2,3.200400174E-1,9.856036186E0,9.861358928E0
1.097897798E1,-4.067798331E-2,3.200400174E-1,9.860821724E0,9.866097779E0
1.098113804E1,-7.058826834E-2,2.673979402E-1,9.637093544E0,9.641060955E0
1.098330605E1,-6.101697683E-2,2.530409992E-1,9.665806770E0,9.669310903E0
1.098546622E1,-1.615155302E-2,3.104687333E-1,9.923035622E0,9.927904495E0
1.098762251E1,2.213360928E-2,2.721835673E-1,9.936794281E0,9.940545980E0
1.098977672E1,-5.084748194E-2,2.386840582E-1,9.736993790E0,9.740051520E0
1.099193470E1,-2.691925503E-2,2.626122832E-1,9.746564865E0,9.750139308E0
1.099409175E1,7.178467698E-3,2.249253243E-1,9.841679573E0,9.844252117E0
1.099625035E1,-4.127619043E-2,2.482553422E-1,9.780064583E0,9.783301983E0
1.099840773E1,-7.776673418E-3,2.434697002E-1,9.741779327E0,9.744824392E0
1.100056247E1,-4.127619043E-2,2.195414752E-1,9.775279045E0,9.777831180E0
1.100270914E1,-6.520441920E-2,2.817548811E-1,9.746564865E0,9.750854532E0
1.100487062E1,-4.606183618E-2,2.195414752E-1,9.717850685E0,9.720439398E0
1.100703628E1,-1.082752272E-1,2.482553422E-1,9.747162819E0,9.750924944E0
1.100919727E1,-8.374879509E-2,3.056831062E-1,9.823135376E0,9.828247282E0
1.101135658E1,-6.999006122E-2,2.195414752E-1,9.737591743E0,9.740317758E0
1.101352019E1,-1.471585929E-1,2.434697002E-1,9.613762856E0,9.617971168E0
1.101565446E1,-8.913264424E-2,2.578266263E-1,9.780064583E0,9.783868480E0
1.101781442E1,-2.392822644E-3,2.392822653E-1,9.884750366E0,9.887646410E0
1.101997789E1,-3.649054468E-2,2.338984162E-1,9.713065147E0,9.715949495E0
1.102214142E1,-1.794617064E-2,1.818545163E-1,9.608379364E0,9.610116916E0
1.102429653E1,1.196411345E-2,2.153540403E-1,9.827322960E0,9.829689571E0
1.102644728E1,-6.580262445E-3,2.344966233E-1,9.951150894E0,9.953915616E0
1.102861057E1,-1.256231871E-2,2.009970993E-1,9.794421196E0,9.796491423E0
1.103076937E1,-6.580262631E-2,2.003988922E-1,9.603593826E0,9.605909852E0
1.103292841E1,-6.520441920E-2,2.338984162E-1,9.718449593E0,9.721482529E0
1.103508149E1,-3.589234129E-2,2.153540403E-1,9.842277527E0,9.844698702E0
1.103723038E1,-6.520441920E-2,2.153540403E-1,9.770493507E0,9.773084076E0
1.103939856E1,-7.537391037E-2,2.147558331E-1,9.680164337E0,9.682839609E0
1.104155522E1,-6.999006122E-2,1.818545163E-1,9.694520950E0,9.696479058E0
1.104371630E1,-6.101697683E-2,1.908276081E-1,9.641879082E0,9.643960311E0
1.104586802E1,-7.477571070E-2,1.770688742E-1,9.718449593E0,9.720350162E0
1.104802075E1,-7.417750359E-2,2.297109663E-1,9.842277527E0,9.845237242E0
1.105018608E1,-5.563312769E-2,2.105683982E-1,9.723235130E0,9.725674038E0
1.105234334E1,-7.118647546E-2,1.860419661E-1,9.461220741E0,9.463317444E0
1.105450187E1,-8.434699476E-2,2.530409992E-1,9.737591743E0,9.741244126E0
1.105665538E1,-2.093719877E-2,2.865405083E-1,9.955936432E0,9.960081027E0
1.105880450E1,-2.751746029E-2,2.051845491E-1,9.627521515E0,9.629747059E0
1.106097300E1,-1.004985496E-1,2.291127741E-1,9.408578873E0,9.411904644E0
1.106312687E1,1.196411345E-2,2.440679073E-1,9.803394318E0,9.806439335E0
1.106528062E1,3.170489892E-2,2.584248483E-1,1.000379372E1,1.000718129E1
1.106744561E1,-5.084748194E-2,2.578266263E-1,9.703494072E0,9.707051934E0
1.106960278E1,-6.161518395E-2,2.003988922E-1,9.503693581E0,9.506005882E0
1.107176220E1,-5.144568533E-2,2.673979402E-1,9.646664619E0,9.650507064E0
1.107391851E1,-4.067798331E-2,2.530409992E-1,9.832706451E0,9.836045984E0
1.107607436E1,-5.563312769E-2,2.482553422E-1,9.756135941E0,9.759452559E0
1.107823260E1,-1.178465188E-1,2.386840582E-1,9.708877563E0,9.712526006E0
1.108038884E1,-1.034895778E-1,2.673979402E-1,9.718449593E0,9.722678347E0
1.108254780E1,-8.434699476E-2,2.386840582E-1,9.708877563E0,9.712177307E0
1.108470491E1,-1.136590764E-1,2.386840582E-1,9.628120422E0,9.631749132E0
1.108686243E1,-1.082752272E-1,2.386840582E-1,9.742377281E0,9.745902149E0
1.108901898E1,-7.477571070E-2,2.721835673E-1,9.803992271E0,9.808054841E0
1.109117764E1,-6.101697683E-2,2.578266263E-1,9.617950439E0,9.621599051E0
1.109333660E1,-7.118647546E-2,2.578266263E-1,9.537193298E0,9.540943250E0
1.109549194E1,-5.563312769E-2,3.056831062E-1,9.722636223E0,9.727599515E0
1.109764832E1,-4.067798331E-2,3.200400174E-1,9.908679008E0,9.913929594E0
1.109980794E1,-7.477571070E-2,2.673979402E-1,9.770493507E0,9.774437909E0
1.110196880E1,-5.144568533E-2,2.721835673E-1,9.617950439E0,9.621938537E0
1.110411336E1,-6.520441920E-2,2.769692242E-1,9.704092026E0,9.708262749E0
1.110626812E1,-7.477571070E-2,3.152543902E-1,9.794421196E0,9.799778737E0
1.110843488E1,-7.477571070E-2,2.913261652E-1,9.728020668E0,9.732669133E0
1.111059447E1,-7.537391037E-2,2.626122832E-1,9.632308006E0,9.636182022E0
1.111275524E1,-8.973085135E-2,2.673979402E-1,9.661021233E0,9.665137585E0
1.111491325E1,-6.999006122E-2,2.578266263E-1,9.747162819E0,9.750823360E0
1.111707021E1,-8.434699476E-2,2.673979402E-1,9.789635658E0,9.793650106E0
1.111924045E1,-1.232303679E-1,2.434697002E-1,9.680762291E0,9.684607465E0
1.112139631E1,-1.088734269E-1,2.530409992E-1,9.613762856E0,9.617708636E0
1.112355126E1,-7.058826834E-2,2.482553422E-1,9.627521515E0,9.630980425E0
1.112569363E1,-4.127619043E-2,2.865405083E-1,9.680164337E0,9.684492283E0
1.112785012E1,-4.127619043E-2,3.056831062E-1,9.694520950E0,9.699426908E0
1.113001288E1,-5.084748194E-2,3.391826153E-1,9.675378799E0,9.681455739E0
1.113218385E1,-1.794617064E-2,2.961117923E-1,9.665208817E0,9.669760376E0
1.113434396E1,-2.213360928E-2,3.248256743E-1,9.669994354E0,9.675473757E0
1.113650412E1,-2.751746029E-2,2.913261652E-1,9.661021233E0,9.665451847E0
1.113865401E1,-5.144568533E-2,2.673979402E-1,9.627521515E0,9.631371597E0
1.114081033E1,-8.015955985E-2,2.913261652E-1,9.670592308E0,9.675311472E0
1.114296822E1,-6.041877344E-2,2.673979402E-1,9.756135941E0,9.759986710E0
1.114512633E1,-1.034895778E-1,2.626122832E-1,9.699306488E0,9.703412887E0
1.114728132E1,-1.232303679E-1,3.008974493E-1,9.670592308E0,9.676057079E0
1.114941082E1,-1.040877849E-1,2.530409992E-1,9.665806770E0,9.669678616E0
1.115159537E1,-1.232303679E-1,2.817548811E-1,9.637691498E0,9.642596587E0
1.115374177E1,-1.082752272E-1,2.865405083E-1,9.728020668E0,9.732842088E0
1.115592059E1,-8.434699476E-2,2.578266263E-1,9.728020668E0,9.731802254E0
1.115806775E1,-1.232303679E-1,2.817548811E-1,9.618548393E0,9.623463240E0
1.116022322E1,-1.094716340E-1,2.626122832E-1,9.556335449E0,9.560569882E0
1.116238191E1,-6.041877344E-2,3.056831062E-1,9.708279610E0,9.713278827E0
1.116453039E1,-4.127619043E-2,2.865405083E-1,9.708279610E0,9.712595027E0
1.116670149E1,-5.623133108E-2,2.721835673E-1,9.627521515E0,9.631532400E0
1.116885802E1,-8.973085135E-2,2.817548811E-1,9.575477600E0,9.580042208E0
1.117101812E1,-5.623133108E-2,2.817548811E-1,9.594022751E0,9.598323829E0
1.117316709E1,-7.058826834E-2,2.530409992E-1,9.608379364E0,9.611969957E0
1.117529811E1,-6.520441920E-2,3.056831062E-1,9.694520950E0,9.699558249E0
1.117745277E1,-5.144568533E-2,2.673979402E-1,9.613164902E0,9.617020731E0
1.117962293E1,-1.052841991E-1,2.386840582E-1,9.418149948E0,9.421762218E0
1.118177328E1,-9.990034252E-2,2.530409992E-1,9.561120987E0,9.564990557E0
1.118395042E1,-4.546362907E-2,2.673979402E-1,9.808777809E0,9.812527234E0
1.118610452E1,-6.999006122E-2,2.721835673E-1,9.732806206E0,9.736862900E0
1.118826622E1,-1.333998591E-1,2.482553422E-1,9.489934921E0,9.494118761E0
1.119042162E1,-1.238285750E-1,2.434697002E-1,9.504291534E0,9.508215846E0
1.119258546E1,-1.088734269E-1,2.961117923E-1,9.627521515E0,9.632689455E0
1.119473367E1,-6.999006122E-2,2.961117923E-1,9.684949875E0,9.689728318E0
1.119689023E1,-7.118647546E-2,2.243271172E-1,9.532406807E0,9.535311726E0
1.119904631E1,-8.554340899E-2,2.434697002E-1,9.451649666E0,9.455171948E0
1.120120532E1,-5.144568533E-2,2.291127741E-1,9.575477600E0,9.578356362E0
1.120336152E1,-2.751746029E-2,2.626122832E-1,9.613164902E0,9.616790621E0
1.120551151E1,-2.811566554E-2,2.195414752E-1,9.522835732E0,9.525407567E0
1.120767867E1,-7.058826834E-2,2.673979402E-1,9.575477600E0,9.579470530E0
1.120983533E1,-3.708875179E-2,2.434697002E-1,9.594022751E0,9.597183213E0
1.121199414E1,-7.597211748E-2,2.099701911E-1,9.494122505E0,9.496747937E0
1.121413958E1,-9.032905847E-2,2.338984162E-1,9.489336014E0,9.492647986E0
1.121630846E1,-3.649054468E-2,2.769692242E-1,9.675378799E0,9.679411058E0
1.121846444E1,-4.187439755E-2,2.291127741E-1,9.561120987E0,9.563957374E0
1.122062602E1,-1.004985496E-1,2.482553422E-1,9.351150513E0,9.354985119E0
1.122278065E1,-7.597211748E-2,2.243271172E-1,9.513264656E0,9.516212421E0
1.122493404E1,-4.606183618E-2,2.865405083E-1,9.746564865E0,9.750884771E0
1.122707834E1,-6.101697683E-2,2.434697002E-1,9.613164902E0,9.616441129E0
1.122925262E1,-1.148554832E-1,2.195414752E-1,9.356534958E0,9.359814991E0
1.123140660E1,-1.196411327E-1,2.291127741E-1,9.394221306E0,9.397776365E0
1.123356154E1,-5.563312769E-2,2.578266263E-1,9.684949875E0,9.688540844E0
1.123572608E1,-2.751746029E-2,2.578266263E-1,9.661021233E0,9.664500144E0
1.123789033E1,-6.161518395E-2,2.482553422E-1,9.427721024E0,9.431190320E0
1.124004290E1,-9.571290761E-2,2.482553422E-1,9.370293617E0,9.374070309E0
1.124219753E1,-5.623133108E-2,2.673979402E-1,9.579665184E0,9.583561377E0
1.124435219E1,-1.316052489E-2,2.386840582E-1,9.665806770E0,9.668762268E0
1.124651128E1,-4.725824669E-2,2.147558331E-1,9.498908043E0,9.501452911E0
1.124866606E1,-6.699903309E-2,2.147558331E-1,9.384650230E0,9.387346211E0
1.125082738E1,-4.725824669E-2,2.099701911E-1,9.518050194E0,9.520483198E0
1.125298372E1,-1.316052489E-2,2.338984162E-1,9.579665184E0,9.582529244E0
1.125514309E1,-3.290131316E-2,2.147558331E-1,9.474979401E0,9.477469979E0
1.125729935E1,-3.828516230E-2,2.386840582E-1,9.365508080E0,9.368627297E0
1.125945626E1,-7.657032460E-2,2.243271172E-1,9.427721024E0,9.430700365E0
1.126161342E1,-8.015955985E-2,2.673979402E-1,9.565906525E0,9.569978832E0
1.126377162E1,-6.580262631E-2,2.291127741E-1,9.599406242E0,9.602365482E0
1.126592838E1,-9.032905847E-2,2.434697002E-1,9.489336014E0,9.492888644E0
1.126808634E1,-9.511470050E-2,2.003988922E-1,9.456435204E0,9.459036594E0
1.127024144E1,-9.511470050E-2,1.956132501E-1,9.541978836E0,9.544457630E0
1.127240185E1,-1.040877849E-1,2.386840582E-1,9.599406242E0,9.602937288E0
1.127456241E1,-7.118647546E-2,2.291127741E-1,9.541978836E0,9.544994515E0
1.127673004E1,-1.052841991E-1,2.195414752E-1,9.432506561E0,9.435648534E0
1.127887418E1,-9.511470050E-2,2.578266263E-1,9.456435204E0,9.460427482E0
1.128103014E1,-5.144568533E-2,2.721835673E-1,9.556335449E0,9.560349249E0
1.128317348E1,-8.973085321E-3,2.673979402E-1,9.522237778E0,9.525995721E0
1.128536218E1,-1.854437590E-2,2.721835673E-1,9.431908607E0,9.435853314E0
1.128751827E1,-1.375873014E-2,2.721835673E-1,9.455837250E0,9.459763807E0
1.128967916E1,-8.374879137E-3,2.961117923E-1,9.536594391E0,9.541194103E0
1.129182329E1,-8.374879137E-3,2.913261652E-1,9.565308571E0,9.569747600E0
1.129398441E1,-2.811566554E-2,2.721835673E-1,9.513264656E0,9.517199105E0
1.129614237E1,-8.075776696E-2,2.865405083E-1,9.437292099E0,9.441986520E0
1.129830562E1,-9.511470050E-2,2.578266263E-1,9.461220741E0,9.465211001E0
1.130045418E1,-1.142572835E-1,2.721835673E-1,9.513264656E0,9.517843403E0
1.130258956E1,-7.537391037E-2,2.482553422E-1,9.580264091E0,9.583776500E0
1.130477502E1,-1.238285750E-1,2.578266263E-1,9.546764374E0,9.551048010E0
1.130693434E1,-1.477568001E-1,2.626122832E-1,9.533005714E0,9.537766784E0
1.130909886E1,-1.094716340E-1,2.482553422E-1,9.446864128E0,9.450759578E0
1.131124180E1,-1.244267747E-1,2.434697002E-1,9.399007797E0,9.402983946E0
1.131337477E1,-1.142572835E-1,2.913261652E-1,9.532406807E0,9.537541884E0
1.131554939E1,-7.537391037E-2,2.817548811E-1,9.651450157E0,9.655856108E0
1.131772005E1,-1.040877849E-1,3.056831062E-1,9.589835167E0,9.595270447E0
1.131988471E1,-1.190429255E-1,2.913261652E-1,9.504291534E0,9.509500498E0
1.132203799E1,-4.725824669E-2,2.913261652E-1,9.489336014E0,9.493924492E0
1.132419555E1,-4.247260094E-2,2.769692242E-1,9.527621269E0,9.531740813E0
1.132635730E1,-3.768695518E-2,2.913261652E-1,9.527621269E0,9.532148671E0
1.132849590E1,-8.374879137E-3,2.913261652E-1,9.579665184E0,9.584097564E0
1.133066453E1,-5.204389244E-2,2.913261652E-1,9.537193298E0,9.541783665E0
1.133282017E1,-6.161518395E-2,2.817548811E-1,9.470193863E0,9.474584637E0
1.133497909E1,-9.511470050E-2,2.913261652E-1,9.479764938E0,9.484717235E0
1.133712480E1,-9.990034252E-2,2.865405083E-1,9.541978836E0,9.546802902E0
1.133929457E1,-1.094716340E-1,2.291127741E-1,9.485149384E0,9.488547599E0
1.134145317E1,-1.142572835E-1,2.626122832E-1,9.527621269E0,9.531924621E0
1.134361340E1,-9.990034252E-2,2.291127741E-1,9.565906525E0,9.569171353E0
1.134576118E1,-1.184447184E-1,2.865405083E-1,9.637691498E0,9.642677638E0
1.134789905E1,-8.973085135E-2,2.530409992E-1,9.561120987E0,9.564889748E0
1.135008030E1,-9.511470050E-2,2.530409992E-1,9.461220741E0,9.465081852E0
1.135222546E1,-6.580262631E-2,2.865405083E-1,9.570094109E0,9.574608958E0
1.135440335E1,1.794616925E-3,3.200400174E-1,9.669994354E0,9.675289125E0
1.135655018E1,-2.751746029E-2,2.817548811E-1,9.560523033E0,9.564713466E0
1.135870203E1,-5.682953820E-2,2.913261652E-1,9.412766457E0,9.417445136E0
1.136087082E1,-5.204389244E-2,2.626122832E-1,9.489336014E0,9.493111806E0
1.136304228E1,-4.666004330E-2,2.961117923E-1,9.656235695E0,9.660887493E0
1.136516803E1,-8.973085321E-3,2.243271172E-1,9.541379929E0,9.544020857E0
1.136734248E1,-7.657032460E-2,2.243271172E-1,9.422935486E0,9.425916340E0
1.136949249E1,-1.088734269E-1,2.769692242E-1,9.594620705E0,9.599234961E0
1.137165854E1,-4.666004330E-2,2.530409992E-1,9.675378799E0,9.678799606E0
1.137381325E1,-9.092725813E-2,2.243271172E-1,9.323035240E0,9.326176950E0
1.137597174E1,-1.298106313E-1,2.578266263E-1,9.294321060E0,9.298802576E0
1.137812938E1,-5.084748194E-2,2.961117923E-1,9.689137459E0,9.693794528E0
1.138029024E1,1.794616925E-3,2.721835673E-1,9.727422714E0,9.731230127E0
1.138245903E1,-9.571290761E-2,2.578266263E-1,9.399007797E0,9.403030528E0
1.138460122E1,-1.196411327E-1,2.578266263E-1,9.337391853E0,9.341716930E0
1.138675778E1,-8.494520187E-2,2.673979402E-1,9.599406242E0,9.603505482E0
1.138891188E1,-7.058826834E-2,2.769692242E-1,9.665806770E0,9.670031808E0
1.139106713E1,-6.640082598E-2,2.386840582E-1,9.479764938E0,9.483001763E0
1.139320952E1,-1.004985496E-1,2.578266263E-1,9.384650230E0,9.388729119E0
1.139538897E1,-1.094716340E-1,2.530409992E-1,9.485149384E0,9.489155527E0
1.139754572E1,-9.930214286E-2,2.865405083E-1,9.599406242E0,9.604195260E0
1.139970442E1,-6.640082598E-2,2.913261652E-1,9.508479118E0,9.513172717E0
1.140184547E1,-6.221338734E-2,2.147558331E-1,9.317651749E0,9.320333936E0
1.140400357E1,-8.075776696E-2,2.626122832E-1,9.474979401E0,9.478962057E0
1.140615125E1,-4.127619043E-2,2.817548811E-1,9.789635658E0,9.793776384E0
1.140833592E1,-7.118647546E-2,2.243271172E-1,9.522835732E0,9.525743569E0
1.141049327E1,-1.830509305E-1,2.099701911E-1,9.084949493E0,9.089219022E0
1.141264692E1,-1.579262912E-1,2.195414752E-1,9.361320496E0,9.365226137E0
1.141477643E1,-5.084748194E-2,2.673979402E-1,9.751350403E0,9.755148477E0
1.141696213E1,-1.094716340E-1,2.195414752E-1,9.522835732E0,9.525995112E0
1.141912080E1,-1.770688742E-1,2.482553422E-1,9.323035240E0,9.328020701E0
1.142128362E1,-8.075776696E-2,2.961117923E-1,9.518050194E0,9.522997611E0
1.142343154E1,-6.640082598E-2,2.530409992E-1,9.489336014E0,9.492941420E0
1.142557657E1,-1.435693651E-1,2.769692242E-1,9.303893089E0,9.309121910E0
1.142773745E1,-1.046859920E-1,2.530409992E-1,9.498908043E0,9.502854461E0
1.142988767E1,-7.058826834E-2,2.338984162E-1,9.627521515E0,9.630621044E0
1.143206782E1,-1.339980662E-1,2.099701911E-1,9.337391853E0,9.340713548E0
1.143422578E1,-1.531406492E-1,2.291127741E-1,9.346963882E0,9.351025534E0
1.143639094E1,-8.913264424E-2,2.626122832E-1,9.708877563E0,9.712837556E0
1.143852078E1,-6.101697683E-2,2.386840582E-1,9.570692062E0,9.573862319E0
1.144069437E1,-1.304088384E-1,1.956132501E-1,9.094520569E0,9.097558760E0
1.144284837E1,-1.106680483E-1,2.338984162E-1,9.260822296E0,9.264436598E0
1.144501348E1,-3.649054468E-2,2.913261652E-1,9.746564865E0,9.750986061E0
1.144715955E1,-3.708875179E-2,2.817548811E-1,9.632308006E0,9.636499308E0
1.144929472E1,-1.112662554E-1,2.195414752E-1,9.108279228E0,9.111604092E0
1.145147754E1,-1.112662554E-1,2.291127741E-1,9.117850304E0,9.121407074E0
1.145362612E1,-4.187439755E-2,2.865405083E-1,9.589237213E0,9.593608771E0
1.145580329E1,-2.273181453E-2,3.008974493E-1,9.655637741E0,9.660351764E0
1.145795382E1,-1.154536903E-1,2.338984162E-1,9.275178909E0,9.278845932E0
1.146011339E1,-1.447657645E-1,2.243271172E-1,9.151350021E0,9.155243688E0
1.146226885E1,-9.511470050E-2,2.865405083E-1,9.537193298E0,9.541970880E0
1.146442622E1,-6.580262631E-2,2.673979402E-1,9.589237213E0,9.593190396E0
1.146658366E1,-1.298106313E-1,2.434697002E-1,9.270393372E0,9.274498453E0
1.146873864E1,-1.250249892E-1,2.386840582E-1,9.246464729E0,9.250389793E0
1.147089220E1,-5.623133108E-2,2.434697002E-1,9.556335449E0,9.559601805E0
1.147305512E1,-5.623133108E-2,2.291127741E-1,9.565906525E0,9.568815092E0
1.147521271E1,-1.100698411E-1,2.003988922E-1,9.351749420E0,9.354543939E0
1.147736898E1,-1.052841991E-1,2.291127741E-1,9.360722542E0,9.364117894E0
1.147952735E1,-6.699903309E-2,2.291127741E-1,9.384650230E0,9.387685630E0
1.148168031E1,-5.742774159E-2,2.003988922E-1,9.360722542E0,9.363043531E0
1.148384058E1,-9.032905847E-2,2.434697002E-1,9.432506561E0,9.436080588E0
1.148598279E1,-5.204389244E-2,2.817548811E-1,9.479764938E0,9.484093930E0
1.148814824E1,-7.716853172E-2,2.147558331E-1,9.270393372E0,9.273201622E0
1.149031149E1,-1.250249892E-1,2.578266263E-1,9.279964447E0,9.284387215E0
1.149246401E1,-3.290131316E-2,2.434697002E-1,9.531808853E0,9.534974568E0
1.149463264E1,1.196411322E-3,2.338984162E-1,9.570094109E0,9.572952060E0
1.149678790E1,-1.058823988E-1,2.003988922E-1,9.236893654E0,9.239673975E0
1.149894844E1,-1.256231815E-1,1.956132501E-1,9.151350021E0,9.154302428E0
1.150109443E1,-9.990034252E-2,2.530409992E-1,9.470791817E0,9.474698278E0
1.150322728E1,-4.187439755E-2,2.626122832E-1,9.622735977E0,9.626409838E0
1.150542448E1,-5.802594870E-2,2.147558331E-1,9.227322578E0,9.230003740E0
1.150759768E1,-1.214357466E-1,1.908276081E-1,9.037093163E0,9.039923376E0
1.150974037E1,-8.554340899E-2,2.626122832E-1,9.489336014E0,9.493354564E0
1.151188565E1,7.178467698E-3,2.913261652E-1,9.812965393E0,9.817291494E0
1.151402391E1,-2.392822690E-2,2.147558331E-1,9.303294182E0,9.305803311E0
1.151617866E1,-5.982056633E-2,1.956132501E-1,8.893523216E0,8.895875350E0
1.151834618E1,-6.221338734E-2,2.578266263E-1,9.351150513E0,9.354911062E0
1.152050513E1,1.196411345E-2,3.343969584E-1,9.869794846E0,9.875465293E0
1.152266596E1,1.016949583E-2,2.482553422E-1,9.422337532E0,9.425612909E0
1.152481832E1,-7.357929647E-2,2.195414752E-1,8.912666321E0,8.915673464E0
1.152697138E1,-5.802594870E-2,2.578266263E-1,9.279366493E0,9.283129003E0
1.152913517E1,2.572284266E-2,2.626122832E-1,9.784252167E0,9.787809629E0
1.153129392E1,-3.708875179E-2,2.578266263E-1,9.565308571E0,9.568854592E0
1.153345289E1,-7.298108935E-2,2.338984162E-1,9.089137077E0,9.092439030E0
1.153560591E1,-5.862415582E-2,2.195414752E-1,9.093922615E0,9.096761170E0
1.153775456E1,-8.135596663E-2,2.578266263E-1,9.351150513E0,9.355057951E0
1.153992298E1,-7.118647546E-2,2.626122832E-1,9.455837250E0,9.459751097E0
1.154207965E1,-6.640082598E-2,2.721835673E-1,9.460622787E0,9.464770282E0
1.154424067E1,-6.699903309E-2,2.817548811E-1,9.365508080E0,9.369984860E0
1.154639268E1,-5.264209956E-2,2.721835673E-1,9.288937569E0,9.293073563E0
1.154854587E1,-5.742774159E-2,2.626122832E-1,9.308079720E0,9.311960654E0
1.155071058E1,-8.554340899E-2,2.769692242E-1,9.532406807E0,9.536813365E0
1.155286790E1,-4.666004330E-2,2.817548811E-1,9.560523033E0,9.564787694E0
1.155502650E1,-4.307080805E-2,2.243271172E-1,9.332008362E0,9.334803577E0
1.155718126E1,-7.238288224E-2,2.626122832E-1,9.275178909E0,9.279178212E0
1.155932950E1,-6.161518395E-2,2.626122832E-1,9.537193298E0,9.541007161E0
1.156149760E1,-6.580262631E-2,2.913261652E-1,9.598808289E0,9.603453623E0
1.156365141E1,-6.221338734E-2,2.434697002E-1,9.303294182E0,9.306687415E0
1.156580515E1,-6.759724021E-2,2.243271172E-1,9.212965012E0,9.215943595E0
1.156797001E1,-5.682953820E-2,2.721835673E-1,9.422337532E0,9.426439310E0
1.157012723E1,-3.230310604E-2,2.626122832E-1,9.589237213E0,9.592886898E0
1.157228626E1,-7.657032460E-2,2.338984162E-1,9.384650230E0,9.387876833E0
1.157444201E1,-9.152546525E-2,2.147558331E-1,9.193822861E0,9.196786165E0
1.157659873E1,-9.152546525E-2,2.338984162E-1,9.294321060E0,9.297714200E0
1.157875970E1,-6.161518395E-2,2.673979402E-1,9.494122505E0,9.498087188E0
1.158092409E1,-4.725824669E-2,2.673979402E-1,9.451051712E0,9.454951796E0
1.158306973E1,-3.409772366E-2,2.721835673E-1,9.269794464E0,9.273852272E0
1.158521923E1,-2.871387079E-2,2.673979402E-1,9.293723106E0,9.297613421E0
1.158738410E1,-1.316052489E-2,3.008974493E-1,9.546165466E0,9.550915536E0
1.158954328E1,2.512463741E-2,3.104687333E-1,9.560523033E0,9.565595786E0
1.159170398E1,-1.974078640E-2,2.530409992E-1,9.241081238E0,9.244566074E0
1.159385828E1,-7.298108935E-2,2.530409992E-1,9.155537605E0,9.159324474E0
1.159601666E1,-2.273181453E-2,2.865405083E-1,9.603593826E0,9.607894492E0
1.159817323E1,3.529413417E-2,2.673979402E-1,9.736394882E0,9.740130011E0
1.160032917E1,-5.802594870E-2,2.386840582E-1,9.256035805E0,9.259294569E0
1.160247893E1,-9.212367237E-2,2.051845491E-1,9.055637360E0,9.058430077E0
1.160464626E1,-4.725824669E-2,2.817548811E-1,9.508479118E0,9.512770064E0
1.160680266E1,-2.991028363E-3,2.961117923E-1,9.732208252E0,9.736712412E0
1.160896338E1,-2.871387079E-2,2.291127741E-1,9.327222824E0,9.330080533E0
1.161111389E1,-1.064806059E-1,2.482553422E-1,9.089137077E0,9.093150260E0
1.161325909E1,-4.307080805E-2,2.721835673E-1,9.398408890E0,9.402448014E0
1.161542646E1,-1.794617064E-2,2.769692242E-1,9.570094109E0,9.574117989E0
1.161760703E1,-7.178468257E-2,2.530409992E-1,9.293723106E0,9.297444378E0
1.161976844E1,-8.673982322E-2,2.243271172E-1,9.179466248E0,9.182616568E0
1.162192445E1,-4.247260094E-2,2.865405083E-1,9.455837250E0,9.460273119E0
1.162408140E1,5.982056726E-3,2.913261652E-1,9.560523033E0,9.564962487E0
1.162625468E1,-4.307080805E-2,2.673979402E-1,9.312865257E0,9.316802888E0
1.162837741E1,-7.716853172E-2,2.530409992E-1,9.222537041E0,9.226330484E0
1.163054899E1,-3.768695518E-2,2.865405083E-1,9.427123070E0,9.431552107E0
1.163269889E1,-1.375873014E-2,2.291127741E-1,9.431908607E0,9.434700946E0
1.163486452E1,-8.673982322E-2,2.099701911E-1,9.217751503E0,9.220550637E0
1.163701142E1,-1.100698411E-1,2.530409992E-1,9.351749420E0,9.355819704E0
1.163917842E1,-7.058826834E-2,2.578266263E-1,9.604191780E0,9.607911168E0
1.164133466E1,-8.135596663E-2,2.291127741E-1,9.427721024E0,9.430855484E0
1.164349856E1,-1.160518974E-1,1.956132501E-1,9.070592880E0,9.073444097E0
1.164566188E1,-1.058823988E-1,2.243271172E-1,9.275178909E0,9.278495435E0
1.164780158E1,-4.606183618E-2,3.056831062E-1,9.717850685E0,9.722766365E0
1.164994858E1,-2.333002165E-2,2.626122832E-1,9.527621269E0,9.531268360E0
1.165210742E1,-1.070788130E-1,2.003988922E-1,8.932407379E0,8.935296703E0
1.165428155E1,-1.160518974E-1,2.434697002E-1,9.156135559E0,9.160107200E0
1.165644653E1,-1.674975827E-2,3.391826153E-1,9.798608780E0,9.804491798E0
1.165861600E1,1.495514158E-2,2.721835673E-1,9.517452240E0,9.521355192E0
1.166073979E1,-1.417747438E-1,2.237289101E-1,8.703293800E0,8.707323221E0
1.166290956E1,-1.262213886E-1,2.434697002E-1,8.998807907E0,9.002985787E0
1.166505633E1,7.776673418E-3,3.200400174E-1,9.922437668E0,9.927600685E0
1.166720061E1,1.136590727E-2,2.673979402E-1,9.775279045E0,9.778942236E0
1.166936640E1,-1.363908947E-1,1.525424421E-1,8.818149567E0,8.820523423E0
1.167152347E1,-1.746760458E-1,1.908276081E-1,8.813364029E0,8.817160110E0
1.167368661E1,-5.144568533E-2,2.482553422E-1,9.613164902E0,9.616507516E0
1.167584054E1,6.580262445E-3,2.721835673E-1,9.693922997E0,9.697745628E0
1.167799877E1,-1.022931710E-1,1.525424421E-1,9.017950058E0,9.019820194E0
1.168015550E1,-1.645065546E-1,2.243271172E-1,8.951549530E0,8.955870926E0
1.168231399E1,-5.144568533E-2,2.913261652E-1,9.661021233E0,9.665549589E0
1.168447039E1,-7.776673418E-3,2.865405083E-1,9.708279610E0,9.712510433E0
1.168662925E1,-1.076770201E-1,1.621137410E-1,8.884550095E0,8.886681360E0
1.168878644E1,-1.507478207E-1,2.093719840E-1,8.837292671E0,8.841057815E0
1.169094103E1,-6.101697683E-2,2.961117923E-1,9.656235695E0,9.660967501E0
1.169309010E1,-1.256231871E-2,2.913261652E-1,9.727422714E0,9.731792302E0
1.169525922E1,-1.459621787E-1,1.668993831E-1,8.913264275E0,8.916021556E0
1.169741478E1,-1.698904037E-1,2.434697002E-1,8.894122124E0,8.899075716E0
1.169957782E1,-1.794617064E-2,2.961117923E-1,9.636494637E0,9.641059752E0
1.170173570E1,-1.794617064E-2,2.530409992E-1,9.555737495E0,9.559104084E0
1.170388241E1,-1.507478207E-1,1.764706671E-1,8.855836868E0,8.858877663E0
1.170604560E1,-1.351944804E-1,2.338984162E-1,9.084949493E0,9.088965470E0
1.170820117E1,-2.213360928E-2,2.769692242E-1,9.775279045E0,9.779227079E0
1.171036098E1,-5.682953820E-2,2.530409992E-1,9.503693581E0,9.507231512E0
1.171251509E1,-1.704886109E-1,1.573280841E-1,8.799007416E0,8.802065098E0
1.171466413E1,-1.692921966E-1,2.099701911E-1,8.951549530E0,8.955612001E0
1.171683286E1,-6.101697683E-2,2.721835673E-1,9.579665184E0,9.583725372E0
1.171898924E1,-3.589233849E-3,2.482553422E-1,9.560523033E0,9.563746351E0
1.172115061E1,-7.836493850E-2,1.621137410E-1,8.984451294E0,8.986255448E0
1.172330309E1,-1.118644550E-1,2.051845491E-1,9.041878700E0,9.044898274E0
1.172545145E1,-5.563312769E-2,2.769692242E-1,9.703494072E0,9.707605482E0
1.172760868E1,-8.973085321E-3,2.626122832E-1,9.503094673E0,9.506726781E0
1.172977713E1,-1.369891018E-1,1.238285750E-1,8.684749603E0,8.686712566E0
1.173193599E1,-1.698904037E-1,2.291127741E-1,8.879764557E0,8.884344320E0
1.173409582E1,-3.589234129E-2,2.865405083E-1,9.803992271E0,9.808244399E0
1.173625023E1,-2.213360928E-2,2.865405083E-1,9.741779327E0,9.746017639E0
1.173839456E1,-1.603191197E-1,1.429711580E-1,8.827720642E0,8.830333782E0
1.174055435E1,-1.507478207E-1,2.099701911E-1,8.855836868E0,8.859608288E0
1.174272096E1,-8.015955985E-2,2.626122832E-1,9.608379364E0,9.612301741E0
1.174488098E1,-3.708875179E-2,2.626122832E-1,9.594022751E0,9.597687916E0
1.174703544E1,-1.411765367E-1,1.573280841E-1,8.889336586E0,8.891849520E0
1.174917816E1,-1.507478207E-1,2.386840582E-1,8.894122124E0,8.898601201E0
1.175135187E1,-4.666004330E-2,2.817548811E-1,9.579665184E0,9.583921327E0
1.175350812E1,-8.374879137E-3,2.961117923E-1,9.603593826E0,9.608161464E0
1.175567073E1,-9.272187948E-2,2.099701911E-1,8.950951576E0,8.953894066E0
1.175782417E1,-9.810572863E-2,2.386840582E-1,8.879166603E0,8.882915871E0
1.175997890E1,-1.375873014E-2,2.961117923E-1,9.431908607E0,9.436565661E0
1.176212714E1,1.555334684E-2,2.817548811E-1,9.608379364E0,9.612522131E0
1.176429705E1,-4.426721856E-2,2.195414752E-1,9.136395454E0,9.139140000E0
1.176645583E1,-1.070788130E-1,2.051845491E-1,8.941379547E0,8.944374477E0
1.176862656E1,-9.571290761E-2,2.578266263E-1,9.351150513E0,9.355193822E0
1.177077046E1,-3.708875179E-2,2.530409992E-1,9.551549911E0,9.554973105E0
1.177294255E1,-5.383851007E-2,2.003988922E-1,9.132207870E0,9.134565063E0
1.177509738E1,-1.172483116E-1,1.860419661E-1,8.889336586E0,8.892056214E0
1.177725976E1,-1.004985496E-1,2.626122832E-1,9.308678627E0,9.312924511E0
1.177940737E1,-4.606183618E-2,3.104687333E-1,9.684351921E0,9.689436757E0
1.178155562E1,-4.307080805E-2,2.386840582E-1,9.293723106E0,9.296887348E0
1.178372501E1,-1.363908947E-1,2.099701911E-1,8.884550095E0,8.888077427E0
1.178587927E1,-1.112662554E-1,3.104687333E-1,9.156135559E0,9.162073422E0
1.178802579E1,-2.273181453E-2,3.152543902E-1,9.570094109E0,9.575312178E0
1.179019905E1,-5.264209956E-2,2.913261652E-1,9.303294182E0,9.308003264E0
1.179235614E1,-6.879365444E-2,2.243271172E-1,8.965308189E0,8.968378123E0
1.179451849E1,-7.238288224E-2,2.626122832E-1,9.189037323E0,9.193074100E0
1.179666975E1,-5.623133108E-2,3.296113312E-1,9.613164902E0,9.618978377E0
1.179882794E1,-3.290131316E-2,2.673979402E-1,9.441479683E0,9.445322798E0
1.180098177E1,-8.315058798E-2,2.243271172E-1,8.970093727E0,8.973283577E0
1.180312410E1,-1.166501045E-1,2.338984162E-1,8.970093727E0,8.973900890E0
1.180527280E1,-7.597211748E-2,2.913261652E-1,9.460622787E0,9.465412100E0
1.180745830E1,-3.230310604E-2,2.769692242E-1,9.651450157E0,9.655477491E0
1.180961871E1,-8.733802289E-2,2.099701911E-1,9.165707588E0,9.168528290E0
1.181177963E1,-1.363908947E-1,1.908276081E-1,8.889336586E0,8.892430635E0
1.181392780E1,-1.250249892E-1,2.626122832E-1,9.241679192E0,9.246254958E0
1.181608067E1,-6.101697683E-2,2.913261652E-1,9.632308006E0,9.636905703E0
1.181824506E1,-5.324030295E-2,2.482553422E-1,9.265607834E0,9.269085919E0
1.182040279E1,-1.124626622E-1,2.147558331E-1,8.860622406E0,8.863938027E0
1.182256086E1,-1.058823988E-1,2.721835673E-1,9.203393936E0,9.208026657E0
1.182471516E1,-1.316052489E-2,3.104687333E-1,9.660423279E0,9.665419906E0
1.182686035E1,-4.785645287E-3,2.673979402E-1,9.374481201E0,9.378295280E0
1.182901949E1,-8.374879509E-2,2.434697002E-1,8.883952141E0,8.887682319E0
1.183118911E1,-7.776673883E-2,2.913261652E-1,9.041280746E0,9.046307320E0
1.183335101E1,1.196411322E-3,3.391826153E-1,9.527023315E0,9.533059295E0
1.183550370E1,5.982056726E-3,3.200400174E-1,9.570094109E0,9.575445820E0
1.183764929E1,-7.298108935E-2,2.482553422E-1,9.108279228E0,9.111954096E0
1.183981884E1,-1.118644550E-1,2.578266263E-1,8.931808472E0,8.936229115E0
1.184197728E1,-8.195417374E-2,2.721835673E-1,9.227322578E0,9.231699862E0
1.184413777E1,-4.187439755E-2,2.817548811E-1,9.565308571E0,9.569548962E0
1.184629200E1,-4.785645381E-2,2.243271172E-1,9.322437286E0,9.325258702E0
1.184844926E1,-1.214357466E-1,1.908276081E-1,8.965308189E0,8.968161057E0
1.185060109E1,-1.447657645E-1,2.817548811E-1,9.160921097E0,9.166396145E0
1.185274103E1,-2.273181453E-2,2.913261652E-1,9.589237213E0,9.593688446E0
1.185492139E1,-1.914258115E-2,2.482553422E-1,9.384052277E0,9.387355021E0
1.185707810E1,-9.810572863E-2,2.099701911E-1,8.903095245E0,8.906111226E0
1.185923942E1,-8.255238086E-2,2.673979402E-1,9.108279228E0,9.112577410E0
1.186137685E1,1.076770201E-2,3.008974493E-1,9.602995872E0,9.607714866E0
1.186352284E1,3.948157281E-2,2.673979402E-1,9.564710617E0,9.568529126E0
1.186568885E1,-5.862415582E-2,2.386840582E-1,9.060422897E0,9.063755841E0
1.186785294E1,-1.022931710E-1,2.530409992E-1,8.998807907E0,9.002946039E0
1.187001700E1,-5.682953820E-2,2.961117923E-1,9.436694145E0,9.441509846E0
1.187218552E1,1.555334684E-2,3.200400174E-1,9.602995872E0,9.608339984E0
1.187434080E1,4.187439568E-3,2.530409992E-1,9.141180992E0,9.144683549E0
1.187649612E1,-1.172483116E-1,2.338984162E-1,8.831908226E0,8.835782849E0
1.187863725E1,-1.058823988E-1,2.817548811E-1,9.279964447E0,9.284844481E0
1.188079161E1,-1.674975827E-2,3.056831062E-1,9.832108498E0,9.836873498E0
1.188294202E1,-9.571290575E-3,2.386840582E-1,9.332008362E0,9.335065171E0
1.188512896E1,-1.328016520E-1,1.716850251E-1,8.545966148E0,8.548722094E0
1.188728540E1,-1.788634956E-1,2.578266263E-1,9.008378983E0,9.013842611E0
1.188944666E1,-3.529413417E-2,3.152543902E-1,9.984650612E0,9.989688626E0
1.189159265E1,4.965107143E-2,2.673979402E-1,9.717252731E0,9.721057943E0
1.189373897E1,-1.232303679E-1,1.525424421E-1,8.560322762E0,8.562568581E0
1.189591347E1,-1.704886109E-1,2.715853751E-1,8.712865829E0,8.718764588E0
1.189807038E1,1.196411345E-2,2.865405083E-1,9.836894035E0,9.841073766E0
1.190022595E1,8.434699476E-2,3.248256743E-1,1.002233791E1,1.002795509E1
1.190236403E1,-7.417750359E-2,1.621137410E-1,8.855836868E0,8.857631162E0
1.190453537E1,-1.716850251E-1,2.237289101E-1,8.484351158E0,8.489036750E0
1.190667542E1,-1.004985496E-1,2.817548811E-1,9.370293617E0,9.375067373E0
1.190886214E1,8.374879137E-3,3.296113312E-1,1.012283611E1,1.012820442E1
1.191101510E1,-4.187439568E-3,2.530409992E-1,9.451051712E0,9.454439473E0
1.191317807E1,-1.908276081E-1,1.328016520E-1,8.489734650E0,8.492917395E0
1.191532768E1,-1.597209126E-1,2.859423161E-1,9.003593445E0,9.009548751E0
1.191748658E1,-1.136590727E-2,3.056831062E-1,1.004686451E1,1.005152017E1
1.191964445E1,1.615155302E-2,2.913261652E-1,9.727422714E0,9.731797597E0
1.192180163E1,-1.477568001E-1,9.990034252E-2,8.517850876E0,8.519718052E0
1.192395924E1,-1.465603858E-1,2.189432681E-1,8.684151649E0,8.688147442E0
1.192611273E1,-7.178467698E-3,2.721835673E-1,9.884750366E0,9.888499645E0
1.192825901E1,9.391828626E-2,3.391826153E-1,1.000319481E1,1.000938419E1
1.193041336E1,-9.391828626E-2,1.094716340E-1,8.736793518E0,8.737984073E0
1.193256770E1,-1.956132501E-1,2.380858511E-1,8.479565620E0,8.485162493E0
1.193472205E1,-5.144568533E-2,2.626122832E-1,9.598808289E0,9.602537812E0
1.193687640E1,4.247260094E-2,3.678964674E-1,1.016530895E1,1.017205278E1
1.193903075E1,-5.383851007E-2,2.243271172E-1,9.113064766E0,9.115984350E0
1.194118510E1,-2.249253243E-1,2.045863420E-1,8.394021988E0,8.399526898E0
1.194333944E1,-1.495514214E-1,2.626122832E-1,9.136993408E0,9.141989903E0
1.194550755E1,-1.974078640E-2,3.343969584E-1,1.022812080E1,1.023360475E1
1.194765644E1,6.400800496E-2,2.769692242E-1,9.665208817E0,9.669388318E0
1.194981079E1,-1.722832322E-1,9.930214286E-2,8.350951195E0,8.353318400E0
1.195196513E1,-2.237289101E-1,2.572284341E-1,8.632107735E0,8.638837019E0
1.195411948E1,-4.426721856E-2,2.679961324E-1,1.016112137E1,1.016475130E1
1.195629719E1,1.100698411E-1,3.918247223E-1,1.035075283E1,1.035875119E1
1.195846465E1,-1.381855011E-1,5.204389244E-2,8.522636414E0,8.523915487E0
1.196062163E1,-2.787638307E-1,2.285145670E-1,8.165507317E0,8.173459361E0
1.196278280E1,-8.973085135E-2,2.434697002E-1,9.670592308E0,9.674072809E0
1.196493751E1,9.212367237E-2,3.972085714E-1,1.064626598E1,1.065407156E1
1.196709501E1,-5.982056726E-3,1.429711580E-1,9.122037888E0,9.123160185E0
1.196925178E1,-2.745763958E-1,1.136590764E-1,8.003992081E0,8.009506839E0
1.197141090E1,-1.447657645E-1,2.673979402E-1,9.065806389E0,9.070904269E0
1.197356626E1,2.512463741E-2,3.158525825E-1,1.059960651E1,1.060434120E1
1.197572473E1,6.520441920E-2,3.822534084E-1,9.979267120E0,9.986798363E0
1.197788084E1,-2.123630047E-1,-1.196411322E-3,8.022536278E0,8.025346585E0
1.198004021E1,-2.201396823E-1,2.955136001E-1,8.317451477E0,8.325610419E0
1.198219842E1,-3.050848842E-2,1.866401732E-1,1.005165005E1,1.005342897E1
1.198435193E1,1.405783296E-1,4.929214716E-1,1.075573826E1,1.076794499E1
1.198649838E1,-8.913264424E-2,6.161518395E-2,8.741579056E0,8.742250594E0
1.198865694E1,-3.278166950E-1,1.567298770E-1,7.856235027E0,7.864633294E0
1.199081392E1,-1.106680483E-1,2.434697002E-1,9.299106598E0,9.302951598E0
1.199297439E1,7.836493850E-2,3.302095234E-1,1.070847988E1,1.071385648E1
1.199513059E1,4.905286431E-2,2.865405083E-1,9.588638306E0,9.593044157E0
1.199728956E1,-2.991028428E-1,-1.196411322E-3,7.947162151E0,7.952788832E0
1.199944713E1,-2.087737769E-1,3.050848842E-1,8.765507698E0,8.773299749E0
1.200160484E1,-1.914258115E-2,2.440679073E-1,1.043749237E1,1.044036314E1
1.200376466E1,1.004985496E-1,4.348955154E-1,1.032203865E1,1.033168505E1
1.200591864E1,-1.962114573E-1,1.375873014E-2,8.370692253E0,8.373002868E0
1.200807570E1,-2.536391914E-1,2.524427772E-1,8.322834969E0,8.330524720E0
1.201023339E1,-4.486542568E-2,2.297109663E-1,9.990034103E0,9.992775461E0
1.201238999E1,1.166501045E-1,4.259224236E-1,1.066540909E1,1.067454768E1
1.201454871E1,-2.632104978E-2,9.032905847E-2,8.870193481E0,8.870692450E0
1.201670632E1,-2.458625287E-1,1.423729509E-1,7.989036560E0,7.994086790E0
1.201886384E1,-7.238288224E-2,2.626122832E-1,9.270393372E0,9.274394738E0
1.202102060E1,9.212367237E-2,3.493520916E-1,1.063250732E1,1.063864398E1
1.202318030E1,5.862415582E-2,3.104687333E-1,9.631709099E0,9.636889944E0
1.202534089E1,-2.362912297E-1,4.187439755E-2,8.051250458E0,8.054825941E0
1.202749498E1,-1.657029688E-1,2.907279432E-1,8.732007980E0,8.738417682E0
1.202965019E1,-4.307080805E-2,2.775674164E-1,1.038066292E1,1.038446250E1
1.203180776E1,1.004985496E-1,4.444667995E-1,1.028853893E1,1.029862535E1
1.203396629E1,-1.728814393E-1,-2.452643216E-2,8.203792572E0,8.205650620E0
1.203612602E1,-2.835494876E-1,2.524427772E-1,8.051250458E0,8.060196127E0
1.203828887E1,-6.939185411E-2,2.201396823E-1,9.842277527E0,9.844983678E0
1.204043876E1,1.280160099E-1,5.503492355E-1,1.106082249E1,1.107524566E1
1.204259435E1,3.170489892E-2,1.429711580E-1,9.002995491E0,9.004186458E0
1.204475074E1,-3.194418252E-1,1.088734269E-1,7.541578770E0,7.549126230E0
1.204690942E1,-8.793623000E-2,3.864408433E-1,8.883952141E0,8.892787805E0
1.204906856E1,5.443671346E-2,2.871387303E-1,1.075633621E1,1.076030579E1
1.205122513E1,1.674975902E-1,5.114658475E-1,1.029272652E1,1.030678766E1
1.205338303E1,-2.225325108E-1,-1.058823988E-1,7.917850018E0,7.921684209E0
1.205554284E1,-2.398804724E-1,3.194418252E-1,8.193622589E0,8.203355219E0
1.205770690E1,-4.965107143E-2,1.674975902E-1,1.006122112E1,1.006273776E1
1.205985851E1,9.810572863E-2,5.120640397E-1,1.081316566E1,1.082572797E1
1.206203424E1,-7.058826834E-2,1.854437590E-2,8.593822479E0,8.594132382E0
1.206417855E1,-3.619144261E-1,1.471585929E-1,7.727620602E0,7.737490411E0
1.206633969E1,-6.640082598E-2,3.008974493E-1,9.465408325E0,9.470422541E0
1.206849150E1,8.015955985E-2,4.163511395E-1,1.106142044E1,1.106954362E1
1.207064926E1,2.931207791E-2,3.152543902E-1,9.498309135E0,9.503584637E0
1.207280829E1,-3.912265003E-1,3.589233849E-3,7.590033531E0,7.600110530E0
1.207496499E1,-1.567298770E-1,4.103690982E-1,8.574081421E0,8.585326975E0
1.207711800E1,5.264209956E-2,2.057827413E-1,1.041356373E1,1.041572980E1
1.207927962E1,1.016949639E-1,5.353940725E-1,1.052662468E1,1.054072179E1
1.208143035E1,-1.525424421E-1,2.811566554E-2,8.451449394E0,8.452872680E0
1.208359561E1,-1.830509305E-1,2.524427772E-1,8.126624107E0,8.132604403E0
1.208574384E1,2.452643216E-2,2.530409992E-1,9.483952522E0,9.487359313E0
1.208791315E1,7.657032460E-2,3.397808075E-1,1.036510944E1,1.037095983E1
1.209006775E1,1.914258115E-2,2.626122832E-1,9.350552559E0,9.354259180E0
1.209222850E1,-1.776670814E-1,5.204389244E-2,8.231907845E0,8.233989368E0
1.209438268E1,-1.022931710E-1,3.152543902E-1,9.007781029E0,9.013876429E0
1.209654093E1,-1.016949583E-2,2.727817893E-1,1.018983555E1,1.019349115E1
1.209869731E1,-1.196411345E-2,3.631108403E-1,9.822537422E0,9.829253992E0
1.210085356E1,-2.105683982E-1,9.990034252E-2,8.422736168E0,8.425960105E0
1.210300593E1,-1.758724600E-1,2.524427772E-1,8.603393555E0,8.608893026E0
1.210518165E1,-3.589234129E-2,2.721835673E-1,9.865608215E0,9.869427421E0
1.210732756E1,8.973085321E-3,4.157529473E-1,1.017488003E1,1.018337442E1
1.210948894E1,-1.268195957E-1,1.860419661E-1,8.918049812E0,8.920891619E0
1.211163942E1,-2.057827413E-1,1.998006850E-1,8.394021988E0,8.398920882E0
1.211380052E1,-2.392822690E-2,2.769692242E-1,9.327222824E0,9.331364858E0
1.211595498E1,6.580262631E-2,3.152543902E-1,1.008933640E1,1.009447493E1
1.211810849E1,5.383851007E-3,2.626122832E-1,9.460622787E0,9.464268473E0
1.212027288E1,-1.375873089E-1,1.381855011E-1,8.603393555E0,8.605603184E0
1.212243012E1,-3.948157281E-2,2.865405083E-1,9.093324661E0,9.097923810E0
1.212458578E1,5.922235921E-2,2.482553422E-1,9.769894600E0,9.773227640E0
1.212673451E1,-3.290131316E-2,2.817548811E-1,9.479764938E0,9.484008203E0
1.212890157E1,-1.363908947E-1,1.956132501E-1,8.851051331E0,8.854263192E0
1.213105995E1,-5.862415582E-2,2.386840582E-1,9.084351540E0,9.087675708E0
1.213321896E1,2.033899166E-2,2.865405083E-1,9.626923561E0,9.631208459E0
1.213537396E1,-2.273181453E-2,3.248256743E-1,9.589237213E0,9.594764134E0
1.213752783E1,-1.208375469E-1,2.482553422E-1,9.070592880E0,9.074794082E0
1.213968970E1,-1.262213886E-1,2.530409992E-1,8.994022369E0,8.998466534E0
1.214184613E1,-5.742774159E-2,2.817548811E-1,9.379864693E0,9.384271171E0
1.214400535E1,-2.811566554E-2,3.056831062E-1,9.494122505E0,9.499083892E0
1.214615826E1,-1.064806059E-1,2.434697002E-1,9.113064766E0,9.116938359E0
1.214830880E1,-1.208375469E-1,2.243271172E-1,9.056235313E0,9.059819116E0
1.215047610E1,-6.640082598E-2,2.626122832E-1,9.527621269E0,9.531471100E0
1.215263464E1,2.512463741E-2,2.673979402E-1,9.565308571E0,9.569078376E0
1.215479762E1,-4.426721856E-2,1.860419661E-1,9.055637360E0,9.057656385E0
1.215695926E1,-1.214357466E-1,2.243271172E-1,8.950951576E0,8.954585608E0
1.215909561E1,-3.290131316E-2,2.578266263E-1,9.503693581E0,9.507247169E0
1.216126408E1,4.007977992E-2,2.961117923E-1,9.717850685E0,9.722443650E0
1.216341723E1,-3.888336942E-2,2.386840582E-1,9.189037323E0,9.192218933E0
1.216558135E1,-9.810572863E-2,2.243271172E-1,8.860622406E0,8.864004558E0
1.216773516E1,-1.058823988E-1,2.721835673E-1,9.270393372E0,9.274992628E0
1.216989394E1,-4.606183618E-2,3.152543902E-1,9.708279610E0,9.713506061E0
1.217205119E1,-2.871387079E-2,2.913261652E-1,9.407979965E0,9.412533264E0
1.217420868E1,-1.028913707E-1,2.147558331E-1,8.841479301E0,8.844685576E0
1.217636558E1,-1.597209126E-1,2.530409992E-1,9.041878700E0,9.046828778E0
1.217852438E1,-9.870393574E-2,3.104687333E-1,9.756135941E0,9.761573735E0
1.218068000E1,-2.691925503E-2,3.008974493E-1,9.722636223E0,9.727328464E0
1.218283840E1,-8.853443712E-2,1.668993831E-1,8.865407944E0,8.867420806E0
1.218499446E1,-1.322034448E-1,1.860419661E-1,8.765507698E0,8.768478464E0
1.218715345E1,-6.580262631E-2,2.530409992E-1,9.556335449E0,9.559911451E0
1.218931069E1,-1.794616925E-3,3.152543902E-1,9.927223206E0,9.932227803E0
1.219146813E1,-4.905286431E-2,2.147558331E-1,9.122037888E0,9.124697336E0
1.219362460E1,-1.088734269E-1,1.716850251E-1,8.631509781E0,8.633903536E0
1.219578270E1,-5.324030295E-2,2.530409992E-1,9.222537041E0,9.226161376E0
1.219793941E1,-3.110669367E-2,3.200400174E-1,9.822537422E0,9.827799075E0
1.220009539E1,-4.247260094E-2,3.056831062E-1,9.484550476E0,9.489570265E0
1.220224234E1,-1.172483116E-1,2.291127741E-1,8.807980537E0,8.811739952E0
1.220440394E1,-6.400800496E-2,2.338984162E-1,8.965308189E0,8.968587203E0
1.220657014E1,-6.041877344E-2,2.817548811E-1,9.675378799E0,9.679668959E0
1.220872991E1,-7.477571070E-2,3.104687333E-1,9.794421196E0,9.799625952E0
1.221088619E1,-1.453639716E-1,2.195414752E-1,8.998807907E0,9.002659212E0
1.221304078E1,-1.561316848E-1,2.003988922E-1,8.712865829E0,8.716568578E0
1.221519358E1,-6.699903309E-2,2.721835673E-1,9.412766457E0,9.416939266E0
1.221735731E1,7.776673418E-3,3.104687333E-1,9.922437668E0,9.927296741E0
1.221951151E1,-1.004985496E-1,2.673979402E-1,9.375079155E0,9.379430195E0
1.222166318E1,-1.710868180E-1,1.764706671E-1,8.651249886E0,8.654740734E0
1.222382050E1,-6.879365444E-2,2.147558331E-1,9.002995491E0,9.005819255E0
1.222597703E1,2.093719877E-2,2.578266263E-1,9.674779892E0,9.678237386E0
1.222814574E1,-1.794617064E-2,2.673979402E-1,9.637093544E0,9.640819244E0
1.223030329E1,-1.597209126E-1,2.291127741E-1,9.027522087E0,9.031841366E0
1.223246083E1,-1.070788130E-1,2.386840582E-1,8.946166039E0,8.949990097E0
1.223461528E1,-2.333002165E-2,2.578266263E-1,9.436694145E0,9.440244449E0
1.223676755E1,-3.230310604E-2,3.200400174E-1,9.570094109E0,9.575498439E0
1.223893194E1,-1.345962733E-1,2.578266263E-1,9.251250267E0,9.255820992E0
1.224108925E1,-1.740778536E-1,2.530409992E-1,9.037093163E0,9.042310859E0
1.224324569E1,-8.135596663E-2,2.626122832E-1,9.312865257E0,9.316922416E0
1.224539440E1,-8.374879137E-3,2.769692242E-1,9.565308571E0,9.569321300E0
1.224756204E1,-7.178468257E-2,2.434697002E-1,9.303294182E0,9.306756318E0
1.224971791E1,-1.501496136E-1,2.051845491E-1,8.998807907E0,9.002399089E0
1.225187842E1,-1.345962733E-1,2.147558331E-1,9.213563919E0,9.217049220E0
1.225403243E1,-1.794617064E-2,2.530409992E-1,9.546165466E0,9.549535430E0
1.225619125E1,1.016949583E-2,2.099701911E-1,9.460622787E0,9.462958017E0
1.225834983E1,-1.064806059E-1,2.099701911E-1,9.084351540E0,9.087401636E0
1.226051420E1,-1.639083475E-1,2.338984162E-1,9.146564484E0,9.151022690E0
1.226267902E1,-7.597211748E-2,2.673979402E-1,9.489336014E0,9.493406733E0
1.226483703E1,-1.375873014E-2,2.769692242E-1,9.512666702E0,9.516707889E0
1.226699253E1,-6.340979785E-2,2.721835673E-1,9.145966530E0,9.150235432E0
1.226914867E1,-1.256231815E-1,2.673979402E-1,9.050851822E0,9.055672341E0
1.227130498E1,-1.627119333E-1,2.817548811E-1,9.427721024E0,9.433333699E0
1.227346386E1,-8.015955985E-2,3.056831062E-1,9.622735977E0,9.627923733E0
1.227562148E1,-2.931207791E-2,1.956132501E-1,9.284152031E0,9.286258809E0
1.227777866E1,-1.070788130E-1,1.860419661E-1,8.965308189E0,8.967877587E0
1.227993387E1,-1.393819153E-1,1.956132501E-1,9.256035805E0,9.259151726E0
1.228208742E1,-1.190429255E-1,2.434697002E-1,9.556335449E0,9.560177610E0
1.228425024E1,-7.178468257E-2,2.195414752E-1,9.399007797E0,9.401845514E0
1.228640817E1,-5.383851007E-2,1.908276081E-1,9.079565048E0,9.081729749E0
1.228856629E1,-6.340979785E-2,2.003988922E-1,9.136395454E0,9.138812965E0
1.229072336E1,-1.094716340E-1,2.578266263E-1,9.427721024E0,9.431881165E0
1.229288050E1,-8.973085135E-2,2.721835673E-1,9.561120987E0,9.565415310E0
1.229503486E1,-3.409772366E-2,2.338984162E-1,9.208179474E0,9.211212751E0
1.229718157E1,-3.529413417E-2,2.051845491E-1,8.969495773E0,8.971911770E0
1.229934935E1,-5.324030295E-2,2.386840582E-1,9.193822861E0,9.197074720E0
1.230149536E1,-8.494520187E-2,2.865405083E-1,9.613164902E0,9.617809552E0
1.230366488E1,-5.204389244E-2,2.769692242E-1,9.522835732E0,9.527004822E0
1.230581289E1,-2.033899166E-2,2.291127741E-1,9.074181557E0,9.077096301E0
1.230797364E1,-4.007977992E-2,2.386840582E-1,8.945567131E0,8.948840582E0
1.231014160E1,-5.264209956E-2,2.291127741E-1,9.293723106E0,9.296695813E0
1.231230159E1,-1.088734269E-1,2.769692242E-1,9.604191780E0,9.608801441E0
1.231446240E1,-7.597211748E-2,2.291127741E-1,9.437292099E0,9.440378519E0
1.231659998E1,-6.819544733E-2,1.860419661E-1,9.069993973E0,9.072158117E0
1.231876898E1,-7.776673883E-2,1.956132501E-1,9.046066284E0,9.048515206E0
1.232092512E1,-1.052841991E-1,2.051845491E-1,9.327820778E0,9.330671247E0
1.232308483E1,-7.597211748E-2,2.338984162E-1,9.527621269E0,9.530794683E0
1.232523805E1,-5.742774159E-2,2.338984162E-1,9.389435768E0,9.392524179E0
1.232740775E1,-1.974078640E-2,2.291127741E-1,9.193822861E0,9.196698383E0
1.232954439E1,-1.974078640E-2,2.626122832E-1,9.184251785E0,9.188026761E0
1.233171534E1,-4.785645381E-2,2.626122832E-1,9.293723106E0,9.297555842E0
1.233386877E1,-8.135596663E-2,2.865405083E-1,9.384650230E0,9.389376135E0
1.233602634E1,-4.785645381E-2,2.913261652E-1,9.379266739E0,9.383912070E0
1.233816612E1,4.785645287E-3,2.578266263E-1,9.298508644E0,9.302083663E0
1.234034347E1,-6.340979785E-2,2.291127741E-1,9.108279228E0,9.111381013E0
1.234249854E1,-1.298106313E-1,2.530409992E-1,9.189635277E0,9.194034863E0
1.234464802E1,-1.142572835E-1,2.626122832E-1,9.466006279E0,9.470337629E0
1.234679749E1,-6.161518395E-2,2.530409992E-1,9.451051712E0,9.454639318E0
1.234894661E1,-6.819544733E-2,1.716850251E-1,9.113064766E0,9.114936961E0
1.235111782E1,-6.879365444E-2,2.051845491E-1,9.022137642E0,9.024732733E0
1.235327454E1,-8.614161611E-2,2.291127741E-1,9.332008362E0,9.335217893E0
1.235543546E1,-6.580262631E-2,2.769692242E-1,9.598808289E0,9.603028819E0
1.235758520E1,-4.725824669E-2,2.626122832E-1,9.431908607E0,9.435682198E0
1.235972861E1,-5.922235921E-2,2.386840582E-1,9.012566566E0,9.015921111E0
1.236189531E1,-7.836493850E-2,2.578266263E-1,8.960522652E0,8.964573711E0
1.236406285E1,-7.118647546E-2,3.056831062E-1,9.441479683E0,9.446695098E0
1.236622342E1,-4.067798331E-2,3.583251834E-1,9.822537422E0,9.829155256E0
1.236837734E1,-1.435693540E-2,2.721835673E-1,9.327222824E0,9.331204404E0
1.237052170E1,-9.391828626E-2,2.099701911E-1,8.708079338E0,8.711116684E0
1.237268260E1,-7.836493850E-2,2.434697002E-1,9.007781029E0,9.011411522E0
1.237484493E1,6.580262445E-3,2.721835673E-1,9.717850685E0,9.721663908E0
1.237699414E1,6.580262445E-3,2.530409992E-1,9.746564865E0,9.749851266E0
1.237916737E1,-8.793623000E-2,1.764706671E-1,9.027522087E0,9.029674950E0
1.238132224E1,-1.172483116E-1,1.956132501E-1,8.803194046E0,8.806147689E0
1.238348300E1,-7.238288224E-2,2.386840582E-1,9.251250267E0,9.254611870E0
1.238563785E1,-6.101697683E-2,2.769692242E-1,9.651450157E0,9.655616250E0
1.238779337E1,-5.204389244E-2,2.578266263E-1,9.527621269E0,9.531251239E0
1.238994936E1,-1.214357466E-1,2.195414752E-1,9.013164520E0,9.016655687E0
1.239209782E1,-1.220339537E-1,2.811566591E-1,8.903693199E0,8.908967052E0
1.239426729E1,-1.914258115E-2,3.008974493E-1,9.374481201E0,9.379328521E0
1.239642425E1,1.136590727E-2,3.487538993E-1,9.693922997E0,9.700201108E0
1.239858424E1,-2.333002165E-2,2.721835673E-1,9.422337532E0,9.426296874E0
1.240073809E1,-8.315058798E-2,2.673979402E-1,9.008378983E0,9.012730306E0
1.240289626E1,-7.357929647E-2,2.434697002E-1,9.031708717E0,9.035289357E0
1.240505301E1,4.785645287E-3,2.578266263E-1,9.407979965E0,9.411513401E0
1.240721141E1,5.982056726E-3,2.817548811E-1,9.584450722E0,9.588593079E0
1.240936716E1,-6.281159073E-2,2.338984162E-1,9.299106598E0,9.302259794E0
1.241152371E1,-1.405783296E-1,2.195414752E-1,9.008378983E0,9.012150277E0
1.241368389E1,-1.064806059E-1,2.434697002E-1,9.117850304E0,9.121721865E0
1.241584124E1,-4.187439568E-3,2.817548811E-1,9.507881165E0,9.512055907E0
1.241799825E1,-8.374879137E-3,3.104687333E-1,9.594022751E0,9.599048574E0
1.242015568E1,-6.759724021E-2,2.721835673E-1,9.265607834E0,9.269851229E0
1.242231246E1,-1.166501045E-1,2.338984162E-1,9.003593445E0,9.007386449E0
1.242447236E1,-9.212367237E-2,2.482553422E-1,9.074779510E0,9.078642005E0
1.242663333E1,-1.854437590E-2,2.578266263E-1,9.417551994E0,9.421098876E0
1.242878610E1,5.982056726E-3,3.104687333E-1,9.608379364E0,9.613395894E0
1.243094328E1,-4.785645381E-2,2.530409992E-1,9.298508644E0,9.302074123E0
1.243309912E1,-1.411765367E-1,2.237289101E-1,8.879764557E0,8.883704409E0
1.243525365E1,-1.166501045E-1,2.626122832E-1,9.032307625E0,9.036877419E0
1.243740178E1,5.982056609E-4,2.913261652E-1,9.507881165E0,9.512343325E0
1.243957192E1,2.033899166E-2,2.817548811E-1,9.584450722E0,9.588612784E0
1.244173030E1,-7.776673883E-2,2.386840582E-1,9.165707588E0,9.169144635E0
1.244389342E1,-1.118644550E-1,1.764706671E-1,8.984451294E0,8.986880471E0
1.244606179E1,-7.716853172E-2,2.673979402E-1,9.289535522E0,9.293703614E0
1.244821894E1,-3.589233849E-3,2.673979402E-1,9.565308571E0,9.569046065E0
1.245037457E1,-1.435693540E-2,2.769692242E-1,9.403194427E0,9.407283535E0
1.245252160E1,-7.776673883E-2,2.530409992E-1,9.141778946E0,9.145610953E0
1.245468883E1,-1.010967568E-1,2.434697002E-1,9.193822861E0,9.197601690E0
1.245684692E1,-1.052841991E-1,2.817548811E-1,9.384650230E0,9.389469129E0
1.245901093E1,-4.307080805E-2,3.152543902E-1,9.393623352E0,9.399010592E0
1.246115085E1,-5.324030295E-2,2.817548811E-1,9.227322578E0,9.231776769E0
1.246332993E1,-1.160518974E-1,2.530409992E-1,9.132207870E0,9.136449988E0
1.246544698E1,-1.010967568E-1,2.195414752E-1,9.275178909E0,9.278327587E0
1.246763271E1,-9.990034252E-2,2.434697002E-1,9.456435204E0,9.460096423E0
1.246976839E1,-6.221338734E-2,2.482553422E-1,9.336793900E0,9.340300934E0
1.247194111E1,-6.281159073E-2,2.530409992E-1,9.179466248E0,9.183168061E0
1.247410386E1,-9.631111473E-2,2.434697002E-1,9.203393936E0,9.207117533E0
1.247626257E1,-1.094716340E-1,2.147558331E-1,9.446864128E0,9.449938940E0
1.247840975E1,-9.990034252E-2,2.626122832E-1,9.522835732E0,9.526979881E0
1.248057528E1,-9.152546525E-2,2.673979402E-1,9.256035805E0,9.260349744E0
1.248272470E1,-9.690931439E-2,2.817548811E-1,9.041280746E0,9.046188964E0
1.248489535E1,-1.010967568E-1,2.817548811E-1,9.246464729E0,9.251308900E0
1.248704878E1,-6.161518395E-2,2.721835673E-1,9.522835732E0,9.526923989E0
1.248920936E1,-6.699903309E-2,2.434697002E-1,9.403793335E0,9.407183184E0
1.249136233E1,-8.733802289E-2,2.434697002E-1,9.060422897E0,9.064114325E0
1.249351688E1,-6.819544733E-2,2.721835673E-1,9.098708153E0,9.103033811E0
1.249567701E1,-3.768695518E-2,2.721835673E-1,9.441479683E0,9.445477373E0
1.249782717E1,-4.247260094E-2,2.434697002E-1,9.522835732E0,9.526042294E0
1.249997934E1,-9.631111473E-2,1.908276081E-1,9.180064201E0,9.182552464E0
1.250213551E1,-1.262213886E-1,2.434697002E-1,9.003593445E0,9.007769105E0
1.250430613E1,-7.657032460E-2,2.769692242E-1,9.322437286E0,9.326865064E0
1.250645623E1,-5.204389244E-2,3.152543902E-1,9.531808853E0,9.537162781E0
1.250862688E1,-8.614161611E-2,2.578266263E-1,9.355937004E0,9.359885265E0
1.251077738E1,-1.064806059E-1,2.051845491E-1,9.093922615E0,9.096860302E0
1.251291940E1,-1.058823988E-1,2.626122832E-1,9.180064201E0,9.184430033E0
1.251506745E1,-4.725824669E-2,3.200400174E-1,9.407979965E0,9.413540566E0
1.251722748E1,-2.871387079E-2,2.961117923E-1,9.351150513E0,9.355881711E0
1.251939902E1,-6.819544733E-2,2.243271172E-1,9.122636795E0,9.125649312E0
1.252155715E1,-7.238288224E-2,2.003988922E-1,9.212965012E0,9.215428547E0
1.252371603E1,-5.682953820E-2,2.530409992E-1,9.441479683E0,9.445040918E0
1.252586910E1,-7.657032460E-2,2.626122832E-1,9.332008362E0,9.336016725E0
1.252802775E1,-1.262213886E-1,2.434697002E-1,9.027522087E0,9.031686684E0
1.253018382E1,-9.631111473E-2,2.291127741E-1,9.175278664E0,9.178644075E0
1.253234276E1,-6.101697683E-2,2.243271172E-1,9.665806770E0,9.668602083E0
1.253449843E1,-5.144568533E-2,2.673979402E-1,9.589237213E0,9.593102660E0
1.253665122E1,-1.549352705E-1,2.291127741E-1,8.956335068E0,8.960604636E0
1.253881389E1,-1.842473447E-1,2.428714931E-1,8.818149567E0,8.823417446E0
1.254097200E1,-7.597211748E-2,2.578266263E-1,9.437292099E0,9.441119028E0
1.254313025E1,1.674975827E-2,2.578266263E-1,9.903892517E0,9.907262090E0
1.254528708E1,-2.811566554E-2,2.243271172E-1,9.494122505E0,9.496813955E0
1.254744472E1,-1.507478207E-1,2.237289101E-1,8.813364029E0,8.817491992E0
1.254960358E1,-1.603191197E-1,2.763710022E-1,8.870193481E0,8.875945896E0
1.255174500E1,-7.118647546E-2,2.530409992E-1,9.474979401E0,9.478625001E0
1.255391685E1,1.196411345E-2,2.578266263E-1,9.832108498E0,9.835495677E0
1.255607206E1,-2.871387079E-2,1.716850251E-1,9.360722542E0,9.362340879E0
1.255823512E1,-1.555334777E-1,2.285145670E-1,8.874979019E0,8.879282750E0
1.256038829E1,-1.597209126E-1,2.763710022E-1,8.998807907E0,9.004467527E0
1.256254664E1,-5.682953820E-2,2.386840582E-1,9.455837250E0,9.459019916E0
1.256470307E1,-1.794617064E-2,2.291127741E-1,9.622735977E0,9.625479854E0
1.256686187E1,4.785645287E-3,1.668993831E-1,9.375079155E0,9.376565868E0
1.256901935E1,-8.733802289E-2,1.956132501E-1,9.056235313E0,9.058768709E0
1.257117644E1,-1.351944804E-1,2.673979402E-1,9.117850304E0,9.122772241E0
1.257333276E1,-8.614161611E-2,2.817548811E-1,9.422935486E0,9.427540473E0
1.257549088E1,-4.247260094E-2,2.530409992E-1,9.441479683E0,9.444965446E0
1.257764769E1,-6.340979785E-2,1.908276081E-1,9.156135559E0,9.158343429E0
1.257980822E1,-1.160518974E-1,2.051845491E-1,9.084949493E0,9.088007265E0
1.258197108E1,-1.100698411E-1,2.865405083E-1,9.327820778E0,9.332869939E0
1.258412125E1,-7.178468257E-2,3.008974493E-1,9.413364410E0,9.418445829E0
1.258627870E1,-5.862415582E-2,1.956132501E-1,9.165108681E0,9.167383403E0
1.258843370E1,-5.383851007E-2,1.812563092E-1,9.132207870E0,9.134165152E0
1.259058846E1,-1.914258115E-2,1.956132501E-1,9.384650230E0,9.386708205E0
1.259273520E1,-4.247260094E-2,2.578266263E-1,9.422337532E0,9.425960060E0
1.259490726E1,-8.673982322E-2,2.434697002E-1,9.189037323E0,9.192671441E0
1.259706550E1,-6.819544733E-2,2.003988922E-1,9.093922615E0,9.096386033E0
1.259922584E1,-2.931207791E-2,1.812563092E-1,9.274580956E0,9.276398275E0
1.260138328E1,-2.333002165E-2,2.147558331E-1,9.527621269E0,9.530069853E0
1.260354880E1,-7.118647546E-2,2.626122832E-1,9.474979401E0,9.478885344E0
1.260569534E1,-1.160518974E-1,2.865405083E-1,9.132207870E0,9.137439143E0
1.260785172E1,-1.022931710E-1,2.386840582E-1,8.994022369E0,8.997770410E0
1.261000717E1,-6.281159073E-2,2.147558331E-1,9.227322578E0,9.230035067E0
1.261216563E1,-2.811566554E-2,2.434697002E-1,9.527621269E0,9.530773055E0
1.261432190E1,-3.290131316E-2,2.147558331E-1,9.489336014E0,9.491822825E0
1.261648471E1,-1.058823988E-1,2.721835673E-1,9.184251785E0,9.188894157E0
1.261865627E1,-8.793623000E-2,2.338984162E-1,9.003593445E0,9.007060351E0
1.262081491E1,-7.776673883E-2,2.051845491E-1,9.146564484E0,9.149196151E0
1.262297041E1,-2.811566554E-2,2.386840582E-1,9.465408325E0,9.468458974E0
1.262511888E1,-1.375873014E-2,2.386840582E-1,9.541379929E0,9.544374800E0
1.262726854E1,-8.135596663E-2,2.578266263E-1,9.346364975E0,9.350274414E0
1.262942318E1,-1.256231815E-1,2.530409992E-1,9.151350021E0,9.155709593E0
1.263158587E1,-9.212367237E-2,2.099701911E-1,9.089137077E0,9.092028765E0
1.263375660E1,-9.631111473E-2,2.099701911E-1,9.184849739E0,9.187754244E0
1.263591604E1,-3.828516230E-2,2.386840582E-1,9.403194427E0,9.406301147E0
1.263807298E1,-8.374879137E-3,2.673979402E-1,9.579665184E0,9.583400067E0
1.264022738E1,-5.742774159E-2,2.913261652E-1,9.398408890E0,9.403098348E0
1.264238392E1,-7.836493850E-2,2.051845491E-1,8.979664803E0,8.982350568E0
1.264454204E1,-9.272187948E-2,2.243271172E-1,8.927022934E0,8.930322417E0
1.264669600E1,-7.178468257E-2,2.817548811E-1,9.370293617E0,9.374803535E0
1.264884021E1,2.093719877E-2,3.200400174E-1,9.779465675E0,9.784723444E0
1.265098702E1,-3.768695518E-2,2.961117923E-1,9.489336014E0,9.494029728E0
1.265315574E1,-1.316052526E-1,2.578266263E-1,8.879764557E0,8.884481589E0
1.265531595E1,-1.028913707E-1,2.338984162E-1,8.855836868E0,8.859522659E0
1.265747764E1,-5.264209956E-2,2.721835673E-1,9.398408890E0,9.402496729E0
1.265963533E1,1.615155302E-2,2.865405083E-1,9.774680138E0,9.778892480E0
1.266178939E1,-3.290131316E-2,2.338984162E-1,9.479764938E0,9.482707116E0
1.266394490E1,-1.118644550E-1,2.099701911E-1,8.965308189E0,8.968464309E0
1.266610215E1,-1.022931710E-1,2.099701911E-1,8.955737114E0,8.958782207E0
1.266825967E1,-6.221338734E-2,2.291127741E-1,9.351150513E0,9.354163730E0
1.267041890E1,-1.794617064E-2,2.673979402E-1,9.594022751E0,9.597765170E0
1.267257575E1,-2.392822690E-2,2.386840582E-1,9.393623352E0,9.396685709E0
1.267473167E1,-8.793623000E-2,2.482553422E-1,9.031708717E0,9.035547900E0
1.267688363E1,-8.733802289E-2,2.578266263E-1,9.089137077E0,9.093212596E0
1.267904774E1,-5.264209956E-2,2.817548811E-1,9.407979965E0,9.412345299E0
1.268120448E1,-2.811566554E-2,3.056831062E-1,9.527023315E0,9.531967578E0
1.268336198E1,-6.281159073E-2,2.673979402E-1,9.260822296E0,9.264894849E0
1.268550947E1,-7.776673883E-2,2.673979402E-1,9.122636795E0,9.126886184E0
1.268767807E1,-6.281159073E-2,2.769692242E-1,9.241679192E0,9.246041938E0
1.268983295E1,-4.785645381E-2,2.673979402E-1,9.393623352E0,9.397550297E0
1.269198526E1,-9.092725813E-2,2.769692242E-1,9.379864693E0,9.384393500E0
1.269414670E1,-7.716853172E-2,2.386840582E-1,9.265607834E0,9.269002837E0
1.269629735E1,-6.819544733E-2,2.434697002E-1,9.113064766E0,9.116571589E0
1.269846635E1,-9.631111473E-2,2.291127741E-1,9.180064201E0,9.183427859E0
1.270062232E1,-6.640082598E-2,2.530409992E-1,9.455837250E0,9.459455424E0
1.270278127E1,-5.682953820E-2,2.482553422E-1,9.484550476E0,9.487969121E0
1.270493759E1,-1.016949639E-1,1.956132501E-1,9.136993408E0,9.139652890E0
1.270709473E1,-1.166501045E-1,2.195414752E-1,8.984451294E0,8.987890228E0
1.270925214E1,-3.888336942E-2,2.291127741E-1,9.279366493E0,9.282275965E0
1.271140849E1,-3.768695518E-2,2.482553422E-1,9.527621269E0,9.530929549E0
1.271356456E1,-4.247260094E-2,2.721835673E-1,9.522835732E0,9.526819416E0
1.271571483E1,-4.366901144E-2,2.530409992E-1,9.279366493E0,9.282918681E0
1.271788186E1,-6.879365444E-2,2.530409992E-1,8.931808472E0,8.935656937E0
1.272003821E1,-7.776673883E-2,2.817548811E-1,9.031708717E0,9.036437121E0
1.272219904E1,-1.854437590E-2,2.769692242E-1,9.527023315E0,9.531066525E0
1.272435574E1,1.136590727E-2,2.961117923E-1,9.722636223E0,9.727150996E0
1.272651730E1,-4.845465720E-2,2.434697002E-1,9.232108116E0,9.235445069E0
1.272866831E1,-9.332008660E-2,2.338984162E-1,8.841479301E0,8.845064915E0
1.273082712E1,-7.776673883E-2,2.721835673E-1,9.046066284E0,9.050494284E0
1.273298143E1,-2.333002165E-2,2.769692242E-1,9.474979401E0,9.479055379E0
1.273513706E1,-8.374879137E-3,2.482553422E-1,9.627521515E0,9.630725381E0
1.273728059E1,-3.349951655E-2,2.195414752E-1,9.375079155E0,9.377709200E0
1.273945664E1,-7.776673883E-2,2.051845491E-1,9.055637360E0,9.058295444E0
1.274161366E1,-1.357926875E-1,2.434697002E-1,8.989236832E0,8.993558582E0
1.274377519E1,-9.631111473E-2,2.769692242E-1,9.284749985E0,9.289379423E0
1.274592518E1,-2.811566554E-2,2.482553422E-1,9.484550476E0,9.487840584E0
1.274807715E1,-1.914258115E-2,2.386840582E-1,9.351150513E0,9.354215757E0
1.275024254E1,-3.888336942E-2,2.626122832E-1,9.179466248E0,9.183304292E0
1.275240434E1,-7.716853172E-2,2.817548811E-1,9.236893654E0,9.241512061E0
1.275457574E1,-9.631111473E-2,3.104687333E-1,9.241679192E0,9.247394279E0
1.275672895E1,-7.238288224E-2,2.434697002E-1,9.179466248E0,9.182979765E0
1.275887318E1,-3.888336942E-2,2.051845491E-1,9.222537041E0,9.224901196E0
1.276103094E1,-1.375873014E-2,2.482553422E-1,9.455837250E0,9.459105566E0
1.276320100E1,-3.290131316E-2,2.769692242E-1,9.494122505E0,9.498218601E0
1.276536344E1,-1.058823988E-1,2.482553422E-1,9.184849739E0,9.188814207E0
1.276751831E1,-1.262213886E-1,2.434697002E-1,9.027522087E0,9.031686684E0
1.276967012E1,-6.281159073E-2,2.099701911E-1,9.236893654E0,9.239493338E0
1.277181711E1,-2.333002165E-2,2.338984162E-1,9.422337532E0,9.425269085E0
1.277398840E1,-4.785645381E-2,2.482553422E-1,9.360722542E0,9.364136237E0
1.277614883E1,-9.631111473E-2,2.386840582E-1,9.284749985E0,9.288316758E0
1.277831926E1,-1.154536903E-1,2.578266263E-1,9.294321060E0,9.298613235E0
1.278045579E1,-1.154536903E-1,2.434697002E-1,9.256035805E0,9.259957120E0
1.278260269E1,-1.010967568E-1,2.291127741E-1,9.180064201E0,9.183479295E0
1.278477168E1,-9.152546525E-2,2.626122832E-1,9.289535522E0,9.293697453E0
1.278693291E1,-6.640082598E-2,2.865405083E-1,9.465408325E0,9.469977259E0
1.278909321E1,-9.032905847E-2,2.721835673E-1,9.451649666E0,9.455999399E0
1.279124673E1,-1.106680483E-1,2.578266263E-1,9.260822296E0,9.265071591E0
1.279340039E1,-8.733802289E-2,2.051845491E-1,9.055637360E0,9.058382671E0
1.279556160E1,-1.016949639E-1,2.291127741E-1,9.098708153E0,9.102160435E0
1.279771513E1,-7.597211748E-2,2.913261652E-1,9.479764938E0,9.484544585E0
1.279987626E1,1.794616925E-3,2.865405083E-1,9.679565430E0,9.683805842E0
1.280201525E1,-6.281159073E-2,2.243271172E-1,9.246464729E0,9.249398788E0
1.280416462E1,-1.405783296E-1,2.243271172E-1,8.984451294E0,8.988350793E0
1.280632011E1,-9.631111473E-2,2.434697002E-1,9.189037323E0,9.192766735E0
1.280848249E1,-7.118647546E-2,2.626122832E-1,9.422337532E0,9.426265289E0
1.281064197E1,-8.554340899E-2,2.578266263E-1,9.422935486E0,9.426850238E0
1.281280066E1,-5.742774159E-2,2.051845491E-1,9.336793900E0,9.339224752E0
1.281496156E1,-9.152546525E-2,2.243271172E-1,9.217751503E0,9.220935003E0
1.281711395E1,-7.716853172E-2,2.482553422E-1,9.251250267E0,9.254902333E0
1.281927081E1,-8.135596663E-2,2.865405083E-1,9.303294182E0,9.308061393E0
1.282142761E1,-6.759724021E-2,2.578266263E-1,9.232108116E0,9.235954971E0
1.282358506E1,-4.426721856E-2,2.147558331E-1,9.155537605E0,9.158162943E0
1.282574361E1,-2.871387079E-2,2.291127741E-1,9.312865257E0,9.315727371E0
1.282790108E1,-1.375873014E-2,2.578266263E-1,9.479764938E0,9.483280401E0
1.283005940E1,-7.657032460E-2,2.721835673E-1,9.308079720E0,9.312373219E0
1.283221512E1,-1.112662554E-1,2.482553422E-1,9.065208435E0,9.069289656E0
1.283437233E1,-8.733802289E-2,2.434697002E-1,9.122636795E0,9.126303059E0
1.283652587E1,-5.742774159E-2,2.147558331E-1,9.351150513E0,9.353792489E0
1.283868842E1,-6.580262631E-2,2.673979402E-1,9.556335449E0,9.560302237E0
1.284084503E1,-6.640082598E-2,2.769692242E-1,9.498908043E0,9.503177102E0
1.284300804E1,-1.112662554E-1,2.434697002E-1,9.117850304E0,9.121778984E0
1.284517291E1,-1.645065546E-1,2.626122832E-1,8.955737114E0,8.961096745E0
1.284731845E1,-7.238288224E-2,2.434697002E-1,9.246464729E0,9.249952798E0
1.284947408E1,-8.973085321E-3,2.386840582E-1,9.512666702E0,9.515664894E0
1.285162930E1,-3.768695518E-2,2.626122832E-1,9.513264656E0,9.516963273E0
1.285378965E1,-6.699903309E-2,2.482553422E-1,9.370293617E0,9.373821102E0
1.285594837E1,-9.152546525E-2,2.865405083E-1,9.222537041E0,9.227441240E0
1.285810430E1,-1.016949639E-1,2.386840582E-1,9.089137077E0,9.092839202E0
1.286026287E1,-8.195417374E-2,2.434697002E-1,9.227322578E0,9.230897895E0
1.286242092E1,-4.307080805E-2,2.530409992E-1,9.407979965E0,9.411480854E0
1.286457779E1,-3.768695518E-2,2.530409992E-1,9.494122505E0,9.497568752E0
1.286673492E1,-6.221338734E-2,2.530409992E-1,9.379864693E0,9.383483463E0
1.286889296E1,-1.058823988E-1,2.482553422E-1,9.227322578E0,9.231268806E0
1.287104847E1,-1.112662554E-1,2.147558331E-1,9.136993408E0,9.140194133E0
1.287320716E1,-1.154536903E-1,2.338984162E-1,9.203991890E0,9.207687263E0
1.287536366E1,-8.614161611E-2,2.338984162E-1,9.351150513E0,9.354471912E0
1.287752205E1,-4.785645381E-2,2.338984162E-1,9.417551994E0,9.420577704E0
1.287967783E1,-8.135596663E-2,2.434697002E-1,9.365508080E0,9.369025450E0
1.288183168E1,-1.004985496E-1,2.721835673E-1,9.336793900E0,9.341300989E0
1.288399411E1,-1.106680483E-1,2.434697002E-1,9.180064201E0,9.183959040E0
1.288615215E1,-1.214357466E-1,2.338984162E-1,8.955737114E0,8.959613963E0
1.288831011E1,-1.016949639E-1,2.338984162E-1,9.108279228E0,9.111849474E0
1.289046717E1,-1.794617064E-2,2.913261652E-1,9.594022751E0,9.598461624E0
1.289262270E1,-1.256231871E-2,3.104687333E-1,9.703494072E0,9.708467740E0
1.289478237E1,-1.064806059E-1,2.530409992E-1,9.165707588E0,9.169818071E0
1.289693965E1,-1.746760458E-1,2.333002090E-1,8.803792953E0,8.808615730E0
1.289909700E1,-1.064806059E-1,2.578266263E-1,9.132207870E0,9.136467221E0
1.290125258E1,-2.811566554E-2,2.769692242E-1,9.522237778E0,9.526306458E0
1.290341101E1,-4.725824669E-2,2.530409992E-1,9.436694145E0,9.440204419E0
1.290556817E1,-1.010967568E-1,2.434697002E-1,9.265607834E0,9.269357398E0
1.290772651E1,-9.631111473E-2,2.673979402E-1,9.227322578E0,9.231698622E0
1.290988302E1,-1.202393398E-1,2.482553422E-1,9.189635277E0,9.193774238E0
1.291204124E1,-9.212367237E-2,2.386840582E-1,9.127422333E0,9.131007354E0
1.291419815E1,-4.845465720E-2,2.099701911E-1,9.251250267E0,9.253759606E0
1.291635609E1,-2.871387079E-2,2.386840582E-1,9.346364975E0,9.349456284E0
1.291851316E1,-8.135596663E-2,2.530409992E-1,9.413364410E0,9.417116229E0
1.292067136E1,-9.092725813E-2,2.721835673E-1,9.413364410E0,9.417737583E0
1.292282763E1,-8.255238086E-2,2.386840582E-1,9.141778946E0,9.145266933E0
1.292498585E1,-1.070788130E-1,2.195414752E-1,8.922237396E0,8.925580345E0
1.292714264E1,-6.281159073E-2,2.051845491E-1,9.217751503E0,9.220248845E0
1.292930097E1,-7.776673418E-3,2.961117923E-1,9.689137459E0,9.693664290E0
1.293145844E1,-1.375873014E-2,2.865405083E-1,9.527023315E0,9.531341355E0
1.293361568E1,-1.208375469E-1,2.578266263E-1,9.079565048E0,9.084028718E0
1.293577207E1,-1.022931710E-1,2.578266263E-1,9.026923180E0,9.031183785E0
1.293793124E1,-4.845465720E-2,2.338984162E-1,9.232108116E0,9.235197702E0
1.294008936E1,-4.785645381E-2,2.291127741E-1,9.288937569E0,9.291885926E0
1.294224604E1,-4.307080805E-2,2.386840582E-1,9.336793900E0,9.339943549E0
1.294440164E1,-2.871387079E-2,2.338984162E-1,9.284152031E0,9.287142289E0
1.294655989E1,-8.195417374E-2,2.291127741E-1,9.212965012E0,9.216177812E0
1.294871726E1,-9.152546525E-2,2.338984162E-1,9.279964447E0,9.283362835E0
1.295087501E1,-4.785645381E-2,2.243271172E-1,9.360722542E0,9.363532421E0
1.295303086E1,-4.426721856E-2,2.099701911E-1,9.131608963E0,9.134129916E0
1.295518952E1,-8.733802289E-2,2.243271172E-1,9.050851822E0,9.054052644E0
1.295734692E1,-5.264209956E-2,2.721835673E-1,9.370293617E0,9.374393717E0
1.295950448E1,-3.708875179E-2,2.769692242E-1,9.546165466E0,9.550254585E0
1.296166089E1,-7.657032460E-2,2.338984162E-1,9.293723106E0,9.296981266E0
1.296381960E1,-1.160518974E-1,2.195414752E-1,9.098708153E0,9.102096272E0
1.296597700E1,-8.195417374E-2,2.482553422E-1,9.189037323E0,9.192755524E0
1.296813441E1,-6.759724021E-2,2.482553422E-1,9.274580956E0,9.278149169E0
1.297029088E1,-8.195417374E-2,2.291127741E-1,9.279964447E0,9.283154059E0
1.297245031E1,-7.657032460E-2,2.291127741E-1,9.346364975E0,9.349486292E0
1.297460395E1,-5.682953820E-2,2.147558331E-1,9.422935486E0,9.425553715E0
1.297675812E1,-6.699903309E-2,2.099701911E-1,9.346364975E0,9.348963290E0
1.297891969E1,-7.238288224E-2,2.386840582E-1,9.179466248E0,9.182854129E0
1.298107882E1,-7.298108935E-2,2.195414752E-1,9.089137077E0,9.092081033E0
1.298323670E1,-6.281159073E-2,2.243271172E-1,9.203393936E0,9.206341722E0
1.298538985E1,-2.811566554E-2,2.434697002E-1,9.494122505E0,9.497285408E0
1.298755075E1,5.383851007E-3,2.578266263E-1,9.527023315E0,9.530512935E0
1.298970792E1,-5.324030295E-2,2.530409992E-1,9.208179474E0,9.211809459E0
1.299186579E1,-8.793623000E-2,2.291127741E-1,9.008378983E0,9.011721108E0
1.299402507E1,-5.324030295E-2,2.291127741E-1,9.198608398E0,9.201615275E0
1.299618951E1,-2.333002165E-2,2.386840582E-1,9.474979401E0,9.478013980E0
1.299835102E1,-1.375873014E-2,2.338984162E-1,9.494122505E0,9.497013210E0
1.300050824E1,-4.307080805E-2,2.386840582E-1,9.327222824E0,9.330375704E0
1.300266384E1,-6.281159073E-2,2.530409992E-1,9.241679192E0,9.245356095E0
1.300481988E1,-9.631111473E-2,2.386840582E-1,9.198608398E0,9.202208560E0
1.300697880E1,-7.178468257E-2,2.243271172E-1,9.312865257E0,9.315843225E0
1.300913449E1,-4.307080805E-2,2.434697002E-1,9.365508080E0,9.368771220E0
1.301129060E1,-3.888336942E-2,2.482553422E-1,9.255437851E0,9.258848332E0
1.301343646E1,-6.759724021E-2,2.338984162E-1,9.208179474E0,9.211397672E0
1.301559786E1,-7.178468257E-2,2.769692242E-1,9.355937004E0,9.360311011E0
1.301776530E1,-3.290131316E-2,2.769692242E-1,9.508479118E0,9.512569032E0
1.301992508E1,-3.828516230E-2,2.338984162E-1,9.312865257E0,9.315880716E0
1.302208148E1,-7.836493850E-2,2.291127741E-1,9.012566566E0,9.015818867E0
1.302423958E1,-6.819544733E-2,2.386840582E-1,9.141180992E0,9.144550871E0
1.302640397E1,-2.333002165E-2,2.721835673E-1,9.484550476E0,9.488483858E0
1.302855240E1,-1.375873014E-2,2.769692242E-1,9.517452240E0,9.521491395E0
1.303070872E1,-5.324030295E-2,2.195414752E-1,9.275178909E0,9.277929553E0
1.303286489E1,-7.776673883E-2,2.291127741E-1,9.146564484E0,9.149764051E0
1.303502484E1,-8.673982322E-2,2.434697002E-1,9.236893654E0,9.240508951E0
1.303718199E1,-7.657032460E-2,2.482553422E-1,9.308079720E0,9.311704559E0
1.303933863E1,-4.366901144E-2,2.338984162E-1,9.241679192E0,9.244741734E0
1.304149657E1,-4.845465720E-2,2.338984162E-1,9.198608398E0,9.201709232E0
1.304365338E1,-3.828516230E-2,2.578266263E-1,9.312865257E0,9.316512203E0
1.304580749E1,-5.682953820E-2,2.865405083E-1,9.436694145E0,9.441214511E0
1.304795099E1,-5.742774159E-2,2.673979402E-1,9.384650230E0,9.388634595E0
1.305012704E1,-7.238288224E-2,2.482553422E-1,9.203393936E0,9.207026118E0
1.305228410E1,-4.905286431E-2,2.386840582E-1,9.150752068E0,9.153995831E0
1.305444578E1,-3.888336942E-2,2.817548811E-1,9.260223389E0,9.264590382E0
1.305659786E1,-3.828516230E-2,2.721835673E-1,9.346364975E0,9.350405761E0
1.305875601E1,-5.264209956E-2,2.817548811E-1,9.341579437E0,9.345975786E0
1.306091291E1,-7.178468257E-2,2.482553422E-1,9.336793900E0,9.340369590E0
1.306306875E1,-8.195417374E-2,2.195414752E-1,9.203393936E0,9.206376860E0
1.306521727E1,-9.690931439E-2,2.338984162E-1,9.141778946E0,9.145284150E0
1.306738641E1,-7.657032460E-2,2.578266263E-1,9.293723106E0,9.297614036E0
1.306954368E1,-5.204389244E-2,2.626122832E-1,9.436694145E0,9.440490992E0
1.307170365E1,-7.657032460E-2,2.482553422E-1,9.370293617E0,9.373894399E0
1.307385766E1,-9.631111473E-2,2.291127741E-1,9.256035805E0,9.259371864E0
1.307601660E1,-9.631111473E-2,2.338984162E-1,9.275178909E0,9.278627490E0
1.307817229E1,-5.324030295E-2,2.626122832E-1,9.265607834E0,9.269481554E0
1.308033072E1,-7.238288224E-2,2.578266263E-1,9.236893654E0,9.240774763E0
1.308248705E1,-4.845465720E-2,2.482553422E-1,9.217751503E0,9.221221250E0
1.308464586E1,-1.435693540E-2,2.434697002E-1,9.312865257E0,9.316058336E0
1.308680302E1,-1.914258115E-2,2.769692242E-1,9.398408890E0,9.402508604E0
1.308896041E1,-5.264209956E-2,2.626122832E-1,9.327222824E0,9.331067571E0
1.309111457E1,-8.195417374E-2,2.578266263E-1,9.189037323E0,9.193018981E0
1.309326583E1,-9.212367237E-2,2.338984162E-1,9.141778946E0,9.145234690E0
1.309543180E1,-7.716853172E-2,2.578266263E-1,9.217751503E0,9.221679474E0
1.309759028E1,-4.785645381E-2,2.434697002E-1,9.298508644E0,9.301818679E0
1.309974673E1,-6.699903309E-2,2.673979402E-1,9.355937004E0,9.359997209E0
1.310189613E1,-6.699903309E-2,2.578266263E-1,9.355937004E0,9.359728664E0
1.310406624E1,-7.178468257E-2,2.673979402E-1,9.298508644E0,9.302629612E0
1.310622021E1,-8.255238086E-2,2.530409992E-1,9.165707588E0,9.169571431E0
1.310837886E1,-7.776673883E-2,2.482553422E-1,9.127422333E0,9.131129000E0
1.311053359E1,-5.802594870E-2,2.626122832E-1,9.241679192E0,9.245591733E0
1.311269589E1,-3.349951655E-2,2.817548811E-1,9.365508080E0,9.369805207E0
1.311487251E1,-6.221338734E-2,2.721835673E-1,9.308079720E0,9.312266237E0
1.311702284E1,-5.802594870E-2,2.434697002E-1,9.169894218E0,9.173309353E0
1.311918053E1,-5.862415582E-2,2.434697002E-1,9.150752068E0,9.154178155E0
1.312133096E1,-7.178468257E-2,2.769692242E-1,9.303294182E0,9.307692927E0
1.312348919E1,-3.828516230E-2,2.626122832E-1,9.370293617E0,9.374051069E0
1.312563675E1,-6.281159073E-2,2.769692242E-1,9.284152031E0,9.288494829E0
1.312781062E1,-7.716853172E-2,2.817548811E-1,9.169894218E0,9.174546352E0
1.312996410E1,-9.631111473E-2,2.530409992E-1,9.175278664E0,9.179272527E0
1.313212190E1,-9.631111473E-2,2.721835673E-1,9.284749985E0,9.289237967E0
1.313426759E1,-7.657032460E-2,2.913261652E-1,9.394221306E0,9.399049308E0
1.313643101E1,-6.699903309E-2,2.578266263E-1,9.351150513E0,9.354944113E0
1.313856780E1,-1.058823988E-1,2.482553422E-1,9.208778381E0,9.212732552E0
1.314075220E1,-9.631111473E-2,2.578266263E-1,9.256035805E0,9.260126847E0
1.314289401E1,-7.657032460E-2,2.386840582E-1,9.341579437E0,9.344941919E0
1.314505851E1,-9.152546525E-2,2.530409992E-1,9.284749985E0,9.288648391E0
1.314720685E1,-5.802594870E-2,2.338984162E-1,9.222537041E0,9.225685067E0
1.314936869E1,-5.324030295E-2,2.338984162E-1,9.232108116E0,9.235224051E0
1.315152464E1,-5.324030295E-2,2.482553422E-1,9.256035805E0,9.259517485E0
1.315368370E1,-5.264209956E-2,2.482553422E-1,9.298508644E0,9.301971023E0
1.315584089E1,-5.742774159E-2,2.530409992E-1,9.312865257E0,9.316479324E0
1.315799839E1,-7.716853172E-2,2.434697002E-1,9.227322578E0,9.230856647E0
1.316015487E1,-1.106680483E-1,2.434697002E-1,9.175278664E0,9.179175533E0
1.316231293E1,-1.010967568E-1,2.434697002E-1,9.236893654E0,9.240654870E0
1.316446966E1,-1.004985496E-1,2.721835673E-1,9.313464165E0,9.317982539E0
1.316662810E1,-8.673982322E-2,2.434697002E-1,9.275178909E0,9.278779289E0
1.316878625E1,-1.010967568E-1,2.673979402E-1,9.289535522E0,9.293933098E0
1.317095040E1,-8.614161611E-2,2.769692242E-1,9.312865257E0,9.317381157E0
1.317310065E1,-8.195417374E-2,2.530409992E-1,9.236893654E0,9.240722407E0
1.317525779E1,-1.016949639E-1,2.673979402E-1,9.132207870E0,9.136687809E0
1.317741250E1,-7.238288224E-2,2.626122832E-1,9.256035805E0,9.260043375E0
1.317956919E1,-5.742774159E-2,2.673979402E-1,9.351150513E0,9.355149144E0
1.318171635E1,-6.281159073E-2,2.530409992E-1,9.279366493E0,9.283028469E0
1.318388764E1,-8.195417374E-2,2.434697002E-1,9.251250267E0,9.254816340E0
1.318604403E1,-6.699903309E-2,2.578266263E-1,9.298508644E0,9.302323712E0
1.318820624E1,-7.238288224E-2,2.482553422E-1,9.288937569E0,9.292536314E0
1.319035991E1,-7.238288224E-2,2.338984162E-1,9.227322578E0,9.230570390E0
1.319251727E1,-5.802594870E-2,2.338984162E-1,9.217751503E0,9.220901163E0
1.319467365E1,-7.178468257E-2,2.195414752E-1,9.336793900E0,9.339650519E0
1.319683181E1,-7.178468257E-2,2.482553422E-1,9.384650230E0,9.388207694E0
1.319898861E1,-8.135596663E-2,2.434697002E-1,9.389435768E0,9.392944178E0
1.320114436E1,-8.673982322E-2,2.626122832E-1,9.270393372E0,9.274517900E0
1.320329341E1,-9.212367237E-2,2.434697002E-1,9.146564484E0,9.150268090E0
1.320546367E1,-8.673982322E-2,2.673979402E-1,9.232108116E0,9.236387049E0
1.320761949E1,-5.742774159E-2,2.626122832E-1,9.389435768E0,9.393283090E0
1.320977937E1,-6.699903309E-2,2.530409992E-1,9.408578873E0,9.412219452E0
1.321193301E1,-1.058823988E-1,2.386840582E-1,9.270393372E0,9.274070003E0
1.321409244E1,-9.631111473E-2,2.386840582E-1,9.212965012E0,9.216559565E0
1.321624817E1,-9.631111473E-2,2.434697002E-1,9.270393372E0,9.274090068E0
1.321840654E1,-6.699903309E-2,2.482553422E-1,9.341579437E0,9.345117761E0
1.322056274E1,-7.178468257E-2,2.482553422E-1,9.355937004E0,9.359505381E0
1.322272164E1,-7.657032460E-2,2.386840582E-1,9.312865257E0,9.316238103E0
1.322487566E1,-7.238288224E-2,2.338984162E-1,9.217751503E0,9.221002685E0
1.322702335E1,-9.152546525E-2,2.530409992E-1,9.256035805E0,9.259946300E0
1.322919266E1,-8.135596663E-2,2.578266263E-1,9.394221306E0,9.398110837E0
1.323135083E1,-7.178468257E-2,2.626122832E-1,9.360722542E0,9.364680708E0
1.323351080E1,-9.152546525E-2,2.434697002E-1,9.236893654E0,9.240555112E0
1.323566600E1,-8.673982322E-2,2.482553422E-1,9.270393372E0,9.274122480E0
1.323782250E1,-5.742774159E-2,2.578266263E-1,9.346364975E0,9.350096832E0
1.323998118E1,-5.802594870E-2,2.386840582E-1,9.256035805E0,9.259294569E0
1.324214173E1,-1.010967568E-1,2.338984162E-1,9.236893654E0,9.240407642E0
1.324431204E1,-7.178468257E-2,2.386840582E-1,9.341579437E0,9.344903932E0
1.324646124E1,-5.264209956E-2,2.243271172E-1,9.370293617E0,9.373126283E0
1.324859682E1,-9.631111473E-2,2.530409992E-1,9.284749985E0,9.288696779E0
1.325077668E1,-9.631111473E-2,2.434697002E-1,9.279964447E0,9.283657332E0
1.325292270E1,-8.673982322E-2,2.338984162E-1,9.289535522E0,9.292884509E0
1.325509770E1,-9.152546525E-2,2.386840582E-1,9.241679192E0,9.245213966E0
1.325723257E1,-7.716853172E-2,2.051845491E-1,9.294321060E0,9.296905918E0
1.325940486E1,-7.178468257E-2,2.482553422E-1,9.341579437E0,9.345153297E0
1.326155639E1,-8.614161611E-2,2.338984162E-1,9.318249702E0,9.321582825E0
1.326372994E1,-1.058823988E-1,2.482553422E-1,9.251250267E0,9.255186292E0
1.326588456E1,-5.802594870E-2,2.291127741E-1,9.256035805E0,9.259052786E0
1.326804047E1,-7.238288224E-2,2.482553422E-1,9.256035805E0,9.259647338E0
1.327018624E1,-8.673982322E-2,2.578266263E-1,9.227322578E0,9.231331450E0
1.327234196E1,-7.178468257E-2,2.578266263E-1,9.298508644E0,9.302359411E0
1.327450763E1,-6.221338734E-2,2.626122832E-1,9.293723106E0,9.297640824E0
1.327665103E1,-9.631111473E-2,2.338984162E-1,9.260822296E0,9.264276221E0
1.327882791E1,-1.010967568E-1,2.338984162E-1,9.284749985E0,9.288245868E0
1.328096894E1,-9.571290761E-2,2.386840582E-1,9.365508080E0,9.369037978E0
1.328313308E1,-9.152546525E-2,2.243271172E-1,9.270393372E0,9.273558801E0
1.328528642E1,-1.058823988E-1,2.147558331E-1,9.212965012E0,9.216075925E0
1.328746073E1,-1.004985496E-1,2.482553422E-1,9.308678627E0,9.312530722E0
1.328961701E1,-9.092725813E-2,2.482553422E-1,9.384650230E0,9.388373577E0
1.329177550E1,-9.092725813E-2,2.338984162E-1,9.303893089E0,9.307276876E0
1.329392838E1,-1.058823988E-1,2.099701911E-1,9.227322578E0,9.230318550E0
1.329608397E1,-9.631111473E-2,2.338984162E-1,9.294321060E0,9.297762541E0
1.329823083E1,-7.178468257E-2,2.434697002E-1,9.360722542E0,9.364163446E0
1.330039889E1,-5.264209956E-2,2.482553422E-1,9.312865257E0,9.316322300E0
1.330254445E1,-6.281159073E-2,2.386840582E-1,9.227322578E0,9.230622804E0
1.330471317E1,-8.195417374E-2,2.291127741E-1,9.217751503E0,9.220962635E0
1.330686047E1,-6.221338734E-2,2.482553422E-1,9.355937004E0,9.359436866E0
1.330903536E1,-4.307080805E-2,2.434697002E-1,9.370293617E0,9.373555092E0
1.331118737E1,-4.845465720E-2,2.195414752E-1,9.222537041E0,9.225277003E0
1.331333690E1,-7.238288224E-2,2.291127741E-1,9.203393936E0,9.206529851E0
1.331550304E1,-5.204389244E-2,2.578266263E-1,9.441479683E0,9.445142759E0
1.331766145E1,-4.247260094E-2,2.482553422E-1,9.484550476E0,9.487893990E0
1.331982128E1,-7.716853172E-2,2.291127741E-1,9.222537041E0,9.225705237E0
1.332197655E1,-1.070788130E-1,2.003988922E-1,9.003593445E0,9.006459932E0
1.332413679E1,-1.010967568E-1,2.482553422E-1,9.208179474E0,9.212080139E0
1.332630420E1,-4.247260094E-2,2.769692242E-1,9.460622787E0,9.464771492E0
1.332843582E1,-4.307080805E-2,2.673979402E-1,9.379864693E0,9.383774209E0
1.333060642E1,-7.776673883E-2,2.243271172E-1,9.141778946E0,9.144861542E0
1.333275860E1,-9.152546525E-2,2.482553422E-1,9.222537041E0,9.226331725E0
1.333492116E1,-5.682953820E-2,2.626122832E-1,9.436694145E0,9.440518587E0
1.333706638E1,-3.349951655E-2,2.482553422E-1,9.332008362E0,9.335369998E0
1.333923660E1,-7.298108935E-2,2.243271172E-1,9.074779510E0,9.077845122E0
1.334139287E1,-7.776673883E-2,2.482553422E-1,9.150752068E0,9.154449289E0
1.334355386E1,-2.871387079E-2,2.386840582E-1,9.412766457E0,9.415835966E0
1.334570492E1,-4.247260094E-2,2.578266263E-1,9.484550476E0,9.488149252E0
1.334784588E1,-3.409772366E-2,2.482553422E-1,9.279366493E0,9.282749371E0
1.334999523E1,-6.340979785E-2,2.195414752E-1,9.122636795E0,9.125498417E0
1.335217806E1,-6.281159073E-2,2.626122832E-1,9.189037323E0,9.193003722E0
1.335432802E1,-1.435693540E-2,2.482553422E-1,9.365508080E0,9.368808805E0
1.335650247E1,-2.871387079E-2,2.530409992E-1,9.393623352E0,9.397074753E0
1.335865160E1,-4.366901144E-2,2.338984162E-1,9.179466248E0,9.182549539E0
1.336081311E1,-6.340979785E-2,2.338984162E-1,9.141778946E0,9.144990518E0
1.336296817E1,-6.699903309E-2,2.578266263E-1,9.370293617E0,9.374079470E0
1.336512529E1,-2.811566554E-2,2.721835673E-1,9.494122505E0,9.498064883E0
1.336728191E1,-4.845465720E-2,2.482553422E-1,9.274580956E0,9.278029450E0
1.336943959E1,-9.212367237E-2,2.530409992E-1,9.089137077E0,9.093125388E0
1.337159626E1,-7.238288224E-2,2.626122832E-1,9.251250267E0,9.255259910E0
1.337375493E1,-5.264209956E-2,2.626122832E-1,9.413364410E0,9.417173988E0
1.337591124E1,-5.264209956E-2,2.530409992E-1,9.312865257E0,9.316451054E0
1.337807015E1,-6.819544733E-2,2.386840582E-1,9.146564484E0,9.149932380E0
1.338022771E1,-5.802594870E-2,2.530409992E-1,9.198608398E0,9.202271091E0
1.338237816E1,-4.785645381E-2,2.626122832E-1,9.370293617E0,9.374095046E0
1.338450838E1,-5.204389244E-2,2.721835673E-1,9.446265221E0,9.450329046E0
1.338667498E1,-5.802594870E-2,2.530409992E-1,9.260822296E0,9.264460392E0
1.338885633E1,-6.340979785E-2,2.434697002E-1,9.089137077E0,9.092618496E0
1.339102087E1,-7.238288224E-2,2.626122832E-1,9.212965012E0,9.216991309E0
1.339317667E1,-5.682953820E-2,2.626122832E-1,9.431908607E0,9.435734989E0
1.339532851E1,-4.307080805E-2,2.673979402E-1,9.384650230E0,9.388557754E0
1.339748249E1,-7.716853172E-2,2.386840582E-1,9.184251785E0,9.187676851E0
1.339963864E1,-8.673982322E-2,2.578266263E-1,9.208179474E0,9.212196676E0
1.340177817E1,-5.264209956E-2,2.482553422E-1,9.389435768E0,9.392864630E0
1.340395391E1,-8.614161611E-2,2.434697002E-1,9.394221306E0,9.397770577E0
1.340610262E1,-9.631111473E-2,2.338984162E-1,9.208179474E0,9.211653137E0
1.340827946E1,-7.776673883E-2,2.099701911E-1,9.108279228E0,9.111030987E0
1.341042320E1,-7.238288224E-2,2.338984162E-1,9.217751503E0,9.221002685E0
1.341256106E1,-6.221338734E-2,2.817548811E-1,9.394221306E0,9.398651513E0
1.341474302E1,-3.768695518E-2,2.769692242E-1,9.422337532E0,9.426482739E0
1.341690395E1,-7.238288224E-2,2.530409992E-1,9.222537041E0,9.226291698E0
1.341906782E1,-7.716853172E-2,2.482553422E-1,9.180064201E0,9.183744576E0
1.342122002E1,-4.785645381E-2,2.865405083E-1,9.332008362E0,9.336529107E0
1.342337138E1,-4.785645381E-2,2.961117923E-1,9.379864693E0,9.384659508E0
1.342552036E1,-6.819544733E-2,2.530409992E-1,9.160921097E0,9.164668882E0
1.342769011E1,-7.776673883E-2,2.482553422E-1,9.103493690E0,9.107210097E0
1.342984831E1,-5.742774159E-2,2.673979402E-1,9.375079155E0,9.379067585E0
1.343200896E1,-3.290131316E-2,2.769692242E-1,9.484550476E0,9.488650704E0
1.343416300E1,-8.195417374E-2,2.626122832E-1,9.260822296E0,9.264907517E0
1.343631203E1,-1.016949639E-1,2.530409992E-1,9.103493690E0,9.107577559E0
1.343844012E1,-7.716853172E-2,2.673979402E-1,9.222537041E0,9.226735398E0
1.344060419E1,-6.699903309E-2,2.865405083E-1,9.365508080E0,9.370129984E0
1.344279289E1,-6.281159073E-2,2.673979402E-1,9.289535522E0,9.293595492E0
1.344495692E1,-1.016949639E-1,2.482553422E-1,9.165707588E0,9.169632936E0
1.344711230E1,-6.759724021E-2,2.721835673E-1,9.203393936E0,9.207666003E0
1.344924922E1,-5.742774159E-2,2.865405083E-1,9.336793900E0,9.341366267E0
1.345140565E1,-3.828516230E-2,2.673979402E-1,9.379864693E0,9.383753464E0
1.345356359E1,-2.871387079E-2,2.721835673E-1,9.303294182E0,9.307319217E0
1.345574029E1,-2.931207791E-2,2.530409992E-1,9.227322578E0,9.230838040E0
1.345789421E1,-3.409772366E-2,2.769692242E-1,9.274580956E0,9.278778287E0
1.346004474E1,-1.914258115E-2,2.721835673E-1,9.336793900E0,9.340779981E0
1.346220815E1,-3.888336942E-2,2.673979402E-1,9.274580956E0,9.278516340E0
1.346436311E1,-6.281159073E-2,2.530409992E-1,9.179466248E0,9.183168061E0
1.346652756E1,-6.759724021E-2,2.673979402E-1,9.198608398E0,9.202742391E0
1.346867683E1,-5.742774159E-2,2.626122832E-1,9.370293617E0,9.374148795E0
1.347081951E1,-5.682953820E-2,2.913261652E-1,9.455837250E0,9.460494629E0
1.347299657E1,-6.699903309E-2,2.769692242E-1,9.341579437E0,9.345924631E0
1.347515267E1,-9.152546525E-2,2.626122832E-1,9.175278664E0,9.179492398E0
1.347731443E1,-8.673982322E-2,2.673979402E-1,9.208179474E0,9.212469521E0
1.347946806E1,-6.699903309E-2,2.578266263E-1,9.351150513E0,9.354944113E0
1.348162684E1,-4.785645381E-2,2.626122832E-1,9.351150513E0,9.354959720E0
1.348378502E1,-7.716853172E-2,2.578266263E-1,9.279964447E0,9.283866096E0
1.348594144E1,-6.759724021E-2,2.530409992E-1,9.279964447E0,9.283659799E0
1.348809828E1,-6.221338734E-2,2.530409992E-1,9.355937004E0,9.359565026E0
1.349024921E1,-5.742774159E-2,2.721835673E-1,9.370293617E0,9.374421812E0
1.349238152E1,-5.742774159E-2,2.673979402E-1,9.303294182E0,9.307313374E0
1.349456810E1,-6.281159073E-2,2.721835673E-1,9.217751503E0,9.221983082E0
1.349671386E1,-7.238288224E-2,2.721835673E-1,9.270393372E0,9.274670692E0
1.349889088E1,-5.742774159E-2,2.865405083E-1,9.332008362E0,9.336583073E0
1.350102758E1,-5.742774159E-2,2.817548811E-1,9.322437286E0,9.326870896E0
1.350318497E1,-8.195417374E-2,2.578266263E-1,9.265607834E0,9.269556601E0
1.350533180E1,-7.657032460E-2,2.626122832E-1,9.318249702E0,9.322263982E0
1.350751864E1,-7.178468257E-2,2.626122832E-1,9.346364975E0,9.350329219E0
1.350966788E1,-8.195417374E-2,2.578266263E-1,9.279964447E0,9.283907108E0
1.351180051E1,-6.759724021E-2,2.386840582E-1,9.227322578E0,9.230656609E0
1.351395810E1,-9.152546525E-2,2.578266263E-1,9.275178909E0,9.279213074E0
1.351611959E1,-6.699903309E-2,2.578266263E-1,9.322437286E0,9.326242566E0
1.351829473E1,-8.135596663E-2,2.434697002E-1,9.313464165E0,9.317001183E0
1.352044978E1,-9.152546525E-2,2.434697002E-1,9.260822296E0,9.264474297E0
1.352260608E1,-7.178468257E-2,2.482553422E-1,9.303893089E0,9.307481419E0
1.352476030E1,-8.135596663E-2,2.482553422E-1,9.337391853E0,9.341045773E0
1.352691259E1,-7.178468257E-2,2.626122832E-1,9.346364975E0,9.350329219E0
1.352907714E1,-5.802594870E-2,2.338984162E-1,9.275178909E0,9.278309074E0
1.353123344E1,-7.238288224E-2,2.291127741E-1,9.241679192E0,9.244802119E0
1.353339366E1,-6.281159073E-2,2.386840582E-1,9.294321060E0,9.297597504E0
1.353554676E1,-4.785645381E-2,2.482553422E-1,9.312865257E0,9.316296488E0
1.353769644E1,-9.152546525E-2,2.578266263E-1,9.236893654E0,9.240944533E0
1.353986336E1,-9.152546525E-2,2.338984162E-1,9.184849739E0,9.188283306E0
1.354202164E1,-7.716853172E-2,2.482553422E-1,9.299106598E0,9.302739877E0
1.354418065E1,-7.657032460E-2,2.482553422E-1,9.346364975E0,9.349974972E0
1.354633431E1,-7.716853172E-2,2.434697002E-1,9.265607834E0,9.269127306E0
1.354848435E1,-8.195417374E-2,2.338984162E-1,9.236893654E0,9.240218035E0
1.355065176E1,-6.759724021E-2,2.434697002E-1,9.294321060E0,9.297755151E0
1.355280884E1,-6.759724021E-2,2.386840582E-1,9.299106598E0,9.302414901E0
1.355496834E1,-6.281159073E-2,2.338984162E-1,9.212965012E0,9.216147681E0
1.355711820E1,-7.238288224E-2,2.434697002E-1,9.251250267E0,9.254736532E0
1.355926213E1,-4.785645381E-2,2.434697002E-1,9.308079720E0,9.311386352E0
1.356143404E1,-6.221338734E-2,2.338984162E-1,9.317651749E0,9.320794659E0
1.356359604E1,-5.802594870E-2,2.147558331E-1,9.241679192E0,9.244356190E0
1.356575687E1,-6.759724021E-2,2.338984162E-1,9.260822296E0,9.264022207E0
1.356791188E1,-7.178468257E-2,2.291127741E-1,9.308678627E0,9.311774454E0
1.357006783E1,-7.238288224E-2,2.147558331E-1,9.251250267E0,9.254025657E0
1.357222574E1,-6.759724021E-2,2.147558331E-1,9.217751503E0,9.220500649E0
1.357437836E1,-7.716853172E-2,2.099701911E-1,9.265607834E0,9.268307882E0
1.357652500E1,-7.178468257E-2,2.338984162E-1,9.312865257E0,9.316078618E0
1.357869695E1,-6.699903309E-2,2.386840582E-1,9.346364975E0,9.349652250E0
1.358085545E1,-8.135596663E-2,2.434697002E-1,9.303893089E0,9.307433744E0
1.358301874E1,-6.759724021E-2,2.291127741E-1,9.232108116E0,9.235198012E0
1.358518220E1,-4.845465720E-2,2.386840582E-1,9.208179474E0,9.211399848E0
1.358732774E1,-5.324030295E-2,2.338984162E-1,9.232108116E0,9.235224051E0
1.358948520E1,-4.845465720E-2,2.243271172E-1,9.279366493E0,9.282204104E0
1.359163883E1,-6.221338734E-2,2.243271172E-1,9.299106598E0,9.302020032E0
1.359380001E1,-7.178468257E-2,2.386840582E-1,9.299106598E0,9.302446272E0
1.359595661E1,-7.716853172E-2,2.434697002E-1,9.232108116E0,9.235640354E0
1.359811500E1,-8.673982322E-2,2.386840582E-1,9.193822861E0,9.197329649E0
1.360027137E1,-6.759724021E-2,2.291127741E-1,9.232108116E0,9.235198012E0
1.360242749E1,-4.785645381E-2,2.386840582E-1,9.303294182E0,9.306478547E0
1.360457720E1,-3.888336942E-2,2.291127741E-1,9.274580956E0,9.277491928E0
1.360674488E1,-6.281159073E-2,2.338984162E-1,9.212965012E0,9.216147681E0
1.360890264E1,-4.845465720E-2,2.434697002E-1,9.284152031E0,9.287470284E0
1.361106796E1,-5.264209956E-2,2.578266263E-1,9.351150513E0,9.354852306E0
1.361321495E1,-6.759724021E-2,2.434697002E-1,9.265607834E0,9.269052563E0
1.361537379E1,-8.673982322E-2,2.195414752E-1,9.180064201E0,9.183098660E0
1.361754605E1,-7.716853172E-2,2.338984162E-1,9.289535522E0,9.292800099E0
1.361970588E1,-7.657032460E-2,2.482553422E-1,9.370293617E0,9.373894399E0
1.362186421E1,-6.759724021E-2,2.386840582E-1,9.294321060E0,9.297631066E0
1.362401393E1,-7.776673883E-2,2.195414752E-1,9.160921097E0,9.163881354E0
1.362615762E1,-8.195417374E-2,2.195414752E-1,9.194420815E0,9.197406649E0
1.362831425E1,-5.264209956E-2,2.338984162E-1,9.370293617E0,9.373360237E0
1.363046194E1,-5.742774159E-2,2.482553422E-1,9.394221306E0,9.397676447E0
1.363263415E1,-6.759724021E-2,2.243271172E-1,9.251250267E0,9.254216528E0
1.363478784E1,-8.733802289E-2,2.434697002E-1,9.170493126E0,9.174140265E0
1.363694317E1,-8.195417374E-2,2.482553422E-1,9.284749985E0,9.288429872E0
1.363911244E1,-7.657032460E-2,2.482553422E-1,9.341579437E0,9.345191283E0
1.364126353E1,-6.699903309E-2,2.578266263E-1,9.308678627E0,9.312489529E0
1.364342255E1,-7.238288224E-2,2.578266263E-1,9.260822296E0,9.264693381E0
1.364557663E1,-7.716853172E-2,2.626122832E-1,9.299106598E0,9.303134080E0
1.364773488E1,-6.699903309E-2,2.578266263E-1,9.332008362E0,9.335809740E0
1.364989348E1,-7.238288224E-2,2.530409992E-1,9.294321060E0,9.298046730E0
1.365204973E1,-8.673982322E-2,2.338984162E-1,9.227322578E0,9.230694136E0
1.365420848E1,-9.631111473E-2,2.482553422E-1,9.251250267E0,9.255081742E0
1.365636587E1,-8.614161611E-2,2.769692242E-1,9.332008362E0,9.336515003E0
1.365852313E1,-6.281159073E-2,2.434697002E-1,9.299106598E0,9.302505378E0
1.366067964E1,-1.058823988E-1,2.482553422E-1,9.241679192E0,9.245619291E0
1.366283765E1,-8.614161611E-2,2.530409992E-1,9.308678627E0,9.312515659E0
1.366499442E1,-8.135596663E-2,2.626122832E-1,9.375079155E0,9.379109402E0
1.366715287E1,-8.135596663E-2,2.291127741E-1,9.313464165E0,9.316637065E0
1.366930859E1,-1.010967568E-1,2.386840582E-1,9.241679192E0,9.245313673E0
1.367146524E1,-8.673982322E-2,2.386840582E-1,9.284749985E0,9.288222443E0
1.367362512E1,-7.657032460E-2,2.626122832E-1,9.336793900E0,9.340800209E0
1.367578251E1,-7.238288224E-2,2.578266263E-1,9.299106598E0,9.302961753E0
1.367793958E1,-5.324030295E-2,2.578266263E-1,9.241679192E0,9.245428242E0
1.368009471E1,-6.281159073E-2,2.578266263E-1,9.246464729E0,9.250271880E0
1.368224398E1,-6.281159073E-2,2.673979402E-1,9.294321060E0,9.298378941E0
1.368441008E1,-5.742774159E-2,2.721835673E-1,9.355937004E0,9.360071531E0
1.368655959E1,-6.221338734E-2,2.673979402E-1,9.355937004E0,9.359964177E0
1.368872996E1,-7.238288224E-2,2.482553422E-1,9.246464729E0,9.250079999E0
1.369088193E1,-8.673982322E-2,2.482553422E-1,9.227322578E0,9.231069086E0
1.369303247E1,-8.135596663E-2,2.769692242E-1,9.322437286E0,9.326905580E0
1.369519896E1,-8.135596663E-2,2.817548811E-1,9.370293617E0,9.374881710E0
1.369735769E1,-6.699903309E-2,2.578266263E-1,9.298508644E0,9.302323712E0
1.369951384E1,-7.716853172E-2,2.721835673E-1,9.270393372E0,9.274709275E0
1.370165951E1,-7.178468257E-2,2.673979402E-1,9.336793900E0,9.340897977E0
1.370381861E1,-7.178468257E-2,2.673979402E-1,9.365508080E0,9.369599580E0
1.370598695E1,-7.657032460E-2,2.721835673E-1,9.312865257E0,9.317156552E0
1.370814661E1,-8.195417374E-2,2.530409992E-1,9.217751503E0,9.221588204E0
1.371030378E1,-7.238288224E-2,2.578266263E-1,9.193822861E0,9.197722144E0
1.371245993E1,-8.195417374E-2,2.530409992E-1,9.299106598E0,9.302909747E0
1.371462439E1,-6.161518395E-2,2.721835673E-1,9.427721024E0,9.431850509E0
1.371677307E1,-7.657032460E-2,2.721835673E-1,9.312865257E0,9.317156552E0
1.371893295E1,-7.716853172E-2,2.291127741E-1,9.189037323E0,9.192217065E0
1.372109114E1,-6.759724021E-2,2.721835673E-1,9.251250267E0,9.255500245E0
1.372324491E1,-5.742774159E-2,2.673979402E-1,9.346364975E0,9.350365653E0
1.372539655E1,-5.264209956E-2,2.482553422E-1,9.298508644E0,9.301971023E0
1.372755403E1,-6.759724021E-2,2.434697002E-1,9.217751503E0,9.221214109E0
1.372971743E1,-4.845465720E-2,2.243271172E-1,9.232108116E0,9.234960248E0
1.373187693E1,-4.785645381E-2,2.434697002E-1,9.293723106E0,9.297034845E0
1.373403694E1,-5.742774159E-2,2.578266263E-1,9.322437286E0,9.326178718E0
1.373620233E1,-6.759724021E-2,2.530409992E-1,9.251250267E0,9.254957085E0
1.373834426E1,-8.195417374E-2,2.386840582E-1,9.212965012E0,9.216420719E0
1.374052237E1,-8.673982322E-2,2.434697002E-1,9.246464729E0,9.250076285E0
1.374267614E1,-7.657032460E-2,2.721835673E-1,9.360722542E0,9.364991907E0
1.374483847E1,-7.178468257E-2,2.578266263E-1,9.308079720E0,9.311926529E0
1.374698756E1,-9.690931439E-2,2.338984162E-1,9.136993408E0,9.140500447E0
1.374913980E1,-9.690931439E-2,2.530409992E-1,9.160921097E0,9.164927523E0
1.375131322E1,-6.221338734E-2,2.626122832E-1,9.341579437E0,9.345477093E0
1.375347000E1,-4.785645381E-2,2.530409992E-1,9.351150513E0,9.354695928E0
1.375562234E1,-7.716853172E-2,2.578266263E-1,9.241679192E0,9.245596997E0
1.375776891E1,-8.195417374E-2,2.673979402E-1,9.279964447E0,9.284177846E0
1.375990285E1,-7.657032460E-2,2.721835673E-1,9.332008362E0,9.336290857E0
1.376208763E1,-7.238288224E-2,2.578266263E-1,9.256035805E0,9.259908891E0
1.376421893E1,-1.010967568E-1,2.578266263E-1,9.194420815E0,9.198590611E0
1.376639952E1,-7.238288224E-2,2.530409992E-1,9.246464729E0,9.250209674E0
1.376855154E1,-7.657032460E-2,2.434697002E-1,9.313464165E0,9.316960623E0
1.377072621E1,-8.673982322E-2,2.530409992E-1,9.299106598E0,9.302953137E0
1.377286928E1,-7.238288224E-2,2.386840582E-1,9.270393372E0,9.273748035E0
1.377503440E1,-8.195417374E-2,2.338984162E-1,9.212965012E0,9.216298024E0
1.377716712E1,-9.152546525E-2,2.578266263E-1,9.232108116E0,9.236161094E0
1.377935590E1,-7.178468257E-2,2.386840582E-1,9.332008362E0,9.335336265E0
1.378150888E1,-7.178468257E-2,2.626122832E-1,9.303893089E0,9.307875422E0
1.378367476E1,-1.058823988E-1,2.434697002E-1,9.236893654E0,9.240708466E0
1.378582377E1,-9.631111473E-2,2.530409992E-1,9.251250267E0,9.255211347E0
1.378798227E1,-7.657032460E-2,2.626122832E-1,9.351150513E0,9.355150674E0
1.379014000E1,-6.699903309E-2,2.530409992E-1,9.308079720E0,9.311759591E0
1.379230008E1,-8.195417374E-2,2.578266263E-1,9.275178909E0,9.279123604E0
1.379444378E1,-7.716853172E-2,2.482553422E-1,9.227322578E0,9.230984111E0
1.379661263E1,-7.238288224E-2,2.434697002E-1,9.236893654E0,9.240385336E0
1.379876440E1,-7.238288224E-2,2.482553422E-1,9.265607834E0,9.269215637E0
1.380091574E1,-5.742774159E-2,2.386840582E-1,9.317651749E0,9.320885266E0
1.380306294E1,-8.195417374E-2,2.434697002E-1,9.299106598E0,9.302654326E0
1.380520734E1,-8.673982322E-2,2.578266263E-1,9.236893654E0,9.240898373E0
1.380737448E1,-9.152546525E-2,2.338984162E-1,9.246464729E0,9.249875425E0
1.380954406E1,-8.614161611E-2,2.817548811E-1,9.346364975E0,9.351007670E0
1.381170489E1,-6.699903309E-2,2.673979402E-1,9.394221306E0,9.398264971E0
1.381386103E1,-7.238288224E-2,2.386840582E-1,9.232108116E0,9.235476687E0
1.381601478E1,-1.064806059E-1,2.291127741E-1,9.117850304E0,9.121349952E0
1.381817300E1,-9.631111473E-2,2.530409992E-1,9.260822296E0,9.264779284E0
1.382032962E1,-5.264209956E-2,2.673979402E-1,9.399007797E0,9.402958068E0
1.382248802E1,-5.324030295E-2,2.482553422E-1,9.265607834E0,9.269085919E0
1.382464007E1,-7.298108935E-2,2.386840582E-1,9.136993408E0,9.140401789E0
1.382678540E1,-6.281159073E-2,2.530409992E-1,9.294321060E0,9.297977146E0
1.382896038E1,-3.349951655E-2,2.578266263E-1,9.403793335E0,9.407386772E0
1.383111783E1,-3.888336942E-2,2.578266263E-1,9.256035805E0,9.259707625E0
1.383327911E1,-6.819544733E-2,2.434697002E-1,9.141778946E0,9.145274759E0
1.383542967E1,-4.785645381E-2,2.817548811E-1,9.303294182E0,9.307682778E0
1.383757351E1,-3.828516230E-2,2.626122832E-1,9.389435768E0,9.393185562E0
1.383974791E1,-3.888336942E-2,2.434697002E-1,9.284152031E0,9.287425281E0
1.384190373E1,-6.759724021E-2,2.721835673E-1,9.189037323E0,9.193316061E0
1.384406662E1,-5.324030295E-2,2.578266263E-1,9.203393936E0,9.207158576E0
1.384621906E1,-4.845465720E-2,2.530409992E-1,9.260822296E0,9.264405388E0
1.384837420E1,-6.221338734E-2,2.482553422E-1,9.308079720E0,9.311597569E0
1.385053396E1,-5.264209956E-2,2.482553422E-1,9.303294182E0,9.306754780E0
1.385269196E1,-6.759724021E-2,2.434697002E-1,9.227322578E0,9.230781595E0
1.385484941E1,-7.238288224E-2,2.434697002E-1,9.236893654E0,9.240385336E0
1.385700370E1,-3.888336942E-2,2.338984162E-1,9.293723106E0,9.296747257E0
1.385914999E1,-3.409772366E-2,2.530409992E-1,9.288937569E0,9.292446048E0
1.386132228E1,-3.888336942E-2,2.386840582E-1,9.241679192E0,9.244842685E0
1.386347965E1,-2.931207791E-2,2.482553422E-1,9.274580956E0,9.277949225E0
1.386564019E1,-1.974078640E-2,2.386840582E-1,9.284152031E0,9.287240640E0
1.386779324E1,-3.409772366E-2,2.578266263E-1,9.212965012E0,9.216635044E0
1.386995128E1,-5.802594870E-2,2.530409992E-1,9.236893654E0,9.240541171E0
1.387210818E1,-4.366901144E-2,2.721835673E-1,9.269794464E0,9.273892402E0
1.387426358E1,-2.931207791E-2,2.626122832E-1,9.269794464E0,9.273559932E0
1.387641089E1,-4.845465720E-2,2.673979402E-1,9.251250267E0,9.255240732E0
1.387858174E1,-4.785645381E-2,2.578266263E-1,9.293723106E0,9.297421900E0
1.388073900E1,-5.324030295E-2,2.338984162E-1,9.265607834E0,9.268712507E0
1.388289945E1,-7.716853172E-2,2.482553422E-1,9.246464729E0,9.250118685E0
1.388505271E1,-5.264209956E-2,2.578266263E-1,9.308079720E0,9.311798635E0
1.388721079E1,-5.264209956E-2,2.338984162E-1,9.303294182E0,9.306382879E0
1.388936757E1,-8.673982322E-2,2.482553422E-1,9.184849739E0,9.188613565E0
1.389152356E1,-9.152546525E-2,2.578266263E-1,9.236893654E0,9.240944533E0
1.389367017E1,-5.742774159E-2,2.578266263E-1,9.375079155E0,9.378799586E0
1.389583114E1,-6.221338734E-2,2.626122832E-1,9.298508644E0,9.302424346E0
1.389799846E1,-8.673982322E-2,2.482553422E-1,9.241679192E0,9.245419882E0
1.390015818E1,-6.759724021E-2,2.482553422E-1,9.270393372E0,9.273963196E0
1.390231249E1,-6.221338734E-2,2.482553422E-1,9.318249702E0,9.321763714E0
1.390446152E1,-6.759724021E-2,2.338984162E-1,9.284749985E0,9.287941652E0
1.390663029E1,-6.281159073E-2,2.386840582E-1,9.246464729E0,9.249758125E0
1.390880154E1,-4.845465720E-2,2.386840582E-1,9.275178909E0,9.278376029E0
1.391096049E1,-5.264209956E-2,2.626122832E-1,9.303294182E0,9.307148813E0
1.391311695E1,-5.324030295E-2,2.482553422E-1,9.299106598E0,9.302572158E0
1.391527096E1,-6.759724021E-2,2.434697002E-1,9.279964447E0,9.283403849E0
1.391742861E1,-6.281159073E-2,2.482553422E-1,9.256035805E0,9.259577465E0
1.391958474E1,-6.281159073E-2,2.482553422E-1,9.246464729E0,9.250010054E0
1.392174284E1,-8.135596663E-2,2.530409992E-1,9.313464165E0,9.317256210E0
1.392389938E1,-4.785645381E-2,2.482553422E-1,9.346364975E0,9.349783912E0
1.392605392E1,-5.324030295E-2,2.434697002E-1,9.289535522E0,9.292878039E0
1.392820148E1,-6.281159073E-2,2.243271172E-1,9.212965012E0,9.215909736E0
1.393037335E1,-5.802594870E-2,2.434697002E-1,9.270393372E0,9.273771497E0
1.393253111E1,-4.307080805E-2,2.386840582E-1,9.365508080E0,9.368648075E0
1.393469084E1,-3.828516230E-2,2.578266263E-1,9.336793900E0,9.340431502E0
1.393684355E1,-6.281159073E-2,2.434697002E-1,9.260822296E0,9.264235122E0
1.393900264E1,-5.802594870E-2,2.386840582E-1,9.284749985E0,9.287998674E0
1.394115934E1,-5.802594870E-2,2.673979402E-1,9.275178909E0,9.279214001E0
1.394331202E1,-6.281159073E-2,2.578266263E-1,9.265607834E0,9.269407122E0
1.394544841E1,-5.802594870E-2,2.386840582E-1,9.246464729E0,9.249726865E0
1.394762154E1,-7.716853172E-2,2.386840582E-1,9.294321060E0,9.297705579E0
1.394975936E1,-5.264209956E-2,2.386840582E-1,9.355937004E0,9.359129153E0
1.395194059E1,-5.264209956E-2,2.386840582E-1,9.365508080E0,9.368696967E0
1.395410505E1,-6.759724021E-2,2.338984162E-1,9.232108116E0,9.235317976E0
1.395626879E1,-7.776673883E-2,2.147558331E-1,9.146564484E0,9.149415806E0
1.395841387E1,-7.178468257E-2,2.434697002E-1,9.318249702E0,9.321706284E0
1.396054232E1,-5.682953820E-2,2.578266263E-1,9.451649666E0,9.455336354E0
1.396272061E1,-5.802594870E-2,2.434697002E-1,9.289535522E0,9.292906689E0
1.396489239E1,-9.212367237E-2,2.482553422E-1,9.160921097E0,9.164747287E0
1.396705757E1,-8.673982322E-2,2.530409992E-1,9.222537041E0,9.226415502E0
1.396921209E1,-6.699903309E-2,2.530409992E-1,9.336793900E0,9.340462459E0
1.397137173E1,-8.195417374E-2,2.195414752E-1,9.265607834E0,9.268570735E0
1.397352252E1,-7.238288224E-2,2.051845491E-1,9.193822861E0,9.196397054E0
1.397567909E1,-5.324030295E-2,2.338984162E-1,9.274580956E0,9.277682625E0
1.397783708E1,-5.742774159E-2,2.626122832E-1,9.351150513E0,9.355013579E0
1.397999172E1,-4.845465720E-2,2.338984162E-1,9.260822296E0,9.263902305E0
1.398214420E1,-6.819544733E-2,2.291127741E-1,9.136993408E0,9.140119902E0
1.398429198E1,-6.281159073E-2,2.434697002E-1,9.246464729E0,9.249882852E0
1.398644999E1,-4.307080805E-2,2.769692242E-1,9.407979965E0,9.412154592E0
1.398860739E1,-5.742774159E-2,2.673979402E-1,9.365508080E0,9.369500584E0
1.399076710E1,-7.716853172E-2,2.386840582E-1,9.179466248E0,9.182893098E0
1.399292194E1,-1.016949639E-1,2.338984162E-1,9.136993408E0,9.140552438E0
1.399508282E1,-9.152546525E-2,2.243271172E-1,9.265607834E0,9.268774897E0
1.399723920E1,-3.828516230E-2,2.243271172E-1,9.375079155E0,9.377840773E0
1.399939608E1,-7.716853172E-2,2.195414752E-1,9.265607834E0,9.268529655E0
1.400154513E1,-1.016949639E-1,2.099701911E-1,9.165707588E0,9.168676292E0
1.400371270E1,-7.238288224E-2,2.243271172E-1,9.260822296E0,9.263821649E0
1.400586906E1,-5.742774159E-2,2.434697002E-1,9.351150513E0,9.354495783E0
1.400802983E1,-7.238288224E-2,2.291127741E-1,9.284749985E0,9.287858430E0
1.401018154E1,-9.152546525E-2,2.243271172E-1,9.208179474E0,9.211366282E0
1.401232995E1,-7.238288224E-2,2.386840582E-1,9.265607834E0,9.268964230E0
1.401448877E1,-6.221338734E-2,2.482553422E-1,9.355937004E0,9.359436866E0
1.401665526E1,-8.614161611E-2,2.482553422E-1,9.327222824E0,9.330923679E0
1.401880302E1,-8.673982322E-2,2.482553422E-1,9.227322578E0,9.231069086E0
1.402095748E1,-9.152546525E-2,2.434697002E-1,9.222537041E0,9.226204196E0
1.402312852E1,-6.759724021E-2,2.338984162E-1,9.294321060E0,9.297509442E0
1.402528659E1,-6.221338734E-2,2.530409992E-1,9.312865257E0,9.316510052E0
1.402743768E1,-5.802594870E-2,2.338984162E-1,9.236893654E0,9.240036788E0
1.402960187E1,-9.152546525E-2,2.386840582E-1,9.222537041E0,9.226079149E0
1.403175836E1,-7.178468257E-2,2.578266263E-1,9.312865257E0,9.316710090E0
1.403391955E1,-6.699903309E-2,2.626122832E-1,9.327222824E0,9.331159611E0
1.403607181E1,-9.152546525E-2,2.386840582E-1,9.222537041E0,9.226079149E0
1.403822138E1,-9.152546525E-2,2.626122832E-1,9.198608398E0,9.202811450E0
1.404038831E1,-8.135596663E-2,2.626122832E-1,9.299106598E0,9.303169757E0
1.404254723E1,-7.657032460E-2,2.769692242E-1,9.355937004E0,9.360348935E0
1.404470552E1,-7.178468257E-2,2.721835673E-1,9.322437286E0,9.326686115E0
1.404686258E1,-6.281159073E-2,2.626122832E-1,9.265607834E0,9.269541469E0
1.404901988E1,-6.281159073E-2,2.482553422E-1,9.241679192E0,9.245226352E0
1.405116707E1,-7.716853172E-2,2.530409992E-1,9.246464729E0,9.250248360E0
1.405333368E1,-7.178468257E-2,2.578266263E-1,9.312865257E0,9.316710090E0
1.405548992E1,-4.785645381E-2,2.626122832E-1,9.341579437E0,9.345392546E0
1.405764737E1,-5.324030295E-2,2.578266263E-1,9.227322578E0,9.231077460E0
1.405979545E1,-7.716853172E-2,2.434697002E-1,9.184251785E0,9.187802421E0
1.406196232E1,-7.178468257E-2,2.769692242E-1,9.332008362E0,9.336393579E0
1.406412083E1,-7.657032460E-2,2.961117923E-1,9.365508080E0,9.370500883E0
1.406627981E1,-8.195417374E-2,2.626122832E-1,9.198608398E0,9.202721237E0
1.406843596E1,-1.016949639E-1,2.626122832E-1,9.156135559E0,9.160465351E0
1.407059318E1,-6.699903309E-2,2.961117923E-1,9.355937004E0,9.360861514E0
1.407275094E1,-3.768695518E-2,2.769692242E-1,9.474979401E0,9.479101587E0
1.407490702E1,-7.716853172E-2,2.578266263E-1,9.289535522E0,9.293433153E0
1.407706524E1,-8.733802289E-2,2.386840582E-1,9.132207870E0,9.135744009E0
1.407922182E1,-7.238288224E-2,2.626122832E-1,9.208179474E0,9.212207863E0
1.408138033E1,-5.742774159E-2,2.913261652E-1,9.336793900E0,9.341514289E0
1.408353696E1,-5.264209956E-2,2.817548811E-1,9.322437286E0,9.326842658E0
1.408569555E1,-6.759724021E-2,2.769692242E-1,9.212965012E0,9.217375204E0
1.408785278E1,-8.195417374E-2,2.913261652E-1,9.212965012E0,9.217934244E0
1.409000997E1,-7.178468257E-2,3.008974493E-1,9.308079720E0,9.313218583E0
1.409216639E1,-9.571290761E-2,3.104687333E-1,9.322437286E0,9.328096738E0
1.409432478E1,-8.195417374E-2,2.961117923E-1,9.227322578E0,9.232436333E0
1.409648136E1,-8.673982322E-2,2.769692242E-1,9.198608398E0,9.203185982E0
1.409863977E1,-8.614161611E-2,2.769692242E-1,9.327222824E0,9.331731776E0
1.410079612E1,-6.221338734E-2,2.721835673E-1,9.360722542E0,9.364885525E0
1.410295505E1,-9.152546525E-2,2.673979402E-1,9.222537041E0,9.226866642E0
1.410511233E1,-9.690931439E-2,2.434697002E-1,9.122636795E0,9.126399674E0
1.410726964E1,-7.238288224E-2,2.578266263E-1,9.232108116E0,9.235991236E0
1.410942621E1,-4.307080805E-2,2.530409992E-1,9.312865257E0,9.316401888E0
1.411158830E1,-7.238288224E-2,2.673979402E-1,9.265607834E0,9.269748080E0
1.411375004E1,-9.152546525E-2,2.626122832E-1,9.232108116E0,9.236295924E0
1.411588842E1,-6.281159073E-2,2.673979402E-1,9.236893654E0,9.240976752E0
1.411807226E1,-7.716853172E-2,2.673979402E-1,9.251250267E0,9.255435600E0
1.412022778E1,-7.238288224E-2,2.578266263E-1,9.246464729E0,9.250341823E0
1.412239197E1,-8.673982322E-2,2.673979402E-1,9.260822296E0,9.265087968E0
1.412453629E1,-7.716853172E-2,2.530409992E-1,9.256035805E0,9.259815525E0
1.412666972E1,-6.281159073E-2,2.530409992E-1,9.265607834E0,9.269275245E0
1.412883041E1,-7.716853172E-2,2.673979402E-1,9.251250267E0,9.255435600E0
1.413099729E1,-6.281159073E-2,2.434697002E-1,9.251250267E0,9.254666623E0
1.413316125E1,-7.716853172E-2,2.482553422E-1,9.227322578E0,9.230984111E0
1.413531449E1,-7.716853172E-2,2.721835673E-1,9.236893654E0,9.241225203E0
1.413746129E1,-6.759724021E-2,2.626122832E-1,9.275178909E0,9.279142115E0
1.413963105E1,-6.281159073E-2,2.530409992E-1,9.246464729E0,9.250139730E0
1.414178847E1,-7.238288224E-2,2.434697002E-1,9.208179474E0,9.211682040E0
1.414394558E1,-6.759724021E-2,2.434697002E-1,9.256035805E0,9.259484095E0
1.414609050E1,-5.324030295E-2,2.530409992E-1,9.279964447E0,9.283566363E0
1.414824945E1,-6.281159073E-2,2.626122832E-1,9.217751503E0,9.221705551E0
1.415041823E1,-7.238288224E-2,2.434697002E-1,9.246464729E0,9.249952798E0
1.415257709E1,-6.221338734E-2,2.721835673E-1,9.303294182E0,9.307482852E0
1.415473594E1,-4.307080805E-2,2.626122832E-1,9.332008362E0,9.335802074E0
1.415688932E1,-5.802594870E-2,2.578266263E-1,9.260822296E0,9.264592338E0
1.415904025E1,-6.759724021E-2,2.482553422E-1,9.246464729E0,9.250043789E0
1.416119426E1,-5.802594870E-2,2.482553422E-1,9.289535522E0,9.293033302E0
1.416336014E1,-6.699903309E-2,2.434697002E-1,9.318249702E0,9.321670659E0
1.416551088E1,-8.195417374E-2,2.291127741E-1,9.270393372E0,9.273586276E0
1.416768178E1,-5.324030295E-2,2.338984162E-1,9.241679192E0,9.244791900E0
1.416984018E1,-6.281159073E-2,2.386840582E-1,9.265607834E0,9.268894427E0
1.417199532E1,-6.759724021E-2,2.338984162E-1,9.294321060E0,9.297509442E0
1.417414773E1,-7.716853172E-2,2.291127741E-1,9.270393372E0,9.273545218E0
1.417629611E1,-7.238288224E-2,2.195414752E-1,9.241679192E0,9.244569867E0
1.417846417E1,-6.281159073E-2,2.338984162E-1,9.256035805E0,9.259203669E0
1.418062312E1,-6.281159073E-2,2.530409992E-1,9.299106598E0,9.302760803E0
1.418278136E1,-5.802594870E-2,2.386840582E-1,9.279964447E0,9.283214811E0
1.418493718E1,-6.759724021E-2,2.386840582E-1,9.232108116E0,9.235440419E0
1.418709322E1,-6.221338734E-2,2.434697002E-1,9.303893089E0,9.307286104E0
1.418925010E1,-3.828516230E-2,2.578266263E-1,9.360722542E0,9.364350849E0
1.419139807E1,-4.366901144E-2,2.291127741E-1,9.270393372E0,9.273326960E0
1.419355468E1,-5.862415582E-2,2.243271172E-1,9.165707588E0,9.168639759E0
1.419571094E1,-6.281159073E-2,2.147558331E-1,9.270393372E0,9.273093261E0
1.419787253E1,-3.828516230E-2,2.434697002E-1,9.360722542E0,9.363966561E0
1.420002943E1,-3.888336942E-2,2.147558331E-1,9.279964447E0,9.282530481E0
1.420218683E1,-6.819544733E-2,2.099701911E-1,9.160921097E0,9.163580820E0
1.420434321E1,-7.238288224E-2,2.338984162E-1,9.251250267E0,9.254489681E0
1.420650269E1,-5.742774159E-2,2.482553422E-1,9.394221306E0,9.397676447E0
1.420866001E1,-5.264209956E-2,2.147558331E-1,9.327222824E0,9.329843346E0
1.421081719E1,-7.238288224E-2,2.099701911E-1,9.212965012E0,9.215641653E0
1.421297266E1,-6.281159073E-2,2.338984162E-1,9.279964447E0,9.283124146E0
1.421513115E1,-4.785645381E-2,2.386840582E-1,9.336793900E0,9.339966844E0
1.421728896E1,-4.366901144E-2,2.147558331E-1,9.265607834E0,9.268199155E0
1.421944658E1,-5.324030295E-2,1.908276081E-1,9.208179474E0,9.210310469E0
1.422160341E1,-5.324030295E-2,2.243271172E-1,9.284749985E0,9.287612151E0
1.422376221E1,-3.828516230E-2,2.338984162E-1,9.370293617E0,9.373290601E0
1.422591890E1,-4.785645381E-2,2.195414752E-1,9.317651749E0,9.320360659E0
1.422807619E1,-5.802594870E-2,2.243271172E-1,9.222537041E0,9.225447368E0
1.423023300E1,-8.195417374E-2,2.338984162E-1,9.275178909E0,9.278489573E0
1.423239147E1,-7.657032460E-2,2.482553422E-1,9.313464165E0,9.317086909E0
1.423454750E1,-6.759724021E-2,2.195414752E-1,9.299106598E0,9.301943419E0
1.423670537E1,-6.759724021E-2,2.147558331E-1,9.241679192E0,9.244421222E0
1.423886213E1,-6.281159073E-2,2.338984162E-1,9.294321060E0,9.297475880E0
1.424102254E1,-5.742774159E-2,2.530409992E-1,9.360722542E0,9.364318138E0
1.424317976E1,-5.802594870E-2,2.291127741E-1,9.289535522E0,9.292541627E0
1.424534000E1,-7.776673883E-2,2.195414752E-1,9.170493126E0,9.173450294E0
1.424749372E1,-8.195417374E-2,2.338984162E-1,9.251250267E0,9.254569491E0
1.424965092E1,-4.785645381E-2,2.578266263E-1,9.355937004E0,9.359611212E0
1.425180596E1,-6.221338734E-2,2.386840582E-1,9.308678627E0,9.311946003E0
1.425396556E1,-8.195417374E-2,2.195414752E-1,9.184849739E0,9.187838684E0
1.425612216E1,-8.195417374E-2,2.434697002E-1,9.212965012E0,9.216545898E0
1.425828134E1,-6.699903309E-2,2.578266263E-1,9.303893089E0,9.307705950E0
1.426043758E1,-6.281159073E-2,2.434697002E-1,9.303893089E0,9.307290122E0
1.426259563E1,-7.716853172E-2,2.291127741E-1,9.241679192E0,9.244840828E0
1.426475279E1,-7.716853172E-2,2.195414752E-1,9.222537041E0,9.225472503E0
1.426691118E1,-7.716853172E-2,2.386840582E-1,9.303893089E0,9.307274127E0
1.426906727E1,-6.221338734E-2,2.482553422E-1,9.332008362E0,9.335517194E0
1.427122401E1,-5.802594870E-2,2.243271172E-1,9.232108116E0,9.235015427E0
1.427338099E1,-8.673982322E-2,2.386840582E-1,9.208778381E0,9.212279477E0
1.427554046E1,-7.238288224E-2,2.291127741E-1,9.275178909E0,9.278290562E0
1.427769791E1,-8.195417374E-2,2.195414752E-1,9.303893089E0,9.306843802E0
1.427985500E1,-8.673982322E-2,2.291127741E-1,9.217751503E0,9.221006411E0
1.428201108E1,-8.673982322E-2,2.243271172E-1,9.222537041E0,9.225672654E0
1.428416991E1,-7.238288224E-2,2.434697002E-1,9.265607834E0,9.269088699E0
1.428632559E1,-6.759724021E-2,2.530409992E-1,9.275178909E0,9.278876168E0
1.428848524E1,-6.281159073E-2,2.434697002E-1,9.260822296E0,9.264235122E0
1.429064139E1,-6.281159073E-2,2.482553422E-1,9.260822296E0,9.264362127E0
1.429280016E1,-5.324030295E-2,2.386840582E-1,9.260822296E0,9.264050637E0
1.429495768E1,-6.281159073E-2,2.482553422E-1,9.251250267E0,9.254793759E0
1.429711474E1,-6.759724021E-2,2.578266263E-1,9.265607834E0,9.269440786E0
1.429927141E1,-5.324030295E-2,2.482553422E-1,9.299106598E0,9.302572158E0
1.430142830E1,-7.238288224E-2,2.386840582E-1,9.265607834E0,9.268964230E0
1.430358513E1,-8.195417374E-2,2.530409992E-1,9.203393936E0,9.207236620E0
1.430574469E1,-9.152546525E-2,2.482553422E-1,9.227322578E0,9.231115295E0
1.430790139E1,-6.759724021E-2,2.578266263E-1,9.284749985E0,9.288575038E0
1.431005974E1,-6.281159073E-2,2.530409992E-1,9.294321060E0,9.297977146E0
1.431221648E1,-7.238288224E-2,2.338984162E-1,9.289535522E0,9.292761590E0
1.431437342E1,-8.195417374E-2,2.578266263E-1,9.265607834E0,9.269556601E0
1.431653077E1,-8.195417374E-2,2.578266263E-1,9.236893654E0,9.240854691E0
1.431869024E1,-8.195417374E-2,2.482553422E-1,9.251250267E0,9.254943474E0
1.432084617E1,-7.716853172E-2,2.578266263E-1,9.279964447E0,9.283866096E0
1.432300827E1,-6.699903309E-2,2.482553422E-1,9.308079720E0,9.311630773E0
1.432517112E1,-8.135596663E-2,2.578266263E-1,9.299106598E0,9.303035896E0
1.432731305E1,-8.673982322E-2,2.626122832E-1,9.260822296E0,9.264951085E0
1.432947633E1,-7.716853172E-2,2.578266263E-1,9.212965012E0,9.216895023E0
1.433163149E1,-9.631111473E-2,2.482553422E-1,9.217751503E0,9.221596896E0
1.433379244E1,-6.221338734E-2,2.578266263E-1,9.312865257E0,9.316641260E0
1.433594762E1,-6.699903309E-2,2.626122832E-1,9.370293617E0,9.374212317E0
1.433810270E1,-9.152546525E-2,2.626122832E-1,9.260822296E0,9.264997125E0
1.434026371E1,-8.195417374E-2,2.434697002E-1,9.174679756E0,9.178275579E0
1.434242004E1,-8.614161611E-2,2.769692242E-1,9.294321060E0,9.298845966E0
1.434457938E1,-5.742774159E-2,2.673979402E-1,9.379864693E0,9.383851089E0
1.434673476E1,-7.716853172E-2,2.578266263E-1,9.265607834E0,9.269515526E0
1.434889248E1,-9.152546525E-2,2.721835673E-1,9.203393936E0,9.207872759E0
1.435105079E1,-7.178468257E-2,2.817548811E-1,9.312865257E0,9.317402973E0
1.435320764E1,-6.221338734E-2,2.769692242E-1,9.370293617E0,9.374592521E0
1.435536657E1,-7.716853172E-2,2.626122832E-1,9.251250267E0,9.255298574E0
1.435753224E1,-7.716853172E-2,2.673979402E-1,9.193822861E0,9.198034325E0
1.435968193E1,-5.264209956E-2,2.721835673E-1,9.303294182E0,9.307423796E0
1.436184952E1,-4.307080805E-2,2.817548811E-1,9.379864693E0,9.384194295E0
1.436400448E1,-5.742774159E-2,2.673979402E-1,9.336793900E0,9.340798677E0
1.436616402E1,-6.759724021E-2,2.482553422E-1,9.241679192E0,9.245260104E0
1.436831482E1,-7.716853172E-2,2.626122832E-1,9.256035805E0,9.260082020E0
1.437046273E1,-7.178468257E-2,2.769692242E-1,9.346364975E0,9.350743459E0
1.437263307E1,-5.742774159E-2,2.721835673E-1,9.384650230E0,9.388772113E0
1.437479148E1,-7.238288224E-2,2.769692242E-1,9.275178909E0,9.279595629E0
1.437695127E1,-8.195417374E-2,2.626122832E-1,9.270393372E0,9.274474377E0
1.437910662E1,-6.699903309E-2,2.721835673E-1,9.365508080E0,9.369701935E0
1.438126379E1,-4.785645381E-2,2.673979402E-1,9.403194427E0,9.407117377E0
1.438342143E1,-7.657032460E-2,2.673979402E-1,9.312865257E0,9.317017976E0
1.438557794E1,-7.716853172E-2,2.530409992E-1,9.275178909E0,9.278950831E0
1.438773702E1,-6.699903309E-2,2.578266263E-1,9.365508080E0,9.369295866E0
1.438989265E1,-6.699903309E-2,2.530409992E-1,9.375079155E0,9.378732738E0
1.439205101E1,-7.178468257E-2,2.482553422E-1,9.332008362E0,9.335585885E0
1.439420727E1,-6.699903309E-2,2.626122832E-1,9.341579437E0,9.345510177E0
1.439636367E1,-5.742774159E-2,2.721835673E-1,9.365508080E0,9.369638383E0
1.439851374E1,-7.178468257E-2,2.721835673E-1,9.360722542E0,9.364954001E0
1.440068062E1,-7.178468257E-2,2.721835673E-1,9.370293617E0,9.374520756E0
1.440283440E1,-6.221338734E-2,2.817548811E-1,9.393623352E0,9.398053841E0
1.440498734E1,-5.264209956E-2,2.673979402E-1,9.351150513E0,9.355120991E0
1.440715198E1,-5.742774159E-2,2.530409992E-1,9.293723106E0,9.297344614E0
1.440931049E1,-6.221338734E-2,2.578266263E-1,9.355937004E0,9.359695631E0
1.441146942E1,-5.204389244E-2,2.721835673E-1,9.436694145E0,9.440762091E0
1.441362307E1,-6.221338734E-2,2.578266263E-1,9.370293617E0,9.374046487E0
1.441577272E1,-8.195417374E-2,2.434697002E-1,9.270393372E0,9.273952083E0
1.441794027E1,-5.742774159E-2,2.482553422E-1,9.312865257E0,9.316350571E0
1.442009660E1,-5.682953820E-2,2.578266263E-1,9.422337532E0,9.426035685E0
1.442225735E1,-5.264209956E-2,2.530409992E-1,9.379864693E0,9.383424886E0
1.442440891E1,-8.135596663E-2,2.434697002E-1,9.298508644E0,9.302051349E0
1.442655965E1,-7.657032460E-2,2.530409992E-1,9.336793900E0,9.340536017E0
1.442872634E1,-5.682953820E-2,2.721835673E-1,9.446265221E0,9.450356613E0
1.443088502E1,-5.682953820E-2,2.626122832E-1,9.451051712E0,9.454870347E0
1.443304484E1,-7.657032460E-2,2.482553422E-1,9.312865257E0,9.316488235E0
1.443519677E1,-6.699903309E-2,2.482553422E-1,9.303294182E0,9.306847061E0
1.443734453E1,-6.161518395E-2,2.386840582E-1,9.427123070E0,9.430345481E0
1.443951428E1,-3.768695518E-2,2.482553422E-1,9.460622787E0,9.463954488E0
1.444167103E1,-6.221338734E-2,2.291127741E-1,9.298508644E0,9.301538914E0
1.444383234E1,-9.631111473E-2,2.434697002E-1,9.251250267E0,9.254954610E0
1.444598593E1,-7.118647546E-2,2.626122832E-1,9.431908607E0,9.435832380E0
1.444814460E1,-5.682953820E-2,2.673979402E-1,9.474979401E0,9.478922191E0
1.445030201E1,-7.178468257E-2,2.338984162E-1,9.355937004E0,9.359135576E0
1.445245917E1,-8.673982322E-2,2.482553422E-1,9.260822296E0,9.264555257E0
1.445461865E1,-6.699903309E-2,2.673979402E-1,9.394221306E0,9.398264971E0
1.445678919E1,-5.682953820E-2,2.530409992E-1,9.451051712E0,9.454609342E0
1.445894379E1,-6.699903309E-2,2.482553422E-1,9.346364975E0,9.349901488E0
1.446109294E1,-6.759724021E-2,2.482553422E-1,9.294321060E0,9.297881698E0
1.446325810E1,-6.699903309E-2,2.386840582E-1,9.403793335E0,9.407060542E0
1.446541252E1,-5.264209956E-2,2.434697002E-1,9.408578873E0,9.411875748E0
1.446757764E1,-6.221338734E-2,2.338984162E-1,9.365508080E0,9.368634936E0
1.446972540E1,-6.221338734E-2,2.530409992E-1,9.384650230E0,9.388267156E0
1.447186502E1,-3.768695518E-2,2.482553422E-1,9.436694145E0,9.440034291E0
1.447404351E1,-5.264209956E-2,2.386840582E-1,9.365508080E0,9.368696967E0
1.447619047E1,-8.135596663E-2,2.291127741E-1,9.337391853E0,9.340556626E0
1.447836747E1,-6.699903309E-2,2.338984162E-1,9.427721024E0,9.430860037E0
1.448051316E1,-5.682953820E-2,2.291127741E-1,9.456435204E0,9.459381006E0
1.448266121E1,-7.178468257E-2,2.338984162E-1,9.408578873E0,9.411759555E0
1.448482633E1,-8.135596663E-2,2.482553422E-1,9.375079155E0,9.378718392E0
1.448695974E1,-9.092725813E-2,2.386840582E-1,9.427721024E0,9.431180284E0
1.448915253E1,-5.742774159E-2,2.386840582E-1,9.427721024E0,9.430916802E0
1.449130556E1,-6.221338734E-2,2.291127741E-1,9.375079155E0,9.378084683E0
1.449346977E1,-7.657032460E-2,2.338984162E-1,9.370293617E0,9.373525162E0
1.449562089E1,-6.221338734E-2,2.338984162E-1,9.418149948E0,9.421259333E0
1.449777726E1,-6.161518395E-2,2.482553422E-1,9.442078590E0,9.445542613E0
1.449993302E1,-6.699903309E-2,2.434697002E-1,9.403793335E0,9.407183184E0
1.450208235E1,-7.657032460E-2,2.386840582E-1,9.394221306E0,9.397564953E0
1.450425482E1,-6.161518395E-2,2.291127741E-1,9.442078590E0,9.445058878E0
1.450639445E1,-6.640082598E-2,2.291127741E-1,9.437292099E0,9.440306345E0
1.450856300E1,-8.135596663E-2,2.386840582E-1,9.379864693E0,9.383253728E0
1.451069382E1,-8.135596663E-2,2.482553422E-1,9.394221306E0,9.397853130E0
1.451286870E1,-7.118647546E-2,2.482553422E-1,9.451649666E0,9.455177398E0
1.451502597E1,-6.640082598E-2,2.482553422E-1,9.437292099E0,9.440790324E0
1.451718506E1,-7.657032460E-2,2.338984162E-1,9.389435768E0,9.392660727E0
1.451933985E1,-6.699903309E-2,2.338984162E-1,9.370293617E0,9.373451862E0
1.452149570E1,-6.161518395E-2,2.338984162E-1,9.466006279E0,9.469096038E0
1.452365165E1,-4.725824669E-2,2.482553422E-1,9.446265221E0,9.449645003E0
1.452580505E1,-7.657032460E-2,2.338984162E-1,9.355937004E0,9.359173506E0
1.452796938E1,-8.135596663E-2,2.243271172E-1,9.346364975E0,9.349410660E0
1.453012697E1,-6.640082598E-2,2.434697002E-1,9.474979401E0,9.478339581E0
1.453228519E1,-6.640082598E-2,2.530409992E-1,9.513264656E0,9.516860997E0
1.453443927E1,-8.135596663E-2,2.195414752E-1,9.375079155E0,9.378002261E0
1.453658905E1,-8.135596663E-2,2.386840582E-1,9.351150513E0,9.354549951E0
1.453875661E1,-6.640082598E-2,2.338984162E-1,9.451051712E0,9.454178759E0
1.454091305E1,-6.640082598E-2,2.434697002E-1,9.494122505E0,9.497475912E0
1.454307115E1,-9.092725813E-2,2.338984162E-1,9.379864693E0,9.383221083E0
1.454521737E1,-8.614161611E-2,2.195414752E-1,9.379864693E0,9.382829024E0
1.454738572E1,-6.640082598E-2,2.386840582E-1,9.479764938E0,9.483001763E0
1.454954021E1,-7.118647546E-2,2.530409992E-1,9.503693581E0,9.507328170E0
1.455170417E1,-6.699903309E-2,2.434697002E-1,9.408578873E0,9.411966998E0
1.455385888E1,-9.092725813E-2,2.338984162E-1,9.323035240E0,9.326412082E0
1.455601669E1,-8.135596663E-2,2.626122832E-1,9.413364410E0,9.417378273E0
1.455817256E1,-6.640082598E-2,2.626122832E-1,9.513264656E0,9.517120294E0
1.456033070E1,-7.118647546E-2,2.482553422E-1,9.451051712E0,9.454579668E0
1.456248732E1,-8.135596663E-2,2.386840582E-1,9.370293617E0,9.373686113E0
1.456464579E1,-8.135596663E-2,2.626122832E-1,9.408578873E0,9.412594776E0
1.456680220E1,-6.640082598E-2,2.578266263E-1,9.489336014E0,9.493070189E0
1.456895932E1,-6.699903309E-2,2.482553422E-1,9.418149948E0,9.421659516E0
1.457111169E1,-7.178468257E-2,2.338984162E-1,9.336793900E0,9.339999027E0
1.457327566E1,-6.640082598E-2,2.530409992E-1,9.432506561E0,9.436133681E0
1.457543199E1,-7.118647546E-2,2.626122832E-1,9.532406807E0,9.536289229E0
1.457759180E1,-6.640082598E-2,2.434697002E-1,9.474979401E0,9.478339581E0
1.457974428E1,-7.657032460E-2,2.482553422E-1,9.375079155E0,9.378678099E0
1.458189509E1,-8.614161611E-2,2.721835673E-1,9.379864693E0,9.384208327E0
1.458406210E1,-6.640082598E-2,2.673979402E-1,9.479764938E0,9.483767923E0
1.458622038E1,-8.554340899E-2,2.626122832E-1,9.474979401E0,9.479004037E0
1.458838027E1,-8.075776696E-2,2.578266263E-1,9.427721024E0,9.431591599E0
1.459053437E1,-7.118647546E-2,2.482553422E-1,9.451051712E0,9.454579668E0
1.459268956E1,-7.118647546E-2,2.434697002E-1,9.465408325E0,9.468806671E0
1.459485078E1,-7.597211748E-2,2.578266263E-1,9.456435204E0,9.460254388E0
1.459700653E1,-7.657032460E-2,2.530409992E-1,9.422935486E0,9.426643408E0
1.459916284E1,-8.614161611E-2,2.482553422E-1,9.422935486E0,9.426598764E0
1.460131101E1,-6.161518395E-2,2.578266263E-1,9.470193863E0,9.473903251E0
1.460347980E1,-8.075776696E-2,2.626122832E-1,9.484550476E0,9.488529115E0
1.460563710E1,-8.075776696E-2,2.530409992E-1,9.446864128E0,9.450597517E0
1.460779699E1,-8.075776696E-2,2.626122832E-1,9.437292099E0,9.441290653E0
1.460995427E1,-6.640082598E-2,2.769692242E-1,9.465408325E0,9.469692486E0
1.461212535E1,-7.118647546E-2,2.626122832E-1,9.442078590E0,9.445998139E0
1.461427922E1,-8.614161611E-2,2.530409992E-1,9.394221306E0,9.398023413E0
1.461642226E1,-7.597211748E-2,2.673979402E-1,9.470193863E0,9.474272807E0
1.461856726E1,-7.118647546E-2,2.673979402E-1,9.518050194E0,9.522071658E0
1.462073606E1,-8.554340899E-2,2.721835673E-1,9.470193863E0,9.474490665E0
1.462289661E1,-7.118647546E-2,2.626122832E-1,9.451051712E0,9.454967540E0
1.462505465E1,-7.118647546E-2,2.673979402E-1,9.442078590E0,9.446132398E0
1.462720281E1,-7.118647546E-2,2.817548811E-1,9.479764938E0,9.484218292E0
1.462936860E1,-8.075776696E-2,2.673979402E-1,9.465408325E0,9.469528934E0
1.463152520E1,-8.554340899E-2,2.673979402E-1,9.456435204E0,9.460601783E0
1.463368566E1,-9.511470050E-2,2.626122832E-1,9.489336014E0,9.493445634E0
1.463584022E1,-9.032905847E-2,2.530409992E-1,9.480362892E0,9.484169423E0
1.463799909E1,-9.511470050E-2,2.673979402E-1,9.451649666E0,9.455909785E0
1.464015626E1,-1.046859920E-1,2.673979402E-1,9.470791817E0,9.475144244E0
1.464231340E1,-9.511470050E-2,2.626122832E-1,9.494122505E0,9.498230054E0
1.464446993E1,-9.990034252E-2,2.673979402E-1,9.485149384E0,9.489443638E0
1.464662588E1,-8.075776696E-2,2.578266263E-1,9.470193863E0,9.474047086E0
1.464877221E1,-7.597211748E-2,2.578266263E-1,9.470193863E0,9.474007501E0
1.465093343E1,-8.075776696E-2,2.673979402E-1,9.527621269E0,9.531714983E0
1.465309957E1,-7.597211748E-2,2.626122832E-1,9.541978836E0,9.545894253E0
1.465526086E1,-8.554340899E-2,2.721835673E-1,9.461220741E0,9.465521617E0
1.465741662E1,-8.554340899E-2,2.482553422E-1,9.456435204E0,9.460080082E0
1.465956697E1,-8.075776696E-2,2.817548811E-1,9.522835732E0,9.527345276E0
1.466172988E1,-7.537391037E-2,2.769692242E-1,9.580264091E0,9.584563279E0
1.466388862E1,-7.597211748E-2,2.482553422E-1,9.474979401E0,9.478535600E0
1.466604581E1,-1.052841991E-1,2.578266263E-1,9.422935486E0,9.427050042E0
1.466820010E1,-8.075776696E-2,2.673979402E-1,9.537193298E0,9.541282906E0
1.467034865E1,-6.580262631E-2,2.865405083E-1,9.584450722E0,9.588958811E0
1.467251787E1,-7.597211748E-2,2.626122832E-1,9.470193863E0,9.474138946E0
1.467467508E1,-8.614161611E-2,2.530409992E-1,9.408578873E0,9.412375180E0
1.467683504E1,-7.118647546E-2,2.769692242E-1,9.513264656E0,9.517561866E0
1.467898888E1,-5.623133108E-2,2.721835673E-1,9.574879646E0,9.578912574E0
1.468114698E1,-7.597211748E-2,2.578266263E-1,9.503693581E0,9.507493782E0
1.468330410E1,-7.118647546E-2,2.530409992E-1,9.427721024E0,9.431384891E0
1.468546300E1,-6.640082598E-2,2.578266263E-1,9.508479118E0,9.512205779E0
1.468761868E1,-6.101697683E-2,2.721835673E-1,9.579665184E0,9.583725372E0
1.468977743E1,-6.640082598E-2,2.578266263E-1,9.508479118E0,9.512205779E0
1.469193487E1,-7.118647546E-2,2.386840582E-1,9.432506561E0,9.435794488E0
1.469409218E1,-5.682953820E-2,2.530409992E-1,9.508479118E0,9.512015270E0
1.469624832E1,-7.118647546E-2,2.721835673E-1,9.551549911E0,9.555692394E0
1.469840646E1,-5.682953820E-2,2.482553422E-1,9.498908043E0,9.502321523E0
1.470056332E1,-6.161518395E-2,2.434697002E-1,9.479764938E0,9.483091121E0
1.470271934E1,-6.161518395E-2,2.482553422E-1,9.537193298E0,9.540622787E0
1.470486808E1,-6.640082598E-2,2.530409992E-1,9.532406807E0,9.535995929E0
1.470703680E1,-7.118647546E-2,2.578266263E-1,9.479764938E0,9.483537598E0
1.470919396E1,-6.640082598E-2,2.626122832E-1,9.455837250E0,9.459716295E0
1.471135390E1,-7.597211748E-2,2.530409992E-1,9.522835732E0,9.526499981E0
1.471350581E1,-7.118647546E-2,2.721835673E-1,9.551549911E0,9.555692394E0
1.471565791E1,-6.161518395E-2,2.626122832E-1,9.527621269E0,9.531438962E0
1.471782275E1,-7.118647546E-2,2.386840582E-1,9.470193863E0,9.473468710E0
1.471998115E1,-7.118647546E-2,2.482553422E-1,9.508479118E0,9.511985774E0
1.472213960E1,-4.725824669E-2,2.530409992E-1,9.546764374E0,9.550234191E0
1.472429468E1,-7.597211748E-2,2.530409992E-1,9.508479118E0,9.512148898E0
1.472644716E1,-6.640082598E-2,2.626122832E-1,9.441479683E0,9.445364624E0
1.472861097E1,-6.640082598E-2,2.626122832E-1,9.522835732E0,9.526687496E0
1.473076749E1,-6.101697683E-2,2.626122832E-1,9.580264091E0,9.584056988E0
1.473292818E1,-6.161518395E-2,2.434697002E-1,9.479764938E0,9.483091121E0
1.473507954E1,-9.032905847E-2,2.434697002E-1,9.446864128E0,9.450432725E0
1.473723052E1,-7.537391037E-2,2.482553422E-1,9.585049629E0,9.588560285E0
1.473939691E1,-6.101697683E-2,2.626122832E-1,9.622735977E0,9.626512139E0
1.474155586E1,-7.118647546E-2,2.243271172E-1,9.470791817E0,9.473715628E0
1.474371554E1,-8.135596663E-2,2.291127741E-1,9.413364410E0,9.416503649E0
1.474586790E1,-8.554340899E-2,2.482553422E-1,9.561120987E0,9.564725972E0
1.474801660E1,-6.101697683E-2,2.530409992E-1,9.608977318E0,9.612502167E0
1.475018507E1,-7.118647546E-2,2.291127741E-1,9.489934921E0,9.492967133E0
1.475234161E1,-7.178468257E-2,2.386840582E-1,9.408578873E0,9.411879702E0
1.475450265E1,-6.161518395E-2,2.434697002E-1,9.513264656E0,9.516579130E0
1.475665761E1,-5.623133108E-2,2.721835673E-1,9.603593826E0,9.607614701E0
1.475882037E1,-8.075776696E-2,2.338984162E-1,9.513264656E0,9.516482265E0
1.476097404E1,-6.640082598E-2,2.291127741E-1,9.442078590E0,9.445091309E0
1.476312990E1,-7.118647546E-2,2.243271172E-1,9.508479118E0,9.511391345E0
1.476528508E1,-6.580262631E-2,2.482553422E-1,9.585049629E0,9.588489823E0
1.476744410E1,-6.161518395E-2,2.291127741E-1,9.532406807E0,9.535358862E0
1.476960119E1,-7.178468257E-2,2.291127741E-1,9.432506561E0,9.435561760E0
1.477175962E1,-7.118647546E-2,2.434697002E-1,9.480362892E0,9.483755879E0
1.477391418E1,-5.623133108E-2,2.626122832E-1,9.613164902E0,9.616915649E0
1.477606492E1,-4.247260094E-2,2.434697002E-1,9.556335449E0,9.559530775E0
1.477822277E1,-7.178468257E-2,2.243271172E-1,9.403793335E0,9.406742517E0
1.478038763E1,-9.032905847E-2,2.338984162E-1,9.456435204E0,9.459758695E0
1.478253967E1,-6.161518395E-2,2.530409992E-1,9.561120987E0,9.564667308E0
1.478470656E1,-6.640082598E-2,2.434697002E-1,9.522835732E0,9.526179031E0
1.478686054E1,-7.597211748E-2,2.291127741E-1,9.470791817E0,9.473867323E0
1.478902425E1,-6.161518395E-2,2.434697002E-1,9.518050194E0,9.521363002E0
1.479118875E1,-5.682953820E-2,2.530409992E-1,9.541978836E0,9.545502577E0
1.479333915E1,-5.204389244E-2,2.338984162E-1,9.460622787E0,9.463656828E0
1.479550515E1,-6.640082598E-2,2.482553422E-1,9.451649666E0,9.455142579E0
1.479764946E1,-6.161518395E-2,2.578266263E-1,9.527621269E0,9.531308307E0
1.479982205E1,-6.161518395E-2,2.530409992E-1,9.551549911E0,9.555099784E0
1.480197686E1,-7.118647546E-2,2.482553422E-1,9.498908043E0,9.502418231E0
1.480413548E1,-7.597211748E-2,2.243271172E-1,9.475577354E0,9.478536840E0
1.480630065E1,-6.640082598E-2,2.338984162E-1,9.527621269E0,9.530723193E0
1.480844794E1,-6.161518395E-2,2.578266263E-1,9.541978836E0,9.545660329E0
1.481060776E1,-6.161518395E-2,2.386840582E-1,9.503693581E0,9.506890037E0
1.481276174E1,-6.640082598E-2,2.243271172E-1,9.470193863E0,9.473083106E0
1.481492130E1,-5.204389244E-2,2.434697002E-1,9.522835732E0,9.526089777E0
1.481707801E1,-5.623133108E-2,2.482553422E-1,9.561120987E0,9.564508728E0
1.481923301E1,-6.161518395E-2,2.434697002E-1,9.494122505E0,9.497443660E0
1.482138072E1,-7.597211748E-2,2.338984162E-1,9.466006279E0,9.469200341E0
1.482355126E1,-6.640082598E-2,2.626122832E-1,9.513264656E0,9.517120294E0
1.482570890E1,-5.623133108E-2,2.626122832E-1,9.561120987E0,9.564892143E0
1.482786901E1,-7.597211748E-2,2.673979402E-1,9.508479118E0,9.512541646E0
1.483000625E1,-6.640082598E-2,2.626122832E-1,9.479764938E0,9.483634196E0
1.483218145E1,-7.597211748E-2,2.626122832E-1,9.527621269E0,9.531542584E0
1.483433631E1,-6.580262631E-2,2.769692242E-1,9.580264091E0,9.584492788E0
1.483649415E1,-6.161518395E-2,2.721835673E-1,9.498908043E0,9.503006594E0
1.483862947E1,-6.640082598E-2,2.482553422E-1,9.442078590E0,9.445575043E0
1.484081107E1,-7.118647546E-2,2.482553422E-1,9.522835732E0,9.526337103E0
1.484296720E1,-6.580262631E-2,2.626122832E-1,9.580264091E0,9.584088650E0
1.484513156E1,-9.032905847E-2,2.578266263E-1,9.503693581E0,9.507619344E0
1.484727595E1,-8.554340899E-2,2.578266263E-1,9.456435204E0,9.460336094E0
1.484940862E1,-7.537391037E-2,2.817548811E-1,9.575477600E0,9.579918492E0
1.485158376E1,-5.623133108E-2,2.673979402E-1,9.579665184E0,9.583561377E0
1.485375507E1,-9.032905847E-2,2.530409992E-1,9.503693581E0,9.507490771E0
1.485591894E1,-9.511470050E-2,2.626122832E-1,9.494122505E0,9.498230054E0
1.485807672E1,-7.537391037E-2,2.626122832E-1,9.561120987E0,9.565023835E0
1.486024319E1,-7.058826834E-2,2.721835673E-1,9.565906525E0,9.570038361E0
1.486239801E1,-8.554340899E-2,2.626122832E-1,9.503693581E0,9.507706062E0
1.486454291E1,-6.640082598E-2,2.482553422E-1,9.503693581E0,9.507167373E0
1.486669071E1,-6.580262631E-2,2.769692242E-1,9.584450722E0,9.588677572E0
1.486882702E1,-6.640082598E-2,2.626122832E-1,9.541978836E0,9.545822876E0
1.487099944E1,-6.640082598E-2,2.482553422E-1,9.474979401E0,9.478463717E0
1.487315469E1,-7.597211748E-2,2.673979402E-1,9.494122505E0,9.498191173E0
1.487531903E1,-6.580262631E-2,2.721835673E-1,9.585049629E0,9.589139183E0
1.487747258E1,-6.101697683E-2,2.482553422E-1,9.580264091E0,9.583674340E0
1.487963164E1,-8.554340899E-2,2.626122832E-1,9.508479118E0,9.512489581E0
1.488178885E1,-8.554340899E-2,2.626122832E-1,9.498908043E0,9.502922545E0
1.488394376E1,-7.537391037E-2,2.673979402E-1,9.580264091E0,9.584291468E0
1.488609251E1,-6.580262631E-2,2.673979402E-1,9.585049629E0,9.589004538E0
1.488826088E1,-7.118647546E-2,2.626122832E-1,9.508479118E0,9.512371306E0
1.489041760E1,-7.118647546E-2,2.626122832E-1,9.513264656E0,9.517154887E0
1.489257856E1,-6.101697683E-2,2.673979402E-1,9.608379364E0,9.612293105E0
1.489473256E1,-7.058826834E-2,2.673979402E-1,9.575477600E0,9.579470530E0
1.489689118E1,-8.554340899E-2,2.482553422E-1,9.466006279E0,9.469647473E0
1.489904600E1,-9.032905847E-2,2.482553422E-1,9.508479118E0,9.512148296E0
1.490119308E1,-7.537391037E-2,2.626122832E-1,9.613762856E0,9.617644342E0
1.490334964E1,-7.537391037E-2,2.530409992E-1,9.608977318E0,9.612604021E0
1.490551094E1,-8.554340899E-2,2.721835673E-1,9.518050194E0,9.522325402E0
1.490767954E1,-8.554340899E-2,2.673979402E-1,9.503693581E0,9.507839450E0
1.490983799E1,-9.930214286E-2,2.626122832E-1,9.608977318E0,9.613078135E0
1.491199417E1,-8.973085135E-2,2.673979402E-1,9.604191780E0,9.608332479E0
1.491415064E1,-8.075776696E-2,2.482553422E-1,9.556335449E0,9.559900614E0
1.491630800E1,-8.015955985E-2,2.626122832E-1,9.580264091E0,9.584197975E0
1.491846518E1,-7.537391037E-2,2.769692242E-1,9.618548393E0,9.622830476E0
1.492062157E1,-7.537391037E-2,2.769692242E-1,9.580264091E0,9.584563279E0
1.492277979E1,-8.554340899E-2,2.530409992E-1,9.513264656E0,9.517013809E0
1.492493573E1,-9.990034252E-2,2.530409992E-1,9.532406807E0,9.536288028E0
1.492709175E1,-7.537391037E-2,2.721835673E-1,9.641879082E0,9.646014584E0
1.492925152E1,-7.537391037E-2,2.578266263E-1,9.594620705E0,9.598380189E0
1.493141011E1,-7.118647546E-2,2.530409992E-1,9.475577354E0,9.479222725E0
1.493356829E1,-7.118647546E-2,2.386840582E-1,9.498908043E0,9.502172994E0
1.493572400E1,-5.144568533E-2,2.578266263E-1,9.641879082E0,9.645462843E0
1.493787888E1,-7.058826834E-2,2.673979402E-1,9.589835167E0,9.593822121E0
1.494004037E1,-8.075776696E-2,2.530409992E-1,9.470791817E0,9.474515777E0
1.494219604E1,-7.118647546E-2,2.530409992E-1,9.537193298E0,9.540815126E0
1.494435507E1,-5.623133108E-2,2.673979402E-1,9.661021233E0,9.664884628E0
1.494651048E1,-6.580262631E-2,2.673979402E-1,9.613164902E0,9.617108249E0
1.494866715E1,-8.075776696E-2,2.482553422E-1,9.480362892E0,9.483956616E0
1.495081656E1,-6.161518395E-2,2.530409992E-1,9.494122505E0,9.497693842E0
1.495298431E1,-4.187439755E-2,2.578266263E-1,9.622735977E0,9.626280472E0
1.495514060E1,-5.623133108E-2,2.578266263E-1,9.613164902E0,9.616786155E0
1.495729872E1,-6.640082598E-2,2.530409992E-1,9.498908043E0,9.502509817E0
1.495944458E1,-6.161518395E-2,2.482553422E-1,9.537193298E0,9.540622787E0
1.496161440E1,-6.101697683E-2,2.482553422E-1,9.580264091E0,9.583674340E0
1.496377030E1,-6.101697683E-2,2.434697002E-1,9.594620705E0,9.597903262E0
1.496593189E1,-8.075776696E-2,2.434697002E-1,9.565906525E0,9.569345168E0
1.496808653E1,-8.015955985E-2,2.626122832E-1,9.580264091E0,9.584197975E0
1.497024425E1,-8.494520187E-2,2.482553422E-1,9.580264091E0,9.583856555E0
1.497240381E1,-8.015955985E-2,2.530409992E-1,9.585049629E0,9.588724195E0
1.497457458E1,-8.554340899E-2,2.626122832E-1,9.561120987E0,9.565109378E0
1.497673178E1,-6.640082598E-2,2.626122832E-1,9.556335449E0,9.560173717E0
1.497888948E1,-7.058826834E-2,2.578266263E-1,9.585049629E0,9.588776443E0
1.498103987E1,-8.973085135E-2,2.578266263E-1,9.585049629E0,9.588936468E0
1.498318928E1,-6.640082598E-2,2.530409992E-1,9.561120987E0,9.564699334E0
1.498535613E1,-8.015955985E-2,2.482553422E-1,9.594620705E0,9.598166634E0
1.498750563E1,-6.580262631E-2,2.578266263E-1,9.608977318E0,9.612660904E0
1.498967579E1,-7.597211748E-2,2.434697002E-1,9.541978836E0,9.545386811E0
1.499183098E1,-8.554340899E-2,2.482553422E-1,9.537193298E0,9.540807324E0
1.499399011E1,-8.015955985E-2,2.578266263E-1,9.589835167E0,9.593635320E0
1.499614612E1,-5.623133108E-2,2.673979402E-1,9.613164902E0,9.617047522E0
1.499829916E1,-8.075776696E-2,2.482553422E-1,9.541978836E0,9.545549363E0
1.500044793E1,-9.032905847E-2,2.578266263E-1,9.537193298E0,9.541105278E0
1.500261349E1,-6.580262631E-2,2.578266263E-1,9.594620705E0,9.598309800E0
1.500475503E1,-6.580262631E-2,2.673979402E-1,9.599406242E0,9.603355239E0
1.500693060E1,-6.101697683E-2,2.578266263E-1,9.556335449E0,9.560007576E0
1.500906526E1,-8.075776696E-2,2.530409992E-1,9.546764374E0,9.550458710E0
1.501123641E1,-7.058826834E-2,2.434697002E-1,9.565906525E0,9.569264749E0
1.501338716E1,-6.101697683E-2,2.482553422E-1,9.603593826E0,9.606995793E0
1.501554391E1,-6.580262631E-2,2.530409992E-1,9.580264091E0,9.583831165E0
1.501770761E1,-6.640082598E-2,2.626122832E-1,9.546764374E0,9.550606488E0
1.501986461E1,-6.640082598E-2,2.530409992E-1,9.522835732E0,9.526428459E0
1.502202388E1,-7.537391037E-2,2.626122832E-1,9.575477600E0,9.579374599E0
1.502417604E1,-6.101697683E-2,2.769692242E-1,9.627521515E0,9.631697957E0
1.502632503E1,-4.187439755E-2,2.530409992E-1,9.584450722E0,9.587881875E0
1.502848357E1,-7.118647546E-2,2.434697002E-1,9.513264656E0,9.516645913E0
1.503064175E1,-8.015955985E-2,2.482553422E-1,9.594620705E0,9.598166634E0
1.503281062E1,-4.127619043E-2,2.673979402E-1,9.689735413E0,9.693512147E0
1.503496631E1,-6.640082598E-2,2.578266263E-1,9.532406807E0,9.536124117E0
1.503711660E1,-9.511470050E-2,2.434697002E-1,9.437292099E0,9.440911315E0
1.503928177E1,-7.058826834E-2,2.626122832E-1,9.646664619E0,9.650496681E0
1.504143803E1,-6.041877344E-2,2.673979402E-1,9.732806206E0,9.736666202E0
1.504359821E1,-8.075776696E-2,2.578266263E-1,9.522835732E0,9.526667663E0
1.504574852E1,-8.614161611E-2,2.338984162E-1,9.427721024E0,9.431015457E0
1.504790320E1,-7.537391037E-2,2.673979402E-1,9.641879082E0,9.645880733E0
1.505006796E1,-5.084748194E-2,2.673979402E-1,9.713663101E0,9.717475905E0
1.505222716E1,-6.101697683E-2,2.626122832E-1,9.561120987E0,9.564921474E0
1.505438579E1,-9.032905847E-2,2.578266263E-1,9.484550476E0,9.488484159E0
1.505654106E1,-7.537391037E-2,2.673979402E-1,9.608379364E0,9.612394961E0
1.505869752E1,-6.041877344E-2,2.817548811E-1,9.689735413E0,9.694019218E0
1.506085568E1,-7.058826834E-2,2.578266263E-1,9.580264091E0,9.583992766E0
1.506301517E1,-9.032905847E-2,2.482553422E-1,9.494122505E0,9.497797229E0
1.506518188E1,-8.015955985E-2,2.626122832E-1,9.589835167E0,9.593765126E0
1.506732728E1,-6.041877344E-2,2.721835673E-1,9.689735413E0,9.693745751E0
1.506948343E1,-6.580262631E-2,2.530409992E-1,9.599406242E0,9.602966205E0
1.507163015E1,-6.640082598E-2,2.386840582E-1,9.479764938E0,9.483001763E0
1.507379757E1,-8.015955985E-2,2.530409992E-1,9.575477600E0,9.579155838E0
1.507594427E1,-6.041877344E-2,2.721835673E-1,9.713663101E0,9.717663565E0
1.507811886E1,-5.623133108E-2,2.578266263E-1,9.641879082E0,9.645489555E0
1.508026963E1,-6.640082598E-2,2.482553422E-1,9.479764938E0,9.483247496E0
1.508242476E1,-7.597211748E-2,2.386840582E-1,9.551549911E0,9.554833727E0
1.508458648E1,-6.520441920E-2,2.673979402E-1,9.694520950E0,9.698427178E0
1.508674546E1,-5.144568533E-2,2.530409992E-1,9.622735977E0,9.626199878E0
1.508890488E1,-7.597211748E-2,2.578266263E-1,9.518050194E0,9.521844665E0
1.509105880E1,-6.580262631E-2,2.530409992E-1,9.585049629E0,9.588614922E0
1.509320877E1,-5.084748194E-2,2.721835673E-1,9.699306488E0,9.703257995E0
1.509536454E1,-5.623133108E-2,2.530409992E-1,9.599406242E0,9.602905389E0
1.509753140E1,-8.075776696E-2,2.434697002E-1,9.522835732E0,9.526289922E0
1.509969107E1,-6.101697683E-2,2.578266263E-1,9.617950439E0,9.621599051E0
1.510184623E1,-5.623133108E-2,2.673979402E-1,9.661021233E0,9.664884628E0
1.510399493E1,-6.580262631E-2,2.434697002E-1,9.575477600E0,9.578798398E0
1.510616219E1,-8.075776696E-2,2.578266263E-1,9.541978836E0,9.545803083E0
1.510831960E1,-6.101697683E-2,2.721835673E-1,9.622735977E0,9.626778000E0
1.511047882E1,-6.580262631E-2,2.673979402E-1,9.613762856E0,9.617705958E0
1.511263410E1,-8.494520187E-2,2.673979402E-1,9.580264091E0,9.584371519E0
1.511479082E1,-6.580262631E-2,2.721835673E-1,9.613164902E0,9.617242500E0
1.511694951E1,-6.101697683E-2,2.721835673E-1,9.622735977E0,9.626778000E0
1.511910578E1,-7.537391037E-2,2.673979402E-1,9.618548393E0,9.622559747E0
1.512126455E1,-8.015955985E-2,2.578266263E-1,9.594620705E0,9.598418963E0
1.512342422E1,-7.537391037E-2,2.673979402E-1,9.589835167E0,9.593858526E0
1.512558493E1,-7.058826834E-2,2.626122832E-1,9.665806770E0,9.669631246E0
1.512771778E1,-7.537391037E-2,2.482553422E-1,9.656235695E0,9.659720479E0
1.512989382E1,-8.494520187E-2,2.530409992E-1,9.585049629E0,9.588765396E0
1.513204819E1,-9.511470050E-2,2.673979402E-1,9.556335449E0,9.560548922E0
1.513421343E1,-9.451649338E-2,2.721835673E-1,9.647262573E0,9.651564247E0
1.513636512E1,-7.537391037E-2,2.673979402E-1,9.680164337E0,9.684150168E0
1.513852397E1,-8.015955985E-2,2.434697002E-1,9.575477600E0,9.578907783E0
1.514068116E1,-7.597211748E-2,2.482553422E-1,9.561120987E0,9.564645158E0
1.514283850E1,-7.537391037E-2,2.578266263E-1,9.661021233E0,9.664754888E0
1.514499531E1,-6.999006122E-2,2.673979402E-1,9.694520950E0,9.698460534E0
1.514715195E1,-8.494520187E-2,2.578266263E-1,9.556335449E0,9.560190243E0
1.514929978E1,-8.075776696E-2,2.626122832E-1,9.532406807E0,9.536365480E0
1.515146827E1,-7.058826834E-2,2.530409992E-1,9.656235695E0,9.659808499E0
1.515362195E1,-6.520441920E-2,2.673979402E-1,9.689735413E0,9.693643569E0
1.515577602E1,-7.537391037E-2,2.578266263E-1,9.580264091E0,9.584029208E0
1.515794040E1,-9.032905847E-2,2.721835673E-1,9.537193298E0,9.541504035E0
1.516009710E1,-8.015955985E-2,2.721835673E-1,9.603593826E0,9.607784543E0
1.516225715E1,-8.015955985E-2,2.673979402E-1,9.651450157E0,9.655486386E0
1.516441257E1,-8.973085135E-2,2.721835673E-1,9.622735977E0,9.627002815E0
1.516656951E1,-7.058826834E-2,2.578266263E-1,9.608379364E0,9.612097132E0
1.516872903E1,-7.058826834E-2,2.626122832E-1,9.608379364E0,9.612226689E0
1.517088942E1,-7.058826834E-2,2.673979402E-1,9.641879082E0,9.645844524E0
1.517304309E1,-7.058826834E-2,2.626122832E-1,9.617950439E0,9.621793937E0
1.517520025E1,-6.580262631E-2,2.626122832E-1,9.579665184E0,9.583489982E0
1.517735625E1,-7.537391037E-2,2.530409992E-1,9.575477600E0,9.579116987E0
1.517951384E1,-6.580262631E-2,2.578266263E-1,9.656235695E0,9.659901260E0
1.518167208E1,-6.101697683E-2,2.673979402E-1,9.651450157E0,9.655346439E0
1.518382896E1,-6.101697683E-2,2.482553422E-1,9.598808289E0,9.602211951E0
1.518598720E1,-8.494520187E-2,2.626122832E-1,9.575477600E0,9.579454691E0
1.518814364E1,-5.144568533E-2,2.578266263E-1,9.627521515E0,9.631110619E0
1.519030225E1,-6.101697683E-2,2.626122832E-1,9.651450157E0,9.655215089E0
1.519245958E1,-5.623133108E-2,2.530409992E-1,9.632308006E0,9.635795205E0
1.519461716E1,-6.101697683E-2,2.530409992E-1,9.632308006E0,9.635824321E0
1.519677341E1,-7.058826834E-2,2.578266263E-1,9.617950439E0,9.621664509E0
1.519892906E1,-6.580262631E-2,2.578266263E-1,9.598808289E0,9.602495775E0
1.520107822E1,-7.537391037E-2,2.578266263E-1,9.627521515E0,9.631268157E0
1.520324187E1,-5.623133108E-2,2.626122832E-1,9.675378799E0,9.679105438E0
1.520538110E1,-7.058826834E-2,2.626122832E-1,9.651450157E0,9.655280320E0
1.520755436E1,-8.973085135E-2,2.721835673E-1,9.589835167E0,9.594116637E0
1.520972240E1,-8.973085135E-2,2.578266263E-1,9.622735977E0,9.626607600E0
1.521189762E1,-8.973085135E-2,2.530409992E-1,9.665806770E0,9.669534730E0
1.521404684E1,-8.015955985E-2,2.530409992E-1,9.623334885E0,9.626994838E0
1.521618724E1,-8.494520187E-2,2.721835673E-1,9.608977318E0,9.613206784E0
1.521835856E1,-8.494520187E-2,2.626122832E-1,9.628120422E0,9.632075777E0
1.522050685E1,-7.058826834E-2,2.578266263E-1,9.656235695E0,9.659935045E0
1.522268150E1,-7.537391037E-2,2.673979402E-1,9.646664619E0,9.650664286E0
1.522484012E1,-7.058826834E-2,2.578266263E-1,9.608977318E0,9.612694855E0
1.522702064E1,-8.494520187E-2,2.817548811E-1,9.623334885E0,9.627833391E0
1.522916064E1,-7.537391037E-2,2.626122832E-1,9.670592308E0,9.674450994E0
1.523130588E1,-7.537391037E-2,2.769692242E-1,9.661021233E0,9.665284498E0
1.523345810E1,-6.101697683E-2,2.578266263E-1,9.608977318E0,9.612629335E0
1.523561623E1,-8.494520187E-2,2.721835673E-1,9.608977318E0,9.613206784E0
1.523777312E1,-7.058826834E-2,2.721835673E-1,9.651450157E0,9.655545388E0
1.523993527E1,-6.580262631E-2,2.530409992E-1,9.632308006E0,9.635855814E0
1.524209401E1,-7.058826834E-2,2.482553422E-1,9.599406242E0,9.602875279E0
1.524425279E1,-7.058826834E-2,2.530409992E-1,9.594620705E0,9.598216445E0
1.524640588E1,-5.623133108E-2,2.578266263E-1,9.656235695E0,9.659840802E0
1.524855449E1,-6.101697683E-2,2.482553422E-1,9.613762856E0,9.617161225E0
1.525072310E1,-6.640082598E-2,2.578266263E-1,9.551549911E0,9.555259774E0
1.525287994E1,-7.058826834E-2,2.578266263E-1,9.594620705E0,9.598343802E0
1.525504099E1,-6.580262631E-2,2.578266263E-1,9.670592308E0,9.674252433E0
1.525719138E1,-7.058826834E-2,2.530409992E-1,9.623334885E0,9.626919900E0
1.525934054E1,-7.118647546E-2,2.434697002E-1,9.565906525E0,9.569269180E0
1.526151133E1,-6.580262631E-2,2.434697002E-1,9.613762856E0,9.617070434E0
1.526366797E1,-7.058826834E-2,2.626122832E-1,9.656235695E0,9.660063960E0
1.526582778E1,-7.537391037E-2,2.578266263E-1,9.628120422E0,9.631866832E0
1.526798256E1,-8.075776696E-2,2.482553422E-1,9.565906525E0,9.569468124E0
1.527013605E1,-7.058826834E-2,2.434697002E-1,9.580264091E0,9.583617285E0
1.527228483E1,-7.537391037E-2,2.626122832E-1,9.661021233E0,9.664883739E0
1.527445326E1,-7.058826834E-2,2.673979402E-1,9.665806770E0,9.669762401E0
1.527660701E1,-8.075776696E-2,2.530409992E-1,9.561120987E0,9.564809778E0
1.527877350E1,-6.640082598E-2,2.482553422E-1,9.541978836E0,9.545438696E0
1.528092419E1,-7.537391037E-2,2.578266263E-1,9.637093544E0,9.640836466E0
1.528306894E1,-6.580262631E-2,2.578266263E-1,9.680164337E0,9.683820845E0
1.528522255E1,-7.537391037E-2,2.626122832E-1,9.618548393E0,9.622427949E0
1.528738646E1,-7.597211748E-2,2.434697002E-1,9.565906525E0,9.569305978E0
1.528956097E1,-8.494520187E-2,2.721835673E-1,9.642477036E0,9.646691814E0
1.529171514E1,-6.580262631E-2,2.769692242E-1,9.684949875E0,9.689132883E0
1.529386454E1,-8.015955985E-2,2.530409992E-1,9.623334885E0,9.626994838E0
1.529602991E1,-8.015955985E-2,2.530409992E-1,9.570692062E0,9.574372139E0
1.529818359E1,-7.058826834E-2,2.626122832E-1,9.623334885E0,9.627176233E0
1.530033337E1,-7.537391037E-2,2.578266263E-1,9.665806770E0,9.669538578E0
1.530249842E1,-8.015955985E-2,2.626122832E-1,9.637691498E0,9.641601951E0
1.530464603E1,-7.597211748E-2,2.626122832E-1,9.565906525E0,9.569812151E0
1.530682017E1,-8.494520187E-2,2.673979402E-1,9.613762856E0,9.617855977E0
1.530897345E1,-6.101697683E-2,2.626122832E-1,9.641879082E0,9.645647750E0
1.531113556E1,-6.580262631E-2,2.673979402E-1,9.632308006E0,9.636243520E0
1.531328944E1,-8.494520187E-2,2.626122832E-1,9.623334885E0,9.627292205E0
1.531544648E1,-7.537391037E-2,2.482553422E-1,9.618548393E0,9.622046827E0
1.531760312E1,-7.537391037E-2,2.578266263E-1,9.646664619E0,9.650403830E0
1.531975770E1,-6.580262631E-2,2.578266263E-1,9.632308006E0,9.635982673E0
1.532190486E1,-7.058826834E-2,2.578266263E-1,9.594620705E0,9.598343802E0
1.532407209E1,-5.623133108E-2,2.626122832E-1,9.627521515E0,9.631266671E0
1.532621264E1,-7.058826834E-2,2.530409992E-1,9.670592308E0,9.674159811E0
1.532837909E1,-5.623133108E-2,2.530409992E-1,9.637093544E0,9.640579012E0
1.533054923E1,-8.015955985E-2,2.578266263E-1,9.613762856E0,9.617553554E0
1.533271002E1,-7.058826834E-2,2.434697002E-1,9.623334885E0,9.626673075E0
1.533486318E1,-7.058826834E-2,2.482553422E-1,9.628120422E0,9.631579117E0
1.533700426E1,-7.537391037E-2,2.626122832E-1,9.628120422E0,9.631996123E0
1.533916428E1,-8.494520187E-2,2.482553422E-1,9.642477036E0,9.646046329E0
1.534133565E1,-6.101697683E-2,2.578266263E-1,9.675378799E0,9.679005763E0
1.534349821E1,-7.058826834E-2,2.626122832E-1,9.646664619E0,9.650496681E0
1.534566508E1,-7.537391037E-2,2.530409992E-1,9.618548393E0,9.622171489E0
1.534780570E1,-6.101697683E-2,2.530409992E-1,9.651450157E0,9.654959500E0
1.534995378E1,-7.058826834E-2,2.673979402E-1,9.680164337E0,9.684114103E0
1.535211928E1,-7.058826834E-2,2.578266263E-1,9.661021233E0,9.664718751E0
1.535428100E1,-7.537391037E-2,2.530409992E-1,9.641879082E0,9.645493414E0
1.535643978E1,-6.580262631E-2,2.626122832E-1,9.637093544E0,9.640895559E0
1.535859134E1,-6.580262631E-2,2.530409992E-1,9.656235695E0,9.659774714E0
1.536073194E1,-5.623133108E-2,2.673979402E-1,9.661021233E0,9.664884628E0
1.536289447E1,-6.580262631E-2,2.673979402E-1,9.675378799E0,9.679296801E0
1.536506756E1,-8.494520187E-2,2.721835673E-1,9.628120422E0,9.632341483E0
1.536722891E1,-8.973085135E-2,2.626122832E-1,9.656235695E0,9.660222804E0
1.536938315E1,-6.580262631E-2,2.769692242E-1,9.680164337E0,9.684349412E0
1.537152445E1,-6.580262631E-2,2.817548811E-1,9.651450157E0,9.655786138E0
1.537366586E1,-7.058826834E-2,2.530409992E-1,9.604191780E0,9.607783938E0
1.537582333E1,-7.058826834E-2,2.626122832E-1,9.661021233E0,9.664847602E0
1.537799700E1,-7.058826834E-2,2.673979402E-1,9.689735413E0,9.693681278E0
1.538015833E1,-7.537391037E-2,2.578266263E-1,9.627521515E0,9.631268157E0
1.538231386E1,-7.058826834E-2,2.626122832E-1,9.637093544E0,9.640929410E0
1.538447129E1,-7.058826834E-2,2.769692242E-1,9.665806770E0,9.670031808E0
1.538662764E1,-7.058826834E-2,2.626122832E-1,9.651450157E0,9.655280320E0
1.538878691E1,-7.058826834E-2,2.721835673E-1,9.627521515E0,9.631626920E0
1.539094443E1,-7.058826834E-2,2.673979402E-1,9.646664619E0,9.650628096E0
1.539310817E1,-7.058826834E-2,2.626122832E-1,9.646664619E0,9.650496681E0
1.539525761E1,-8.015955985E-2,2.434697002E-1,9.661021233E0,9.664421054E0
1.539741631E1,-7.058826834E-2,2.578266263E-1,9.651450157E0,9.655151341E0
1.539957200E1,-7.058826834E-2,2.578266263E-1,9.675378799E0,9.679070833E0
1.540172973E1,-7.058826834E-2,2.578266263E-1,9.651450157E0,9.655151341E0
1.540388310E1,-7.058826834E-2,2.673979402E-1,9.627521515E0,9.631492869E0
1.540604541E1,-7.537391037E-2,2.578266263E-1,9.656235695E0,9.659971200E0
1.540820221E1,-8.973085135E-2,2.578266263E-1,9.661021233E0,9.664877519E0
1.541036150E1,-6.580262631E-2,2.673979402E-1,9.684949875E0,9.688864006E0
1.541251449E1,-5.623133108E-2,2.721835673E-1,9.665806770E0,9.669801776E0
1.541466584E1,-7.537391037E-2,2.626122832E-1,9.627521515E0,9.631397456E0
1.541683306E1,-6.580262631E-2,2.578266263E-1,9.656235695E0,9.659901260E0
1.541899029E1,-7.956135273E-2,2.578266263E-1,9.699306488E0,9.703058844E0
1.542114949E1,-8.494520187E-2,2.673979402E-1,9.665806770E0,9.669877862E0
1.542330682E1,-8.015955985E-2,2.530409992E-1,9.641879082E0,9.645531998E0
1.542546528E1,-7.537391037E-2,2.673979402E-1,9.670592308E0,9.674582083E0
1.542761997E1,-6.041877344E-2,2.721835673E-1,9.694520950E0,9.698529310E0
1.542977630E1,-8.015955985E-2,2.578266263E-1,9.661021233E0,9.664793396E0
1.543193422E1,-8.015955985E-2,2.530409992E-1,9.637093544E0,9.640748274E0
1.543409250E1,-8.015955985E-2,2.626122832E-1,9.656235695E0,9.660138641E0
1.543624972E1,-7.537391037E-2,2.530409992E-1,9.680164337E0,9.683764380E0
1.543840636E1,-7.537391037E-2,2.482553422E-1,9.665806770E0,9.669288105E0
1.544056442E1,-8.015955985E-2,2.626122832E-1,9.651450157E0,9.655355038E0
1.544272113E1,-8.015955985E-2,2.578266263E-1,9.675378799E0,9.679145367E0
1.544487948E1,-7.058826834E-2,2.626122832E-1,9.646664619E0,9.650496681E0
1.544703355E1,-6.580262631E-2,2.530409992E-1,9.661021233E0,9.664558499E0
1.544918516E1,-7.058826834E-2,2.626122832E-1,9.646664619E0,9.650496681E0
1.545135189E1,-8.015955985E-2,2.434697002E-1,9.641879082E0,9.645285650E0
1.545350928E1,-7.537391037E-2,2.626122832E-1,9.675378799E0,9.679235577E0
1.545566820E1,-7.537391037E-2,2.530409992E-1,9.661021233E0,9.664628406E0
1.545782418E1,-6.580262631E-2,2.530409992E-1,9.632308006E0,9.635855814E0
1.545998161E1,-7.537391037E-2,2.626122832E-1,9.651450157E0,9.655316493E0
1.546213894E1,-6.101697683E-2,2.673979402E-1,9.656235695E0,9.660130047E0
1.546429543E1,-7.058826834E-2,2.626122832E-1,9.641879082E0,9.645713045E0
1.546645384E1,-7.058826834E-2,2.578266263E-1,9.632308006E0,9.636016542E0
1.546861189E1,-7.058826834E-2,2.721835673E-1,9.656235695E0,9.660328897E0
1.547077059E1,-7.058826834E-2,2.673979402E-1,9.651450157E0,9.655411669E0
1.547292844E1,-7.058826834E-2,2.530409992E-1,9.646664619E0,9.650240968E0
1.547509641E1,-5.623133108E-2,2.626122832E-1,9.637093544E0,9.640834982E0
1.547724320E1,-7.058826834E-2,2.673979402E-1,9.670592308E0,9.674545982E0
1.547941189E1,-6.580262631E-2,2.626122832E-1,9.651450157E0,9.655246519E0
1.548155592E1,-8.015955985E-2,2.578266263E-1,9.665806770E0,9.669577067E0
1.548372716E1,-7.537391037E-2,2.578266263E-1,9.646664619E0,9.650403830E0
1.548586815E1,-6.580262631E-2,2.530409992E-1,9.661021233E0,9.664558499E0
1.548802613E1,-7.058826834E-2,2.626122832E-1,9.656235695E0,9.660063960E0
1.549016981E1,-6.580262631E-2,2.626122832E-1,9.641879082E0,9.645679210E0
1.549233333E1,-7.058826834E-2,2.721835673E-1,9.651450157E0,9.655545388E0
1.549448740E1,-7.537391037E-2,2.673979402E-1,9.670592308E0,9.674582083E0
1.549664862E1,-7.537391037E-2,2.626122832E-1,9.694520950E0,9.698370115E0
1.549880481E1,-7.956135273E-2,2.673979402E-1,9.713663101E0,9.717668574E0
1.550096383E1,-7.537391037E-2,2.530409992E-1,9.656235695E0,9.659844656E0
1.550312071E1,-8.015955985E-2,2.626122832E-1,9.651450157E0,9.655355038E0
1.550527774E1,-8.973085135E-2,2.769692242E-1,9.689735413E0,9.694108311E0
1.550743432E1,-6.041877344E-2,2.817548811E-1,9.713663101E0,9.717936359E0
1.550959274E1,-7.537391037E-2,2.530409992E-1,9.684949875E0,9.688548140E0
1.551174998E1,-8.494520187E-2,2.482553422E-1,9.661021233E0,9.664583677E0
1.551390807E1,-9.451649338E-2,2.721835673E-1,9.680164337E0,9.684451397E0
1.551606374E1,-7.477571070E-2,2.721835673E-1,9.718449593E0,9.722547906E0
1.551822289E1,-7.058826834E-2,2.530409992E-1,9.651450157E0,9.655024733E0
1.552038047E1,-7.537391037E-2,2.626122832E-1,9.608977318E0,9.612860736E0
1.552253809E1,-6.520441920E-2,2.673979402E-1,9.713663101E0,9.717561634E0
1.552469426E1,-6.999006122E-2,2.769692242E-1,9.728020668E0,9.732214377E0
1.552685287E1,-6.580262631E-2,2.673979402E-1,9.646664619E0,9.650594278E0
1.552900947E1,-7.058826834E-2,2.530409992E-1,9.599406242E0,9.603000190E0
1.553116728E1,-7.537391037E-2,2.769692242E-1,9.680164337E0,9.684419176E0
1.553332316E1,-6.041877344E-2,2.769692242E-1,9.713663101E0,9.717798785E0
1.553548270E1,-6.101697683E-2,2.434697002E-1,9.627521515E0,9.630792859E0
1.553764188E1,-7.537391037E-2,2.578266263E-1,9.594620705E0,9.598380189E0
1.553979764E1,-7.537391037E-2,2.721835673E-1,9.656235695E0,9.660365051E0
1.554195360E1,-6.101697683E-2,2.673979402E-1,9.689735413E0,9.693616306E0
1.554411164E1,-7.537391037E-2,2.578266263E-1,9.675378799E0,9.679106917E0
1.554626741E1,-5.623133108E-2,2.673979402E-1,9.665806770E0,9.669668254E0
1.554842241E1,-5.623133108E-2,2.626122832E-1,9.637093544E0,9.640834982E0
1.555058355E1,-6.101697683E-2,2.578266263E-1,9.627521515E0,9.631166501E0
1.555274200E1,-6.580262631E-2,2.721835673E-1,9.675378799E0,9.679430189E0
1.555490122E1,-6.041877344E-2,2.721835673E-1,9.704092026E0,9.708096434E0
1.555705685E1,-7.058826834E-2,2.482553422E-1,9.641879082E0,9.645332843E0
1.555921354E1,-7.058826834E-2,2.434697002E-1,9.608977318E0,9.612320495E0
1.556137232E1,-6.580262631E-2,2.578266263E-1,9.670592308E0,9.674252433E0
1.556352805E1,-6.520441920E-2,2.626122832E-1,9.704092026E0,9.707863765E0
1.556568690E1,-6.580262631E-2,2.626122832E-1,9.680164337E0,9.683949442E0
1.556784566E1,-6.580262631E-2,2.482553422E-1,9.627521515E0,9.630946538E0
1.557000911E1,-8.494520187E-2,2.626122832E-1,9.641879082E0,9.645828794E0
1.557216092E1,-7.956135273E-2,2.721835673E-1,9.756733894E0,9.760853968E0
1.557432910E1,-6.520441920E-2,2.721835673E-1,9.704092026E0,9.708127397E0
1.557648653E1,-9.032905847E-2,2.386840582E-1,9.561120987E0,9.564526331E0
1.557864270E1,-8.075776696E-2,2.386840582E-1,9.546764374E0,9.550089105E0
1.558079439E1,-6.999006122E-2,2.673979402E-1,9.751948357E0,9.755864750E0
1.558294440E1,-5.084748194E-2,2.769692242E-1,9.808777809E0,9.812819143E0
1.558511177E1,-8.015955985E-2,2.578266263E-1,9.594620705E0,9.598418963E0
1.558727062E1,-8.554340899E-2,2.530409992E-1,9.489934921E0,9.493693287E0
1.558943036E1,-8.973085135E-2,2.578266263E-1,9.689735413E0,9.693580276E0
1.559158265E1,-5.024927482E-2,2.769692242E-1,9.823135376E0,9.827167728E0
1.559373162E1,-5.623133108E-2,2.482553422E-1,9.670592308E0,9.673941713E0
1.559589959E1,-9.032905847E-2,2.434697002E-1,9.508479118E0,9.512024599E0
1.559805645E1,-8.494520187E-2,2.673979402E-1,9.618548393E0,9.622639479E0
1.560021741E1,-6.939185411E-2,2.865405083E-1,9.818349838E0,9.822775282E0
1.560236736E1,-6.520441920E-2,2.578266263E-1,9.704092026E0,9.707735484E0
1.560451223E1,-9.032905847E-2,2.434697002E-1,9.480362892E0,9.483918884E0
1.560668720E1,-9.990034252E-2,2.482553422E-1,9.561120987E0,9.564865149E0
1.560884446E1,-5.563312769E-2,2.721835673E-1,9.813564301E0,9.817495771E0
1.561100544E1,-5.084748194E-2,2.769692242E-1,9.775279045E0,9.779334222E0
1.561315550E1,-8.075776696E-2,2.386840582E-1,9.489934921E0,9.493279555E0
1.561530099E1,-9.032905847E-2,2.482553422E-1,9.513264656E0,9.516931988E0
1.561747445E1,-6.520441920E-2,2.626122832E-1,9.765707016E0,9.769454967E0
1.561963079E1,-5.563312769E-2,2.530409992E-1,9.794421196E0,9.797847282E0
1.562179319E1,-7.537391037E-2,2.482553422E-1,9.608977318E0,9.612479235E0
1.562394565E1,-8.554340899E-2,2.434697002E-1,9.546764374E0,9.550251577E0
1.562610218E1,-7.477571070E-2,2.673979402E-1,9.694520950E0,9.698496251E0
1.562827133E1,-5.563312769E-2,2.721835673E-1,9.765707016E0,9.769657745E0
1.563041973E1,-6.580262631E-2,2.530409992E-1,9.646664619E0,9.650207149E0
1.563257664E1,-8.075776696E-2,2.338984162E-1,9.551549911E0,9.554754628E0
1.563473116E1,-6.101697683E-2,2.673979402E-1,9.665806770E0,9.669697268E0
1.563688990E1,-6.041877344E-2,2.769692242E-1,9.756135941E0,9.760253627E0
1.563904908E1,-8.015955985E-2,2.578266263E-1,9.665806770E0,9.669577067E0
1.564120616E1,-9.930214286E-2,2.578266263E-1,9.575477600E0,9.579462759E0
1.564336107E1,-7.058826834E-2,2.530409992E-1,9.632308006E0,9.635889683E0
1.564550994E1,-4.606183618E-2,2.673979402E-1,9.736993790E0,9.740773656E0
1.564767848E1,-6.101697683E-2,2.673979402E-1,9.680164337E0,9.684049067E0
1.564983504E1,-8.015955985E-2,2.482553422E-1,9.613762856E0,9.617301727E0
1.565199583E1,-7.477571070E-2,2.673979402E-1,9.699306488E0,9.703279828E0
1.565414966E1,-6.520441920E-2,2.578266263E-1,9.713663101E0,9.717302971E0
1.565630842E1,-7.537391037E-2,2.530409992E-1,9.627521515E0,9.631141235E0
1.565846109E1,-8.015955985E-2,2.817548811E-1,9.656235695E0,9.660677987E0
1.566060180E1,-7.956135273E-2,2.673979402E-1,9.723235130E0,9.727236661E0
1.566276930E1,-6.999006122E-2,2.530409992E-1,9.708877563E0,9.712426674E0
1.566493788E1,-8.494520187E-2,2.530409992E-1,9.627521515E0,9.631220896E0
1.566709898E1,-7.477571070E-2,2.626122832E-1,9.694520950E0,9.698365485E0
1.566925283E1,-5.084748194E-2,2.721835673E-1,9.741779327E0,9.745713613E0
1.567139909E1,-7.058826834E-2,2.626122832E-1,9.651450157E0,9.655280320E0
1.567356612E1,-8.015955985E-2,2.434697002E-1,9.594620705E0,9.598044046E0
1.567571723E1,-8.015955985E-2,2.626122832E-1,9.680164337E0,9.684057639E0
1.567788506E1,-6.520441920E-2,2.721835673E-1,9.770493507E0,9.774501465E0
1.568003736E1,-7.956135273E-2,2.530409992E-1,9.699306488E0,9.702932861E0
1.568219276E1,-9.930214286E-2,2.434697002E-1,9.599406242E0,9.603006749E0
1.568435420E1,-8.973085135E-2,2.530409992E-1,9.656235695E0,9.659967348E0
1.568651232E1,-6.041877344E-2,2.626122832E-1,9.756135941E0,9.759856768E0
1.568867051E1,-6.520441920E-2,2.578266263E-1,9.699306488E0,9.702951743E0
1.569082474E1,-7.058826834E-2,2.482553422E-1,9.599406242E0,9.602875279E0
1.569297435E1,-7.537391037E-2,2.578266263E-1,9.670592308E0,9.674322270E0
1.569514197E1,-6.041877344E-2,2.673979402E-1,9.794421196E0,9.798256919E0
1.569729875E1,-6.520441920E-2,2.578266263E-1,9.708877563E0,9.712519227E0
1.569946018E1,-8.973085135E-2,2.578266263E-1,9.580264091E0,9.584152871E0
1.570161655E1,-9.451649338E-2,2.434697002E-1,9.637691498E0,9.641229604E0
1.570378734E1,-6.041877344E-2,2.769692242E-1,9.775279045E0,9.779388672E0
1.570594206E1,-6.520441920E-2,2.769692242E-1,9.737591743E0,9.741748125E0
1.570810364E1,-9.451649338E-2,2.530409992E-1,9.604191780E0,9.607989533E0
1.571025760E1,-7.058826834E-2,2.626122832E-1,9.665806770E0,9.669631246E0
1.571241124E1,-6.041877344E-2,2.626122832E-1,9.747162819E0,9.750887070E0
1.571455228E1,-6.041877344E-2,2.626122832E-1,9.718449593E0,9.722184843E0
1.571671669E1,-7.058826834E-2,2.386840582E-1,9.632905960E0,9.636121109E0
1.571888653E1,-7.058826834E-2,2.530409992E-1,9.689735413E0,9.693295870E0
1.572104807E1,-5.563312769E-2,2.626122832E-1,9.760921478E0,9.764612044E0
1.572320064E1,-7.477571070E-2,2.482553422E-1,9.708877563E0,9.712338836E0
1.572534321E1,-8.015955985E-2,2.482553422E-1,9.623334885E0,9.626870238E0
1.572750424E1,-7.537391037E-2,2.626122832E-1,9.689735413E0,9.693586478E0
1.572967217E1,-6.041877344E-2,2.769692242E-1,9.756135941E0,9.760253627E0
1.573183435E1,-7.058826834E-2,2.626122832E-1,9.680164337E0,9.683983143E0
1.573399183E1,-7.537391037E-2,2.434697002E-1,9.656235695E0,9.659598673E0
1.573614199E1,-7.956135273E-2,2.578266263E-1,9.723235130E0,9.726978255E0
1.573828727E1,-5.563312769E-2,2.721835673E-1,9.742377281E0,9.746337467E0
1.574046028E1,-6.580262631E-2,2.626122832E-1,9.680164337E0,9.683949442E0
1.574261899E1,-7.537391037E-2,2.482553422E-1,9.646664619E0,9.650152860E0
1.574478032E1,-6.999006122E-2,2.578266263E-1,9.723235130E0,9.726904676E0
1.574693042E1,-6.520441920E-2,2.578266263E-1,9.747162819E0,9.750790184E0
1.574907426E1,-7.058826834E-2,2.626122832E-1,9.670592308E0,9.674414892E0
1.575123008E1,-7.537391037E-2,2.482553422E-1,9.651450157E0,9.654936669E0
1.575338162E1,-7.477571070E-2,2.530409992E-1,9.737591743E0,9.741165953E0
1.575556662E1,-6.999006122E-2,2.769692242E-1,9.732806206E0,9.736997853E0
1.575771964E1,-8.494520187E-2,2.721835673E-1,9.689735413E0,9.693929644E0
1.575987147E1,-6.101697683E-2,2.626122832E-1,9.656235695E0,9.659998762E0
1.576203572E1,-7.477571070E-2,2.578266263E-1,9.713663101E0,9.717371909E0
1.576419108E1,-6.999006122E-2,2.578266263E-1,9.742377281E0,9.746039620E0
1.576635318E1,-7.058826834E-2,2.482553422E-1,9.675378799E0,9.678820606E0
1.576850848E1,-7.058826834E-2,2.530409992E-1,9.641879082E0,9.645457204E0
1.577066488E1,-6.520441920E-2,2.673979402E-1,9.699306488E0,9.703210789E0
1.577282319E1,-5.563312769E-2,2.673979402E-1,9.732806206E0,9.736637682E0
1.577498091E1,-7.537391037E-2,2.530409992E-1,9.689735413E0,9.693331901E0
1.577714576E1,-8.494520187E-2,2.721835673E-1,9.637093544E0,9.641310676E0
1.577928951E1,-6.520441920E-2,2.482553422E-1,9.699306488E0,9.702702133E0
1.578142771E1,-7.956135273E-2,2.530409992E-1,9.728020668E0,9.731636341E0
1.578359652E1,-8.494520187E-2,2.673979402E-1,9.680164337E0,9.684229393E0
1.578576400E1,-8.015955985E-2,2.434697002E-1,9.689735413E0,9.693125163E0
1.578791627E1,-7.537391037E-2,2.626122832E-1,9.680164337E0,9.684019209E0
1.579008492E1,-7.477571070E-2,2.530409992E-1,9.723235130E0,9.726814615E0
1.579223479E1,-7.477571070E-2,2.721835673E-1,9.718449593E0,9.722547906E0
1.579437676E1,-8.494520187E-2,2.578266263E-1,9.675378799E0,9.679186183E0
1.579657042E1,-8.015955985E-2,2.482553422E-1,9.670592308E0,9.674110391E0
1.579869904E1,-6.999006122E-2,2.530409992E-1,9.723235130E0,9.726779002E0
1.580084816E1,-6.041877344E-2,2.626122832E-1,9.713663101E0,9.717400192E0
1.580301233E1,-8.973085135E-2,2.530409992E-1,9.642477036E0,9.646214011E0
1.580515155E1,-8.015955985E-2,2.673979402E-1,9.661021233E0,9.665053464E0
1.580734468E1,-6.041877344E-2,2.721835673E-1,9.708877563E0,9.712879998E0
1.580949505E1,-6.520441920E-2,2.721835673E-1,9.704092026E0,9.708127397E0
1.581165195E1,-7.537391037E-2,2.673979402E-1,9.656235695E0,9.660231399E0
1.581380868E1,-7.477571070E-2,2.626122832E-1,9.699306488E0,9.703149126E0
1.581595015E1,-6.999006122E-2,2.434697002E-1,9.713663101E0,9.716965933E0
1.581813164E1,-7.058826834E-2,2.626122832E-1,9.689735413E0,9.693550448E0
1.582028604E1,-6.041877344E-2,2.721835673E-1,9.689735413E0,9.693745751E0
1.582244824E1,-7.058826834E-2,2.721835673E-1,9.689735413E0,9.693814469E0
1.582460127E1,-7.537391037E-2,2.673979402E-1,9.665806770E0,9.669798519E0
1.582676066E1,-7.058826834E-2,2.673979402E-1,9.670592308E0,9.674545982E0
1.582892794E1,-6.041877344E-2,2.769692242E-1,9.689735413E0,9.693881304E0
1.583107419E1,-7.477571070E-2,2.721835673E-1,9.723235130E0,9.727331428E0
1.583323113E1,-6.999006122E-2,2.530409992E-1,9.713663101E0,9.717210464E0
1.583538489E1,-7.058826834E-2,2.578266263E-1,9.675378799E0,9.679070833E0
1.583754349E1,-7.058826834E-2,2.626122832E-1,9.665806770E0,9.669631246E0
1.583969068E1,-5.563312769E-2,2.673979402E-1,9.689735413E0,9.693583913E0
1.584186153E1,-7.956135273E-2,2.769692242E-1,9.723235130E0,9.727504477E0
1.584401710E1,-7.956135273E-2,2.769692242E-1,9.708877563E0,9.713153221E0
1.584617558E1,-6.580262631E-2,2.673979402E-1,9.680164337E0,9.684080402E0
1.584831973E1,-6.041877344E-2,2.626122832E-1,9.699306488E0,9.703049108E0
1.585048610E1,-7.477571070E-2,2.865405083E-1,9.732806206E0,9.737310384E0
1.585263408E1,-8.434699476E-2,2.578266263E-1,9.699306488E0,9.703099264E0
1.585480834E1,-8.494520187E-2,2.626122832E-1,9.656235695E0,9.660179537E0
1.585695915E1,-7.058826834E-2,2.626122832E-1,9.680164337E0,9.683983143E0
1.585910548E1,-6.520441920E-2,2.626122832E-1,9.742377281E0,9.746134204E0
1.586125256E1,-6.999006122E-2,2.626122832E-1,9.728020668E0,9.731816374E0
1.586341899E1,-8.494520187E-2,2.578266263E-1,9.661021233E0,9.664834272E0
1.586558303E1,-8.015955985E-2,2.578266263E-1,9.656235695E0,9.660009727E0
1.586775518E1,-6.520441920E-2,2.673979402E-1,9.732806206E0,9.736697074E0
1.586990646E1,-6.999006122E-2,2.721835673E-1,9.728020668E0,9.732079357E0
1.587205431E1,-7.956135273E-2,2.769692242E-1,9.694520950E0,9.698802937E0
1.587422144E1,-8.015955985E-2,2.626122832E-1,9.665806770E0,9.669705853E0
1.587638000E1,-7.477571070E-2,2.721835673E-1,9.689735413E0,9.693845866E0
1.587853988E1,-6.999006122E-2,2.626122832E-1,9.732806206E0,9.736600046E0
1.588069400E1,-6.999006122E-2,2.578266263E-1,9.699306488E0,9.702985083E0
1.588284888E1,-7.537391037E-2,2.578266263E-1,9.651450157E0,9.655187514E0
1.588500951E1,-8.015955985E-2,2.673979402E-1,9.670592308E0,9.674620551E0
1.588716582E1,-7.477571070E-2,2.673979402E-1,9.780064583E0,9.784005126E0
1.588932485E1,-6.999006122E-2,2.673979402E-1,9.747162819E0,9.751081134E0
1.589148073E1,-9.451649338E-2,2.434697002E-1,9.599406242E0,9.602958454E0
1.589363861E1,-7.537391037E-2,2.530409992E-1,9.661021233E0,9.664628406E0
1.589579594E1,-6.041877344E-2,2.769692242E-1,9.770493507E0,9.774605146E0
1.589795925E1,-6.520441920E-2,2.673979402E-1,9.732806206E0,9.736697074E0
1.590013136E1,-8.973085135E-2,2.482553422E-1,9.628120422E0,9.631738431E0
1.590227096E1,-8.494520187E-2,2.626122832E-1,9.675378799E0,9.679314842E0
1.590443421E1,-7.477571070E-2,2.626122832E-1,9.747162819E0,9.750986598E0
1.590657997E1,-5.563312769E-2,2.626122832E-1,9.736993790E0,9.740693421E0
1.590874044E1,-6.580262631E-2,2.482553422E-1,9.632308006E0,9.635731328E0
1.591088943E1,-7.537391037E-2,2.769692242E-1,9.651450157E0,9.655717649E0
1.591302291E1,-6.999006122E-2,2.626122832E-1,9.751948357E0,9.755734753E0
1.591520175E1,-5.084748194E-2,2.673979402E-1,9.741779327E0,9.745581131E0
1.591737340E1,-7.058826834E-2,2.578266263E-1,9.641879082E0,9.645583938E0
1.591953537E1,-7.537391037E-2,2.673979402E-1,9.637093544E0,9.641097181E0
1.592168610E1,-6.999006122E-2,2.769692242E-1,9.728020668E0,9.732214377E0
1.592384258E1,-6.041877344E-2,2.626122832E-1,9.723235130E0,9.726968543E0
1.592599653E1,-8.015955985E-2,2.530409992E-1,9.651450157E0,9.655099453E0
1.592814316E1,-7.058826834E-2,2.626122832E-1,9.670592308E0,9.674414892E0
1.593030375E1,-6.041877344E-2,2.769692242E-1,9.741779327E0,9.745903080E0
1.593247380E1,-6.999006122E-2,2.721835673E-1,9.742377281E0,9.746429992E0
1.593463783E1,-8.973085135E-2,2.482553422E-1,9.665806770E0,9.669410678E0
1.593680305E1,-7.058826834E-2,2.434697002E-1,9.680164337E0,9.683482937E0
1.593892923E1,-8.913264424E-2,2.626122832E-1,9.732806206E0,9.736756466E0
1.594110257E1,-6.999006122E-2,2.673979402E-1,9.760921478E0,9.764834273E0
1.594325480E1,-7.477571070E-2,2.578266263E-1,9.694520950E0,9.698237079E0
1.594541923E1,-8.015955985E-2,2.578266263E-1,9.689735413E0,9.693496402E0
1.594757175E1,-6.999006122E-2,2.482553422E-1,9.732806206E0,9.736223393E0
1.594972030E1,-7.956135273E-2,2.578266263E-1,9.732806206E0,9.736545651E0
1.595187864E1,-7.477571070E-2,2.626122832E-1,9.708877563E0,9.712716415E0
1.595404734E1,-6.999006122E-2,2.578266263E-1,9.704092026E0,9.707768808E0
1.595620640E1,-7.956135273E-2,2.578266263E-1,9.742377281E0,9.746113054E0
1.595836377E1,-6.999006122E-2,2.626122832E-1,9.747162819E0,9.750951074E0
1.596051016E1,-7.477571070E-2,2.530409992E-1,9.737591743E0,9.741165953E0
1.596266389E1,-8.434699476E-2,2.721835673E-1,9.737591743E0,9.741760173E0
1.596483373E1,-6.520441920E-2,2.721835673E-1,9.751350403E0,9.755366225E0
1.596699359E1,-6.520441920E-2,2.626122832E-1,9.718449593E0,9.722215761E0
1.596914745E1,-7.477571070E-2,2.530409992E-1,9.747162819E0,9.750733520E0
1.597128143E1,-6.041877344E-2,2.578266263E-1,9.751350403E0,9.754945396E0
1.597344748E1,-7.477571070E-2,2.578266263E-1,9.737591743E0,9.741291441E0
1.597560963E1,-6.041877344E-2,2.817548811E-1,9.713663101E0,9.717936359E0
1.597778379E1,-6.041877344E-2,2.578266263E-1,9.751350403E0,9.754945396E0
1.597993443E1,-6.520441920E-2,2.673979402E-1,9.794421196E0,9.798287597E0
1.598207414E1,-6.999006122E-2,2.721835673E-1,9.789635658E0,9.793668813E0
1.598425175E1,-7.956135273E-2,2.721835673E-1,9.718449593E0,9.722585890E0
1.598640916E1,-7.477571070E-2,2.626122832E-1,9.718449593E0,9.722284665E0
1.598857189E1,-7.477571070E-2,2.673979402E-1,9.808777809E0,9.812706822E0
1.599072694E1,-5.084748194E-2,2.578266263E-1,9.808777809E0,9.812297496E0
1.599289370E1,-6.999006122E-2,2.578266263E-1,9.737591743E0,9.741255881E0
1.599502468E1,-8.434699476E-2,2.530409992E-1,9.728020668E0,9.731676643E0
1.599719587E1,-6.939185411E-2,2.626122832E-1,9.818349838E0,9.822106393E0
1.599934835E1,-6.460621208E-2,2.769692242E-1,9.823135376E0,9.827251626E0
1.600151459E1,-5.563312769E-2,2.434697002E-1,9.760921478E0,9.764115968E0
1.600366531E1,-7.477571070E-2,2.482553422E-1,9.723235130E0,9.726691294E0
1.600581329E1,-5.084748194E-2,2.578266263E-1,9.808777809E0,9.812297496E0
1.600798260E1,-5.503492057E-2,2.578266263E-1,9.851848602E0,9.855375401E0
1.601013460E1,-7.956135273E-2,2.626122832E-1,9.803992271E0,9.807831548E0
1.601227415E1,-7.956135273E-2,2.578266263E-1,9.765707016E0,9.769433868E0
1.601443963E1,-6.999006122E-2,2.721835673E-1,9.780064583E0,9.784101683E0
1.601659580E1,-6.939185411E-2,2.721835673E-1,9.837491989E0,9.841501296E0
1.601876035E1,-7.417750359E-2,2.817548811E-1,9.847063065E0,9.851372448E0
1.602091474E1,-6.999006122E-2,2.578266263E-1,9.794421196E0,9.798064081E0
1.602306971E1,-7.956135273E-2,2.578266263E-1,9.780064583E0,9.783785966E0
1.602521863E1,-7.417750359E-2,2.578266263E-1,9.827920914E0,9.831582088E0
1.602738678E1,-7.417750359E-2,2.721835673E-1,9.827920914E0,9.831969064E0
1.602954356E1,-7.477571070E-2,2.673979402E-1,9.789635658E0,9.793572351E0
1.603170438E1,-7.956135273E-2,2.530409992E-1,9.784850121E0,9.788444802E0
1.603385776E1,-9.810572863E-2,2.769692242E-1,9.827920914E0,9.832312351E0
1.603601210E1,-7.896314561E-2,2.626122832E-1,9.823135376E0,9.826962349E0
1.603816414E1,-8.434699476E-2,2.721835673E-1,9.789635658E0,9.793781937E0
1.604033184E1,-7.956135273E-2,2.626122832E-1,9.784850121E0,9.788696905E0
1.604248903E1,-8.374879509E-2,2.673979402E-1,9.832706451E0,9.836698210E0
1.604464996E1,-6.939185411E-2,2.817548811E-1,9.823135376E0,9.827420295E0
1.604679838E1,-7.477571070E-2,2.769692242E-1,9.780064583E0,9.784271388E0
1.604894221E1,-6.999006122E-2,2.530409992E-1,9.803992271E0,9.807506962E0
1.605111762E1,-7.417750359E-2,2.769692242E-1,9.832706451E0,9.836886215E0
1.605327655E1,-6.999006122E-2,2.721835673E-1,9.765707016E0,9.769750049E0
1.605543868E1,-7.477571070E-2,2.769692242E-1,9.770493507E0,9.774704432E0
1.605758858E1,-7.417750359E-2,2.721835673E-1,9.818349838E0,9.822401933E0
1.605973724E1,-8.374879509E-2,2.626122832E-1,9.813564301E0,9.817434663E0
1.606190586E1,-8.434699476E-2,2.482553422E-1,9.775279045E0,9.778794687E0
1.606406255E1,-7.477571070E-2,2.769692242E-1,9.756135941E0,9.760353060E0
1.606622360E1,-6.041877344E-2,2.721835673E-1,9.784850121E0,9.788821492E0
1.606837483E1,-6.520441920E-2,2.769692242E-1,9.794421196E0,9.798553471E0
1.607052588E1,-8.434699476E-2,2.721835673E-1,9.741779327E0,9.745945966E0
1.607269342E1,-8.913264424E-2,2.769692242E-1,9.746564865E0,9.750906791E0
1.607485065E1,-6.460621208E-2,2.721835673E-1,9.808777809E0,9.812766173E0
1.607700963E1,-6.999006122E-2,2.817548811E-1,9.780064583E0,9.784372625E0
1.607916421E1,-8.434699476E-2,2.626122832E-1,9.746564865E0,9.750466978E0
1.608131795E1,-7.956135273E-2,2.721835673E-1,9.760921478E0,9.765039785E0
1.608348057E1,-9.332008660E-2,2.769692242E-1,9.813564301E0,9.817915505E0
1.608563687E1,-6.999006122E-2,2.626122832E-1,9.789635658E0,9.793407484E0
1.608779649E1,-8.434699476E-2,2.721835673E-1,9.751350403E0,9.755512954E0
1.608995272E1,-8.913264424E-2,2.626122832E-1,9.756135941E0,9.760076758E0
1.609210652E1,-7.477571070E-2,2.673979402E-1,9.799206734E0,9.803139583E0
1.609425238E1,-8.434699476E-2,2.673979402E-1,9.789635658E0,9.793650106E0
1.609642508E1,-9.391828626E-2,2.626122832E-1,9.760921478E0,9.764905220E0
1.609857903E1,-8.434699476E-2,2.578266263E-1,9.737591743E0,9.741369614E0
1.610073368E1,-6.999006122E-2,2.721835673E-1,9.780064583E0,9.784101683E0
1.610289628E1,-7.956135273E-2,2.673979402E-1,9.808777809E0,9.812744457E0
1.610505523E1,-8.913264424E-2,2.626122832E-1,9.756135941E0,9.760076758E0
1.610721499E1,-9.870393574E-2,2.578266263E-1,9.751948357E0,9.755855359E0
1.610936968E1,-9.391828626E-2,2.673979402E-1,9.803992271E0,9.808087824E0
1.611152631E1,-7.956135273E-2,2.626122832E-1,9.770493507E0,9.774345942E0
1.611368498E1,-7.477571070E-2,2.626122832E-1,9.742377281E0,9.746202938E0
1.611584012E1,-7.956135273E-2,2.530409992E-1,9.771091461E0,9.774691202E0
1.611799932E1,-7.956135273E-2,2.626122832E-1,9.799206734E0,9.803047885E0
1.612015543E1,-7.477571070E-2,2.769692242E-1,9.789635658E0,9.793838353E0
1.612231467E1,-8.434699476E-2,2.673979402E-1,9.723235130E0,9.727276981E0
1.612447169E1,-7.956135273E-2,2.673979402E-1,9.751948357E0,9.755938111E0
1.612662914E1,-7.477571070E-2,2.673979402E-1,9.813564301E0,9.817491398E0
1.612878558E1,-7.956135273E-2,2.626122832E-1,9.761520386E0,9.765376360E0
1.613094389E1,-7.477571070E-2,2.434697002E-1,9.708877563E0,9.712217689E0
1.613310042E1,-7.477571070E-2,2.721835673E-1,9.732806206E0,9.736898476E0
1.613525877E1,-6.520441920E-2,2.769692242E-1,9.813564301E0,9.817688519E0
1.613741513E1,-6.041877344E-2,2.673979402E-1,9.784850121E0,9.788689594E0
1.613957401E1,-7.537391037E-2,2.721835673E-1,9.680164337E0,9.684283490E0
1.614173126E1,-7.956135273E-2,2.626122832E-1,9.704092026E0,9.707970811E0
1.614388864E1,-4.606183618E-2,2.721835673E-1,9.808777809E0,9.812661601E0
1.614604794E1,-6.041877344E-2,2.626122832E-1,9.794421196E0,9.798127485E0
1.614821144E1,-6.520441920E-2,2.482553422E-1,9.708877563E0,9.712269862E0
1.615034996E1,-7.058826834E-2,2.530409992E-1,9.680164337E0,9.683728313E0
1.615251830E1,-7.477571070E-2,2.673979402E-1,9.723235130E0,9.727198696E0
1.615467207E1,-7.477571070E-2,2.769692242E-1,9.794421196E0,9.798621838E0
1.615683588E1,-5.084748194E-2,2.673979402E-1,9.751350403E0,9.755148477E0
1.615899065E1,-6.520441920E-2,2.578266263E-1,9.723235130E0,9.726871418E0
1.616114809E1,-6.041877344E-2,2.721835673E-1,9.741779327E0,9.745768250E0
1.616330135E1,-6.041877344E-2,2.721835673E-1,9.775279045E0,9.779254303E0
1.616544771E1,-6.041877344E-2,2.673979402E-1,9.732806206E0,9.736666202E0
1.616761072E1,-6.999006122E-2,2.578266263E-1,9.708877563E0,9.712552534E0
1.616977533E1,-6.041877344E-2,2.482553422E-1,9.732806206E0,9.736159293E0
1.617192507E1,-6.041877344E-2,2.530409992E-1,9.760921478E0,9.764387758E0
1.617408266E1,-6.520441920E-2,2.673979402E-1,9.756135941E0,9.760017508E0
1.617623800E1,-7.956135273E-2,2.578266263E-1,9.713663101E0,9.717409913E0
1.617839757E1,-8.434699476E-2,2.530409992E-1,9.728020668E0,9.731676643E0
1.618055601E1,-7.477571070E-2,2.530409992E-1,9.728020668E0,9.731598392E0
1.618272005E1,-5.563312769E-2,2.769692242E-1,9.732208252E0,9.736307537E0
1.618486891E1,-6.999006122E-2,2.626122832E-1,9.728020668E0,9.731816374E0
1.618702750E1,-6.999006122E-2,2.769692242E-1,9.718449593E0,9.722647430E0
1.618918187E1,-6.520441920E-2,2.482553422E-1,9.741779327E0,9.745160173E0
1.619134274E1,-6.520441920E-2,2.673979402E-1,9.727422714E0,9.731315735E0
1.619350022E1,-7.477571070E-2,2.673979402E-1,9.732806206E0,9.736765875E0
1.619565804E1,-7.956135273E-2,2.626122832E-1,9.732806206E0,9.736673552E0
1.619781417E1,-7.477571070E-2,2.482553422E-1,9.708877563E0,9.712338836E0
1.619997184E1,-7.956135273E-2,2.578266263E-1,9.704092026E0,9.707842532E0
1.620212802E1,-6.041877344E-2,2.721835673E-1,9.760921478E0,9.764902582E0
1.620428653E1,-7.956135273E-2,2.578266263E-1,9.747162819E0,9.750896759E0
1.620644373E1,-9.391828626E-2,2.530409992E-1,9.713663101E0,9.717412271E0
1.620860325E1,-7.477571070E-2,2.626122832E-1,9.704092026E0,9.707932770E0
1.621075884E1,-8.434699476E-2,2.721835673E-1,9.751948357E0,9.756110652E0
1.621291758E1,-7.956135273E-2,2.673979402E-1,9.784850121E0,9.788826464E0
1.621507770E1,-8.434699476E-2,2.530409992E-1,9.737591743E0,9.741244126E0
1.621723092E1,-7.477571070E-2,2.578266263E-1,9.718449593E0,9.722156575E0
1.621938759E1,-8.913264424E-2,2.578266263E-1,9.713663101E0,9.717492992E0
1.622154491E1,-6.999006122E-2,2.673979402E-1,9.741779327E0,9.745699807E0
1.622370256E1,-8.434699476E-2,2.530409992E-1,9.742377281E0,9.746027870E0
1.622586132E1,-8.494520187E-2,2.482553422E-1,9.684949875E0,9.688503521E0
1.622802112E1,-8.913264424E-2,2.769692242E-1,9.732806206E0,9.737154267E0
1.623018904E1,-6.999006122E-2,2.626122832E-1,9.789635658E0,9.793407484E0
1.623234494E1,-7.956135273E-2,2.530409992E-1,9.760921478E0,9.764524969E0
1.623450308E1,-8.434699476E-2,2.434697002E-1,9.689735413E0,9.693160696E0
1.623665711E1,-6.999006122E-2,2.578266263E-1,9.699306488E0,9.702985083E0
1.623881585E1,-6.999006122E-2,2.626122832E-1,9.770493507E0,9.774272720E0
1.624097215E1,-5.084748194E-2,2.673979402E-1,9.775279045E0,9.779067825E0
1.624313111E1,-6.041877344E-2,2.530409992E-1,9.732208252E0,9.735684754E0
1.624528898E1,-6.520441920E-2,2.673979402E-1,9.713663101E0,9.717561634E0
1.624744307E1,-7.956135273E-2,2.673979402E-1,9.747162819E0,9.751154531E0
1.624959244E1,-6.520441920E-2,2.673979402E-1,9.770493507E0,9.774369374E0
1.625176088E1,-7.477571070E-2,2.482553422E-1,9.737591743E0,9.741042813E0
1.625391676E1,-7.537391037E-2,2.578266263E-1,9.689735413E0,9.693458008E0
1.625607761E1,-6.999006122E-2,2.769692242E-1,9.747162819E0,9.751348295E0
1.625822890E1,-6.041877344E-2,2.769692242E-1,9.751350403E0,9.755470110E0
1.626038030E1,-7.956135273E-2,2.578266263E-1,9.723235130E0,9.726978255E0
1.626254760E1,-6.999006122E-2,2.626122832E-1,9.708877563E0,9.712680751E0
1.626470498E1,-6.999006122E-2,2.673979402E-1,9.742377281E0,9.746297520E0
1.626686390E1,-7.477571070E-2,2.530409992E-1,9.756733894E0,9.760301094E0
1.626901953E1,-7.477571070E-2,2.530409992E-1,9.766305923E0,9.769869628E0
1.627117629E1,-6.041877344E-2,2.769692242E-1,9.751350403E0,9.755470110E0
1.627333552E1,-7.477571070E-2,2.626122832E-1,9.728020668E0,9.731851968E0
1.627549376E1,-7.477571070E-2,2.530409992E-1,9.737591743E0,9.741165953E0
1.627764986E1,-7.477571070E-2,2.673979402E-1,9.732806206E0,9.736765875E0
1.627980274E1,-7.477571070E-2,2.626122832E-1,9.742377281E0,9.746202938E0
1.628194626E1,-7.956135273E-2,2.673979402E-1,9.751948357E0,9.755938111E0
1.628412131E1,-5.084748194E-2,2.721835673E-1,9.737591743E0,9.741527720E0
1.628627895E1,-8.913264424E-2,2.721835673E-1,9.728020668E0,9.732235850E0
1.628844019E1,-6.520441920E-2,2.673979402E-1,9.761520386E0,9.765399813E0
1.629059152E1,-7.477571070E-2,2.673979402E-1,9.761520386E0,9.765468412E0
1.629273792E1,-7.477571070E-2,2.626122832E-1,9.728020668E0,9.731851968E0
1.629489920E1,-6.999006122E-2,2.673979402E-1,9.728020668E0,9.731946690E0
1.629706655E1,-7.956135273E-2,2.530409992E-1,9.756733894E0,9.760338931E0
1.629922662E1,-7.477571070E-2,2.626122832E-1,9.780064583E0,9.783875503E0
1.630138288E1,-7.477571070E-2,2.530409992E-1,9.732806206E0,9.736382172E0
1.630354182E1,-8.913264424E-2,2.673979402E-1,9.728020668E0,9.732103185E0
1.630571175E1,-7.477571070E-2,2.626122832E-1,9.775876999E0,9.779689551E0
1.630787016E1,-7.956135273E-2,2.769692242E-1,9.784850121E0,9.789092595E0
1.631002649E1,-7.477571070E-2,2.482553422E-1,9.747162819E0,9.750610501E0
1.631218202E1,-8.913264424E-2,2.578266263E-1,9.718449593E0,9.722277597E0
1.631433287E1,-6.520441920E-2,2.673979402E-1,9.770493507E0,9.774369374E0
1.631646772E1,-7.956135273E-2,2.769692242E-1,9.794421196E0,9.798659527E0
1.631863473E1,-8.913264424E-2,2.626122832E-1,9.761520386E0,9.765459031E0
1.632078366E1,-8.913264424E-2,2.578266263E-1,9.728020668E0,9.731844908E0
1.632294599E1,-7.956135273E-2,2.673979402E-1,9.775279045E0,9.779259281E0
1.632510059E1,-7.477571070E-2,2.721835673E-1,9.794421196E0,9.798487734E0
1.632725924E1,-5.563312769E-2,2.578266263E-1,9.770493507E0,9.774053048E0
1.632941876E1,-7.477571070E-2,2.578266263E-1,9.742377281E0,9.746075162E0
1.633157596E1,-7.477571070E-2,2.673979402E-1,9.770493507E0,9.774437909E0
1.633373356E1,-6.520441920E-2,2.530409992E-1,9.799206734E0,9.802690140E0
1.633588972E1,-6.520441920E-2,2.673979402E-1,9.760921478E0,9.764801144E0
1.633804830E1,-6.520441920E-2,2.673979402E-1,9.765707016E0,9.769584781E0
1.634020492E1,-6.041877344E-2,2.578266263E-1,9.775279045E0,9.778865241E0
1.634236329E1,-6.999006122E-2,2.578266263E-1,9.780064583E0,9.783712814E0
1.634452026E1,-6.999006122E-2,2.626122832E-1,9.784850121E0,9.788623790E0
1.634667948E1,-7.477571070E-2,2.673979402E-1,9.780064583E0,9.784005126E0
1.634884038E1,-6.041877344E-2,2.721835673E-1,9.765707016E0,9.769686169E0
1.635099260E1,-6.999006122E-2,2.482553422E-1,9.751350403E0,9.754761094E0
1.635314961E1,-6.520441920E-2,2.673979402E-1,9.765707016E0,9.769584781E0
1.635530628E1,-6.041877344E-2,2.673979402E-1,9.794421196E0,9.798256919E0
1.635746411E1,-5.563312769E-2,2.673979402E-1,9.789635658E0,9.793444901E0
1.635962202E1,-6.520441920E-2,2.721835673E-1,9.736993790E0,9.741015531E0
1.636177882E1,-6.999006122E-2,2.578266263E-1,9.737591743E0,9.741255881E0
1.636393762E1,-5.084748194E-2,2.769692242E-1,9.803992271E0,9.808035577E0
1.636609509E1,-7.477571070E-2,2.673979402E-1,9.803992271E0,9.807923201E0
1.636825320E1,-8.434699476E-2,2.578266263E-1,9.728020668E0,9.731802254E0
1.637040855E1,-1.034895778E-1,2.530409992E-1,9.737591743E0,9.741428684E0
1.637256726E1,-6.939185411E-2,2.769692242E-1,9.818349838E0,9.822500737E0
1.637472431E1,-7.477571070E-2,2.673979402E-1,9.808777809E0,9.812706822E0
1.637688211E1,-8.913264424E-2,2.673979402E-1,9.742377281E0,9.746453785E0
1.637903843E1,-8.434699476E-2,2.673979402E-1,9.728020668E0,9.732060532E0
1.638119708E1,-7.956135273E-2,2.721835673E-1,9.799206734E0,9.803308957E0
1.638335413E1,-8.374879509E-2,2.721835673E-1,9.827920914E0,9.832045934E0
1.638551165E1,-7.477571070E-2,2.626122832E-1,9.760921478E0,9.764739870E0
1.638766901E1,-8.434699476E-2,2.578266263E-1,9.718449593E0,9.722234901E0
1.638982793E1,-7.477571070E-2,2.769692242E-1,9.760921478E0,9.765136531E0
1.639198340E1,-6.999006122E-2,2.769692242E-1,9.799206734E0,9.803369990E0
1.639414160E1,-7.477571070E-2,2.626122832E-1,9.770493507E0,9.774308159E0
1.639629817E1,-8.434699476E-2,2.578266263E-1,9.728020668E0,9.731802254E0
1.639845703E1,-6.999006122E-2,2.578266263E-1,9.760921478E0,9.764576861E0
1.640061382E1,-7.956135273E-2,2.578266263E-1,9.799206734E0,9.802920850E0
1.640277095E1,-6.999006122E-2,2.721835673E-1,9.780064583E0,9.784101683E0
1.640492702E1,-7.477571070E-2,2.769692242E-1,9.723235130E0,9.727466513E0
1.640708641E1,-8.434699476E-2,2.578266263E-1,9.723235130E0,9.727018576E0
1.640924276E1,-7.956135273E-2,2.673979402E-1,9.789635658E0,9.793610059E0
1.641140137E1,-6.041877344E-2,2.626122832E-1,9.789635658E0,9.793343758E0
1.641355634E1,-7.956135273E-2,2.721835673E-1,9.737591743E0,9.741719913E0
1.641571168E1,-6.999006122E-2,2.578266263E-1,9.732806206E0,9.736472144E0
1.641787334E1,-7.956135273E-2,2.721835673E-1,9.780064583E0,9.784174832E0
1.642003052E1,-5.084748194E-2,2.721835673E-1,9.780064583E0,9.783983473E0
1.642218877E1,-6.999006122E-2,2.578266263E-1,9.765707016E0,9.769360609E0
1.642434400E1,-6.520441920E-2,2.578266263E-1,9.737591743E0,9.741222672E0
1.642649636E1,-6.999006122E-2,2.578266263E-1,9.765707016E0,9.769360609E0
1.642866071E1,-6.999006122E-2,2.626122832E-1,9.770493507E0,9.774272720E0
1.643081731E1,-6.999006122E-2,2.673979402E-1,9.765707016E0,9.769617894E0
1.643297717E1,-6.520441920E-2,2.434697002E-1,9.732806206E0,9.736069317E0
1.643513246E1,-7.477571070E-2,2.530409992E-1,9.751948357E0,9.755517306E0
1.643728978E1,-7.477571070E-2,2.578266263E-1,9.756733894E0,9.760426336E0
1.643944677E1,-7.956135273E-2,2.626122832E-1,9.761520386E0,9.765376360E0
1.644160480E1,-7.477571070E-2,2.626122832E-1,9.784850121E0,9.788659178E0
1.644376187E1,-7.956135273E-2,2.673979402E-1,9.751948357E0,9.755938111E0
1.644592117E1,-6.999006122E-2,2.721835673E-1,9.746564865E0,9.750615836E0
1.644807594E1,-6.999006122E-2,2.673979402E-1,9.756135941E0,9.760050653E0
1.645023478E1,-6.999006122E-2,2.626122832E-1,9.765707016E0,9.769488080E0
1.645239222E1,-8.913264424E-2,2.626122832E-1,9.761520386E0,9.765459031E0
1.645455032E1,-7.477571070E-2,2.626122832E-1,9.742377281E0,9.746202938E0
1.645670712E1,-7.477571070E-2,2.434697002E-1,9.742377281E0,9.745705926E0
1.645886568E1,-8.434699476E-2,2.673979402E-1,9.751948357E0,9.755978312E0
1.646102094E1,-6.999006122E-2,2.769692242E-1,9.747162819E0,9.751348295E0
1.646318019E1,-7.477571070E-2,2.626122832E-1,9.766305923E0,9.770122211E0
1.646533934E1,-8.913264424E-2,2.626122832E-1,9.756733894E0,9.760674471E0
1.646749542E1,-7.956135273E-2,2.721835673E-1,9.742377281E0,9.746503424E0
1.646965282E1,-7.477571070E-2,2.673979402E-1,9.747162819E0,9.751116658E0
1.647180922E1,-7.956135273E-2,2.673979402E-1,9.766305923E0,9.770289814E0
1.647396573E1,-6.999006122E-2,2.530409992E-1,9.737591743E0,9.741130392E0
1.647612384E1,-7.477571070E-2,2.530409992E-1,9.737591743E0,9.741165953E0
1.647828121E1,-7.477571070E-2,2.626122832E-1,9.742377281E0,9.746202938E0
1.648044006E1,-7.956135273E-2,2.530409992E-1,9.751948357E0,9.755555161E0
1.648259478E1,-7.477571070E-2,2.578266263E-1,9.751948357E0,9.755642610E0
1.648475423E1,-6.520441920E-2,2.626122832E-1,9.732806206E0,9.736566821E0
1.648691347E1,-7.956135273E-2,2.530409992E-1,9.728020668E0,9.731636341E0
1.648908072E1,-7.477571070E-2,2.721835673E-1,9.742377281E0,9.746465533E0
1.649123571E1,-6.999006122E-2,2.626122832E-1,9.737591743E0,9.741383720E0
1.649339022E1,-7.477571070E-2,2.721835673E-1,9.728020668E0,9.732114951E0
1.649554944E1,-7.477571070E-2,2.721835673E-1,9.737591743E0,9.741682004E0
1.649770789E1,-5.563312769E-2,2.721835673E-1,9.770493507E0,9.774442302E0
1.649986561E1,-6.041877344E-2,2.482553422E-1,9.742377281E0,9.745727076E0
1.650202319E1,-6.999006122E-2,2.482553422E-1,9.723235130E0,9.726655680E0
1.650418034E1,-7.956135273E-2,2.817548811E-1,9.718449593E0,9.722858546E0
1.650633792E1,-6.041877344E-2,2.673979402E-1,9.775279045E0,9.779122276E0
1.650849176E1,-7.956135273E-2,2.626122832E-1,9.742377281E0,9.746240830E0
1.651064291E1,-7.058826834E-2,2.626122832E-1,9.684949875E0,9.688766794E0
1.651280926E1,-6.520441920E-2,2.578266263E-1,9.713663101E0,9.717302971E0
1.651496739E1,-6.999006122E-2,2.721835673E-1,9.760921478E0,9.764966493E0
1.651712648E1,-6.520441920E-2,2.530409992E-1,9.756733894E0,9.760232459E0
1.651928263E1,-6.999006122E-2,2.578266263E-1,9.699306488E0,9.702985083E0
1.652144002E1,-6.999006122E-2,2.482553422E-1,9.708877563E0,9.712303170E0
1.652359734E1,-6.999006122E-2,2.721835673E-1,9.751948357E0,9.755997092E0
1.652575445E1,-6.520441920E-2,2.673979402E-1,9.770493507E0,9.774369374E0
1.652791182E1,-7.477571070E-2,2.482553422E-1,9.742377281E0,9.745826656E0
1.653006854E1,-6.520441920E-2,2.578266263E-1,9.713663101E0,9.717302971E0
1.653222675E1,-6.520441920E-2,2.721835673E-1,9.751350403E0,9.755366225E0
1.653438320E1,-7.956135273E-2,2.673979402E-1,9.756733894E0,9.760721692E0
1.653654044E1,-8.434699476E-2,2.578266263E-1,9.742377281E0,9.746153296E0
1.653868550E1,-8.434699476E-2,2.530409992E-1,9.728020668E0,9.731676643E0
1.654084274E1,-7.956135273E-2,2.482553422E-1,9.732806206E0,9.736296902E0
1.654299998E1,-7.956135273E-2,2.530409992E-1,9.766305923E0,9.769907428E0
1.654515721E1,-8.913264424E-2,2.482553422E-1,9.732806206E0,9.736379819E0
1.654731445E1,-7.956135273E-2,2.530409992E-1,9.737591743E0,9.741203864E0
1.654947169E1,-7.477571070E-2,2.578266263E-1,9.728020668E0,9.731724004E0
1.655162892E1,-7.956135273E-2,2.626122832E-1,9.756733894E0,9.760591760E0
1.655379448E1,-7.956135273E-2,2.482553422E-1,9.766305923E0,9.769784650E0
1.655596107E1,-7.956135273E-2,2.530409992E-1,9.718449593E0,9.722068825E0
1.655811396E1,-6.999006122E-2,2.626122832E-1,9.723235130E0,9.727032704E0
1.656025921E1,-8.434699476E-2,2.482553422E-1,9.747162819E0,9.750688599E0
1.656243070E1,-6.999006122E-2,2.626122832E-1,9.737591743E0,9.741383720E0
1.656458739E1,-8.913264424E-2,2.434697002E-1,9.747162819E0,9.750610501E0
1.656674979E1,-7.956135273E-2,2.530409992E-1,9.728020668E0,9.731636341E0
1.656890094E1,-6.999006122E-2,2.578266263E-1,9.742377281E0,9.746039620E0
1.657105573E1,-6.520441920E-2,2.578266263E-1,9.742377281E0,9.746006427E0
1.657321748E1,-7.956135273E-2,2.673979402E-1,9.766305923E0,9.770289814E0
1.657537178E1,-7.956135273E-2,2.673979402E-1,9.751948357E0,9.755938111E0
1.657753342E1,-8.434699476E-2,2.530409992E-1,9.737591743E0,9.741244126E0
1.657968552E1,-6.999006122E-2,2.578266263E-1,9.742377281E0,9.746039620E0
1.658182928E1,-7.956135273E-2,2.530409992E-1,9.775876999E0,9.779474978E0
1.658400287E1,-6.999006122E-2,2.626122832E-1,9.770493507E0,9.774272720E0
1.658615173E1,-8.434699476E-2,2.530409992E-1,9.742377281E0,9.746027870E0
1.658832523E1,-8.434699476E-2,2.673979402E-1,9.713663101E0,9.717708934E0
1.659047778E1,-6.520441920E-2,2.530409992E-1,9.765707016E0,9.769202367E0
1.659263759E1,-6.999006122E-2,2.578266263E-1,9.799206734E0,9.802847841E0
1.659479194E1,-7.477571070E-2,2.626122832E-1,9.742377281E0,9.746202938E0
1.659695076E1,-7.956135273E-2,2.434697002E-1,9.732806206E0,9.736176053E0
1.659910648E1,-6.999006122E-2,2.626122832E-1,9.780064583E0,9.783840098E0
1.660126480E1,-6.520441920E-2,2.673979402E-1,9.803992271E0,9.807854900E0
1.660342310E1,-6.520441920E-2,2.626122832E-1,9.765707016E0,9.769454967E0
1.660558825E1,-7.477571070E-2,2.530409992E-1,9.708877563E0,9.712462340E0
1.660773756E1,-6.999006122E-2,2.673979402E-1,9.760921478E0,9.764834273E0
1.660989598E1,-7.477571070E-2,2.721835673E-1,9.794421196E0,9.798487734E0
1.661204894E1,-7.477571070E-2,2.578266263E-1,9.775279045E0,9.778964484E0
1.661421028E1,-7.956135273E-2,2.386840582E-1,9.713663101E0,9.716920857E0
1.661636990E1,-6.041877344E-2,2.673979402E-1,9.736993790E0,9.740852126E0
1.661852441E1,-7.477571070E-2,2.673979402E-1,9.799206734E0,9.803139583E0
1.662068077E1,-6.520441920E-2,2.673979402E-1,9.765707016E0,9.769584781E0
1.662283701E1,-7.956135273E-2,2.626122832E-1,9.728020668E0,9.731889916E0
1.662498722E1,-5.563312769E-2,2.626122832E-1,9.756135941E0,9.759828315E0
1.662713791E1,-7.477571070E-2,2.578266263E-1,9.775279045E0,9.778964484E0
1.662931061E1,-7.477571070E-2,2.578266263E-1,9.765707016E0,9.769396066E0
1.663147000E1,-8.434699476E-2,2.578266263E-1,9.737591743E0,9.741369614E0
1.663362947E1,-7.956135273E-2,2.721835673E-1,9.765707016E0,9.769823306E0
1.663577886E1,-7.956135273E-2,2.673979402E-1,9.765707016E0,9.769691151E0
1.663792076E1,-7.477571070E-2,2.578266263E-1,9.751948357E0,9.755642610E0
1.664009887E1,-7.477571070E-2,2.626122832E-1,9.770493507E0,9.774308159E0
1.664225618E1,-7.956135273E-2,2.673979402E-1,9.770493507E0,9.774475692E0
1.664441839E1,-7.956135273E-2,2.626122832E-1,9.770493507E0,9.774345942E0
1.664656976E1,-7.956135273E-2,2.578266263E-1,9.775279045E0,9.779002249E0
1.664872724E1,-8.913264424E-2,2.673979402E-1,9.775279045E0,9.779341833E0
1.665088491E1,-6.999006122E-2,2.673979402E-1,9.789635658E0,9.793536981E0
1.665304325E1,-7.477571070E-2,2.673979402E-1,9.775279045E0,9.779221517E0
1.665519997E1,-9.870393574E-2,2.626122832E-1,9.780662537E0,9.784685347E0
1.665735584E1,-7.477571070E-2,2.769692242E-1,9.780064583E0,9.784271388E0
1.665950546E1,-7.956135273E-2,2.769692242E-1,9.789635658E0,9.793876060E0
1.666167304E1,-6.520441920E-2,2.673979402E-1,9.760921478E0,9.764801144E0
1.666382980E1,-7.477571070E-2,2.626122832E-1,9.746564865E0,9.750388879E0
1.666599153E1,-8.434699476E-2,2.626122832E-1,9.770493507E0,9.774386068E0
1.666814369E1,-7.477571070E-2,2.578266263E-1,9.808777809E0,9.812450667E0
1.667030028E1,-6.520441920E-2,2.578266263E-1,9.789635658E0,9.793247291E0
1.667245885E1,-7.477571070E-2,2.578266263E-1,9.723235130E0,9.726940288E0
1.667461793E1,-7.477571070E-2,2.626122832E-1,9.765707016E0,9.769523537E0
1.667677572E1,-7.477571070E-2,2.530409992E-1,9.803992271E0,9.807542282E0
1.667893248E1,-6.520441920E-2,2.578266263E-1,9.760921478E0,9.764543732E0
1.668108893E1,-7.477571070E-2,2.673979402E-1,9.751350403E0,9.755302545E0
1.668324576E1,-6.520441920E-2,2.626122832E-1,9.760921478E0,9.764671266E0
1.668540113E1,-7.956135273E-2,2.578266263E-1,9.770493507E0,9.774218534E0
1.668757877E1,-7.477571070E-2,2.721835673E-1,9.770493507E0,9.774570000E0
1.668973507E1,-7.477571070E-2,2.626122832E-1,9.736993790E0,9.740821561E0
1.669189531E1,-6.520441920E-2,2.578266263E-1,9.741779327E0,9.745408696E0
1.669404762E1,-7.956135273E-2,2.578266263E-1,9.756135941E0,9.759866447E0
1.669620528E1,-6.041877344E-2,2.482553422E-1,9.780064583E0,9.783401473E0
1.669835457E1,-6.999006122E-2,2.578266263E-1,9.765707016E0,9.769360609E0
1.670049178E1,-6.520441920E-2,2.721835673E-1,9.736993790E0,9.741015531E0
1.670266895E1,-7.956135273E-2,2.673979402E-1,9.756135941E0,9.760123983E0
1.670480533E1,-6.041877344E-2,2.673979402E-1,9.794421196E0,9.798256919E0
1.670699861E1,-7.956135273E-2,2.721835673E-1,9.770493507E0,9.774607781E0
1.670914685E1,-7.956135273E-2,2.626122832E-1,9.751350403E0,9.755210397E0
1.671130203E1,-7.956135273E-2,2.578266263E-1,9.760921478E0,9.764650157E0
1.671346496E1,-6.520441920E-2,2.626122832E-1,9.784850121E0,9.788590742E0
1.671562236E1,-7.477571070E-2,2.530409992E-1,9.760921478E0,9.764487148E0
1.671778263E1,-8.434699476E-2,2.721835673E-1,9.736993790E0,9.741162475E0
1.671993612E1,-8.434699476E-2,2.578266263E-1,9.741779327E0,9.745555574E0
1.672209386E1,-6.520441920E-2,2.769692242E-1,9.780064583E0,9.784202922E0
1.672424779E1,-7.956135273E-2,2.769692242E-1,9.775279045E0,9.779525672E0
1.672639742E1,-6.999006122E-2,2.817548811E-1,9.727422714E0,9.731754060E0
1.672856044E1,-7.477571070E-2,2.578266263E-1,9.736993790E0,9.740693714E0
1.673069751E1,-6.999006122E-2,2.817548811E-1,9.780064583E0,9.784372625E0
1.673288421E1,-7.477571070E-2,2.769692242E-1,9.775279045E0,9.779487909E0
1.673503975E1,-8.913264424E-2,2.530409992E-1,9.723235130E0,9.726935580E0
1.673719875E1,-7.477571070E-2,2.673979402E-1,9.704092026E0,9.708063407E0
1.673934094E1,-8.913264424E-2,2.626122832E-1,9.789635658E0,9.793562996E0
1.674151050E1,-6.041877344E-2,2.626122832E-1,9.780064583E0,9.783776310E0
1.674366905E1,-7.956135273E-2,2.482553422E-1,9.723235130E0,9.726729261E0
1.674582950E1,-8.913264424E-2,2.673979402E-1,9.704092026E0,9.708184605E0
1.674797995E1,-7.477571070E-2,2.673979402E-1,9.760921478E0,9.764869747E0
1.675013250E1,-6.520441920E-2,2.530409992E-1,9.741779327E0,9.745283260E0
1.675232206E1,-7.477571070E-2,2.721835673E-1,9.718449593E0,9.722547906E0
1.675445506E1,-6.999006122E-2,2.673979402E-1,9.723235130E0,9.727163084E0
1.675661660E1,-6.999006122E-2,2.578266263E-1,9.780064583E0,9.783712814E0
1.675875582E1,-5.084748194E-2,2.578266263E-1,9.741779327E0,9.745323212E0
1.676088265E1,-7.956135273E-2,2.578266263E-1,9.728020668E0,9.731761952E0
1.676306705E1,-6.999006122E-2,2.530409992E-1,9.732806206E0,9.736346594E0
1.676521707E1,-6.999006122E-2,2.673979402E-1,9.751350403E0,9.755267036E0
1.676738690E1,-7.477571070E-2,2.626122832E-1,9.756135941E0,9.759956204E0
1.676955729E1,-7.477571070E-2,2.769692242E-1,9.737591743E0,9.741816890E0
1.677173605E1,-6.520441920E-2,2.626122832E-1,9.723235130E0,9.726999446E0
1.677387346E1,-7.477571070E-2,2.578266263E-1,9.747162819E0,9.750858885E0
1.677603128E1,-6.999006122E-2,2.530409992E-1,9.723235130E0,9.726779002E0
1.677818302E1,-6.041877344E-2,2.721835673E-1,9.727422714E0,9.731417522E0
1.678034026E1,-6.041877344E-2,2.673979402E-1,9.770493507E0,9.774338620E0
1.678248287E1,-5.563312769E-2,2.673979402E-1,9.780064583E0,9.783877552E0
1.678465619E1,-7.477571070E-2,2.530409992E-1,9.718449593E0,9.722030839E0
1.678680458E1,-7.956135273E-2,2.721835673E-1,9.699306488E0,9.703450946E0
1.678897867E1,-6.520441920E-2,2.673979402E-1,9.780064583E0,9.783936658E0
1.679113195E1,-5.563312769E-2,2.769692242E-1,9.780064583E0,9.784143817E0
1.679329116E1,-6.520441920E-2,2.578266263E-1,9.713663101E0,9.717302971E0
1.679544400E1,-7.477571070E-2,2.626122832E-1,9.699306488E0,9.703149126E0
1.679759050E1,-5.563312769E-2,2.482553422E-1,9.760921478E0,9.764236471E0
1.679975948E1,-6.041877344E-2,2.530409992E-1,9.784850121E0,9.788307926E0
1.680190490E1,-7.477571070E-2,2.578266263E-1,9.732806206E0,9.736507722E0
1.680407548E1,-8.434699476E-2,2.673979402E-1,9.694520950E0,9.698574768E0
1.680623026E1,-7.477571070E-2,2.673979402E-1,9.770493507E0,9.774437909E0
1.680839492E1,-6.520441920E-2,2.626122832E-1,9.780064583E0,9.783807034E0
1.681054607E1,-7.477571070E-2,2.434697002E-1,9.737591743E0,9.740922023E0
1.681269483E1,-8.434699476E-2,2.530409992E-1,9.728020668E0,9.731676643E0
1.681486075E1,-7.477571070E-2,2.769692242E-1,9.765707016E0,9.769920004E0
1.681700872E1,-7.956135273E-2,2.626122832E-1,9.770493507E0,9.774345942E0
1.681918168E1,-7.956135273E-2,2.626122832E-1,9.737591743E0,9.741457190E0
1.682133283E1,-8.434699476E-2,2.578266263E-1,9.723235130E0,9.727018576E0
1.682348013E1,-6.999006122E-2,2.673979402E-1,9.775279045E0,9.779186095E0
1.682563821E1,-7.477571070E-2,2.530409992E-1,9.770493507E0,9.774055685E0
1.682780766E1,-6.041877344E-2,2.530409992E-1,9.728020668E0,9.731498666E0
1.682997007E1,-6.520441920E-2,2.434697002E-1,9.732806206E0,9.736069317E0
1.683212708E1,-7.477571070E-2,2.626122832E-1,9.770493507E0,9.774308159E0
1.683427488E1,-7.956135273E-2,2.626122832E-1,9.756135941E0,9.759994043E0
1.683640688E1,-6.999006122E-2,2.434697002E-1,9.742377281E0,9.745670382E0
1.683857213E1,-7.477571070E-2,2.530409992E-1,9.751948357E0,9.755517306E0
1.684075255E1,-7.477571070E-2,2.530409992E-1,9.751948357E0,9.755517306E0
1.684291691E1,-6.520441920E-2,2.721835673E-1,9.751350403E0,9.755366225E0
1.684507296E1,-7.477571070E-2,2.578266263E-1,9.728020668E0,9.731724004E0
1.684722981E1,-7.956135273E-2,2.578266263E-1,9.742377281E0,9.746113054E0
1.684939618E1,-6.999006122E-2,2.721835673E-1,9.770493507E0,9.774534561E0
1.685152753E1,-7.477571070E-2,2.578266263E-1,9.765707016E0,9.769396066E0
1.685369689E1,-7.477571070E-2,2.578266263E-1,9.737591743E0,9.741291441E0
1.685585099E1,-8.434699476E-2,2.673979402E-1,9.789635658E0,9.793650106E0
1.685801182E1,-8.434699476E-2,2.721835673E-1,9.803992271E0,9.808132481E0
1.686015724E1,-7.477571070E-2,2.482553422E-1,9.742377281E0,9.745826656E0
1.686232710E1,-7.477571070E-2,2.578266263E-1,9.723235130E0,9.726940288E0
1.686448542E1,-7.956135273E-2,2.530409992E-1,9.761520386E0,9.765123655E0
1.686664604E1,-5.982056633E-2,2.673979402E-1,9.832706451E0,9.836523589E0
1.686879912E1,-5.563312769E-2,2.578266263E-1,9.775279045E0,9.778836844E0
1.687095424E1,-8.494520187E-2,2.482553422E-1,9.689735413E0,9.693287305E0
1.687311231E1,-7.956135273E-2,2.721835673E-1,9.766305923E0,9.770421961E0
1.687525848E1,-7.477571070E-2,2.769692242E-1,9.823135376E0,9.827323744E0
1.687743017E1,-6.999006122E-2,2.626122832E-1,9.756733894E0,9.760518434E0
1.687958626E1,-8.494520187E-2,2.386840582E-1,9.694520950E0,9.697830800E0
1.688174582E1,-7.477571070E-2,2.578266263E-1,9.775876999E0,9.779562213E0
1.688388779E1,-7.417750359E-2,2.578266263E-1,9.832706451E0,9.836365845E0
1.688605443E1,-8.913264424E-2,2.721835673E-1,9.775876999E0,9.780071555E0
1.688821590E1,-8.434699476E-2,2.434697002E-1,9.708877563E0,9.712296096E0
1.689037727E1,-7.956135273E-2,2.673979402E-1,9.737591743E0,9.741587377E0
1.689253204E1,-6.939185411E-2,2.673979402E-1,9.837491989E0,9.841370104E0
1.689468937E1,-6.460621208E-2,2.769692242E-1,9.827920914E0,9.832035161E0
1.689684548E1,-6.999006122E-2,2.434697002E-1,9.751948357E0,9.755238226E0
1.689900087E1,-8.913264424E-2,2.578266263E-1,9.704092026E0,9.707925692E0
1.690114768E1,-6.520441920E-2,2.626122832E-1,9.756733894E0,9.760485291E0
1.690331918E1,-6.041877344E-2,2.673979402E-1,9.813564301E0,9.817392544E0
1.690547583E1,-7.477571070E-2,2.578266263E-1,9.728020668E0,9.731724004E0
1.690763708E1,-8.434699476E-2,2.578266263E-1,9.704092026E0,9.707882932E0
1.690979033E1,-8.434699476E-2,2.530409992E-1,9.780662537E0,9.784298841E0
1.691194842E1,-8.913264424E-2,2.721835673E-1,9.795019150E0,9.799205512E0
1.691409817E1,-6.999006122E-2,2.578266263E-1,9.751948357E0,9.755607102E0
1.691623640E1,-7.956135273E-2,2.673979402E-1,9.718449593E0,9.722453093E0
1.691842135E1,-7.477571070E-2,2.721835673E-1,9.784850121E0,9.788920634E0
1.692057850E1,-8.434699476E-2,2.769692242E-1,9.771091461E0,9.775380029E0
1.692273363E1,-9.870393574E-2,2.578266263E-1,9.708877563E0,9.712801891E0
1.692486038E1,-9.391828626E-2,2.817548811E-1,9.761520386E0,9.766037410E0
1.692704156E1,-7.477571070E-2,2.673979402E-1,9.799206734E0,9.803139583E0
1.692916556E1,-8.913264424E-2,2.721835673E-1,9.751948357E0,9.756153201E0
1.693134176E1,-7.956135273E-2,2.578266263E-1,9.723235130E0,9.726978255E0
1.693352088E1,-7.477571070E-2,2.482553422E-1,9.704092026E0,9.707555005E0
1.693568566E1,-8.973085135E-2,2.386840582E-1,9.661619186E0,9.664983549E0
1.693783252E1,-9.451649338E-2,2.482553422E-1,9.675378799E0,9.679024692E0
1.693999476E1,-9.391828626E-2,2.530409992E-1,9.713663101E0,9.717412271E0
1.694215343E1,-8.434699476E-2,2.769692242E-1,9.704092026E0,9.708410190E0
1.694431133E1,-7.477571070E-2,2.673979402E-1,9.699306488E0,9.703279828E0
1.694646946E1,-7.477571070E-2,2.769692242E-1,9.689735413E0,9.693981418E0
1.694862860E1,-6.041877344E-2,2.673979402E-1,9.675378799E0,9.679261697E0
1.695077152E1,-5.563312769E-2,2.721835673E-1,9.679565430E0,9.683551303E0
1.695294275E1,-4.666004330E-2,2.721835673E-1,9.661021233E0,9.664967269E0
1.695507912E1,-3.708875179E-2,2.626122832E-1,9.627521515E0,9.631173932E0
1.695724075E1,-5.623133108E-2,2.578266263E-1,9.646664619E0,9.650273302E0
1.695939328E1,-6.999006122E-2,2.626122832E-1,9.684949875E0,9.688762454E0
1.696154898E1,-5.084748194E-2,2.626122832E-1,9.689137459E0,9.692829070E0
1.696373076E1,-8.494520187E-2,2.482553422E-1,9.622735977E0,9.626312590E0
1.696589063E1,-8.973085135E-2,2.626122832E-1,9.608379364E0,9.612386324E0
1.696806481E1,-8.973085135E-2,2.578266263E-1,9.646664619E0,9.650526642E0
1.697019875E1,-9.451649338E-2,2.578266263E-1,9.617950439E0,9.621869808E0
1.697235342E1,-1.040877849E-1,2.530409992E-1,9.556335449E0,9.560251630E0
1.697451534E1,-8.494520187E-2,2.578266263E-1,9.561120987E0,9.564973852E0
1.697669500E1,-7.537391037E-2,2.626122832E-1,9.594022751E0,9.597912220E0
1.697882888E1,-8.015955985E-2,2.530409992E-1,9.574879646E0,9.578558114E0
1.698098619E1,-6.580262631E-2,2.673979402E-1,9.555737495E0,9.559704531E0
1.698313359E1,-6.101697683E-2,2.386840582E-1,9.546764374E0,9.549942574E0
1.698528837E1,-5.682953820E-2,2.626122832E-1,9.522835732E0,9.526625592E0
1.698745920E1,-6.161518395E-2,2.482553422E-1,9.541978836E0,9.545406605E0
1.698961653E1,-5.623133108E-2,2.626122832E-1,9.541379929E0,9.545158884E0
1.699177663E1,-5.623133108E-2,2.626122832E-1,9.546165466E0,9.549942528E0
1.699393034E1,-5.623133108E-2,2.578266263E-1,9.546165466E0,9.549812126E0
1.699608792E1,-6.640082598E-2,2.626122832E-1,9.527621269E0,9.531471100E0
1.699824077E1,-8.075776696E-2,2.626122832E-1,9.503693581E0,9.507664209E0
1.700038220E1,-7.597211748E-2,2.721835673E-1,9.518050194E0,9.522244229E0
1.700255764E1,-7.597211748E-2,2.578266263E-1,9.537193298E0,9.540980156E0
1.700470503E1,-7.597211748E-2,2.578266263E-1,9.513264656E0,9.517061035E0
1.700687557E1,-1.046859920E-1,2.386840582E-1,9.461220741E0,9.464809937E0
1.700900606E1,-9.511470050E-2,2.482553422E-1,9.494720459E0,9.498441668E0
1.701117837E1,-9.511470050E-2,2.482553422E-1,9.522835732E0,9.526545958E0
1.701332933E1,-8.075776696E-2,2.530409992E-1,9.456435204E0,9.460164815E0
1.701549006E1,-7.657032460E-2,2.338984162E-1,9.413364410E0,9.416581174E0
1.701764860E1,-7.597211748E-2,2.530409992E-1,9.456435204E0,9.460125172E0
1.701980742E1,-6.640082598E-2,2.626122832E-1,9.508479118E0,9.512336696E0
1.702196591E1,-4.725824669E-2,2.482553422E-1,9.451051712E0,9.454429783E0
1.702412005E1,-8.614161611E-2,2.338984162E-1,9.346963882E0,9.350286769E0
1.702627060E1,-7.178468257E-2,2.530409992E-1,9.413364410E0,9.417038404E0
1.702843687E1,-5.682953820E-2,2.578266263E-1,9.527621269E0,9.531278572E0
1.703059341E1,-6.161518395E-2,2.578266263E-1,9.494122505E0,9.497822547E0
1.703275373E1,-7.118647546E-2,2.386840582E-1,9.442078590E0,9.445363185E0
1.703490815E1,-6.640082598E-2,2.530409992E-1,9.432506561E0,9.436133681E0
1.703706692E1,-7.597211748E-2,2.673979402E-1,9.518050194E0,9.522108638E0
1.703922426E1,-7.597211748E-2,2.626122832E-1,9.518050194E0,9.521975450E0
1.704138157E1,-8.554340899E-2,2.482553422E-1,9.451649666E0,9.455296389E0
1.704353802E1,-8.135596663E-2,2.626122832E-1,9.432506561E0,9.436512281E0
1.704569616E1,-8.554340899E-2,2.530409992E-1,9.498908043E0,9.502662860E0
1.704785222E1,-8.554340899E-2,2.482553422E-1,9.508479118E0,9.512104054E0
1.705000729E1,-9.092725813E-2,2.338984162E-1,9.413364410E0,9.416708860E0
1.705216142E1,-8.614161611E-2,2.291127741E-1,9.370293617E0,9.373490039E0
1.705432654E1,-6.640082598E-2,2.626122832E-1,9.451649666E0,9.455530429E0
1.705648452E1,-6.161518395E-2,2.434697002E-1,9.479764938E0,9.483091121E0
1.705864016E1,-4.725824669E-2,2.386840582E-1,9.432506561E0,9.435644305E0
1.706078720E1,-6.699903309E-2,2.386840582E-1,9.413364410E0,9.416628296E0
1.706295564E1,-5.204389244E-2,2.578266263E-1,9.470193863E0,9.473845837E0
1.706511227E1,-5.204389244E-2,2.578266263E-1,9.518050194E0,9.521683813E0
1.706727331E1,-4.247260094E-2,2.530409992E-1,9.451051712E0,9.454533946E0
1.706942480E1,-5.742774159E-2,2.434697002E-1,9.422935486E0,9.426255280E0
1.707157656E1,-5.682953820E-2,2.434697002E-1,9.498908043E0,9.502197698E0
1.707374327E1,-6.640082598E-2,2.482553422E-1,9.556335449E0,9.559790113E0
1.707590071E1,-7.118647546E-2,2.482553422E-1,9.513264656E0,9.516769549E0
1.707806005E1,-6.640082598E-2,2.386840582E-1,9.508479118E0,9.511706172E0
1.708021158E1,-7.597211748E-2,2.482553422E-1,9.503693581E0,9.507239039E0
1.708235259E1,-8.554340899E-2,2.482553422E-1,9.532406807E0,9.536022647E0
1.708453025E1,-6.161518395E-2,2.530409992E-1,9.551549911E0,9.555099784E0
1.708668636E1,-6.640082598E-2,2.482553422E-1,9.527621269E0,9.531086341E0
1.708885016E1,-7.597211748E-2,2.434697002E-1,9.494122505E0,9.497547652E0
1.709099999E1,-7.118647546E-2,2.386840582E-1,9.513264656E0,9.516524681E0
1.709314980E1,-6.161518395E-2,2.434697002E-1,9.541978836E0,9.545283340E0
1.709531649E1,-5.682953820E-2,2.482553422E-1,9.546764374E0,9.550160748E0
1.709747455E1,-7.118647546E-2,2.386840582E-1,9.537193298E0,9.540445147E0
1.709963381E1,-6.640082598E-2,2.386840582E-1,9.541978836E0,9.545194564E0
1.710178922E1,-7.058826834E-2,2.530409992E-1,9.556335449E0,9.559945589E0
1.710394379E1,-7.597211748E-2,2.386840582E-1,9.551549911E0,9.554833727E0
1.710610510E1,-6.101697683E-2,2.578266263E-1,9.574879646E0,9.578544664E0
1.710826221E1,-3.708875179E-2,2.434697002E-1,9.584450722E0,9.587614339E0
1.711041998E1,-6.640082598E-2,2.578266263E-1,9.546764374E0,9.550476095E0
1.711257572E1,-8.015955985E-2,2.530409992E-1,9.580264091E0,9.583940493E0
1.711473400E1,-5.623133108E-2,2.626122832E-1,9.637093544E0,9.640834982E0
1.711689080E1,-7.537391037E-2,2.673979402E-1,9.617950439E0,9.621962042E0
1.711904922E1,-9.511470050E-2,2.530409992E-1,9.537193298E0,9.541023664E0
1.712120574E1,-8.015955985E-2,2.482553422E-1,9.608977318E0,9.612517951E0
1.712336182E1,-6.580262631E-2,2.578266263E-1,9.665806770E0,9.669468707E0
1.712551161E1,-7.537391037E-2,2.530409992E-1,9.613164902E0,9.616790026E0
1.712767907E1,-8.015955985E-2,2.243271172E-1,9.570692062E0,9.573656290E0
1.712983541E1,-6.580262631E-2,2.434697002E-1,9.622735977E0,9.626040472E0
1.713199602E1,-5.623133108E-2,2.338984162E-1,9.661021233E0,9.664015816E0
1.713415018E1,-6.101697683E-2,2.530409992E-1,9.603593826E0,9.607120651E0
1.713630602E1,-7.058826834E-2,2.482553422E-1,9.575477600E0,9.578955303E0
1.713845489E1,-5.144568533E-2,2.530409992E-1,9.656235695E0,9.659687583E0
1.714062400E1,-6.101697683E-2,2.673979402E-1,9.637093544E0,9.640995628E0
1.714278114E1,-8.015955985E-2,2.482553422E-1,9.604191780E0,9.607734177E0
1.714494091E1,-6.101697683E-2,2.626122832E-1,9.632308006E0,9.636080417E0
1.714709343E1,-7.537391037E-2,2.530409992E-1,9.670592308E0,9.674195913E0
1.714924778E1,-9.451649338E-2,2.626122832E-1,9.632308006E0,9.636350767E0
1.715140977E1,-8.015955985E-2,2.626122832E-1,9.651450157E0,9.655355038E0
1.715356813E1,-7.956135273E-2,2.578266263E-1,9.699306488E0,9.703058844E0
1.715572584E1,-8.494520187E-2,2.482553422E-1,9.646664619E0,9.650232364E0
1.715788065E1,-9.451649338E-2,2.482553422E-1,9.641879082E0,9.645537637E0
1.716003018E1,-8.913264424E-2,2.578266263E-1,9.694520950E0,9.698358400E0
1.716219792E1,-8.015955985E-2,2.482553422E-1,9.665806770E0,9.669326595E0
1.716435428E1,-9.930214286E-2,2.626122832E-1,9.623334885E0,9.627429586E0
1.716651521E1,-1.040877849E-1,2.578266263E-1,9.642477036E0,9.646484967E0
1.716866566E1,-7.477571070E-2,2.721835673E-1,9.728020668E0,9.732114951E0
1.717081207E1,-7.477571070E-2,2.578266263E-1,9.713663101E0,9.717371909E0
1.717298037E1,-8.015955985E-2,2.673979402E-1,9.641879082E0,9.645919315E0
1.717512739E1,-8.494520187E-2,2.578266263E-1,9.646664619E0,9.650483332E0
1.717730389E1,-6.520441920E-2,2.721835673E-1,9.770493507E0,9.774501465E0
1.717946363E1,-5.084748194E-2,2.721835673E-1,9.770493507E0,9.774416235E0
1.718164067E1,-8.015955985E-2,2.530409992E-1,9.670592308E0,9.674234383E0
1.718377215E1,-7.058826834E-2,2.626122832E-1,9.670592308E0,9.674414892E0
1.718593253E1,-6.520441920E-2,2.673979402E-1,9.746564865E0,9.750450243E0
1.718809826E1,-6.999006122E-2,2.673979402E-1,9.699306488E0,9.703244128E0
1.719025999E1,-7.956135273E-2,2.673979402E-1,9.689735413E0,9.693750772E0
1.719241133E1,-6.999006122E-2,2.578266263E-1,9.708877563E0,9.712552534E0
1.719454411E1,-7.477571070E-2,2.626122832E-1,9.708877563E0,9.712716415E0
1.719672988E1,-8.913264424E-2,2.578266263E-1,9.723235130E0,9.727061252E0
1.719888640E1,-6.999006122E-2,2.769692242E-1,9.808777809E0,9.812937005E0
1.720105187E1,-8.434699476E-2,2.434697002E-1,9.728020668E0,9.731432476E0
1.720319454E1,-1.040877849E-1,2.721835673E-1,9.651450157E0,9.655848399E0
1.720533232E1,-7.477571070E-2,2.626122832E-1,9.728020668E0,9.731851968E0
1.720751629E1,-5.982056633E-2,2.721835673E-1,9.832706451E0,9.836654846E0
1.720967483E1,-6.041877344E-2,2.530409992E-1,9.751350403E0,9.754820083E0
1.721183894E1,-6.041877344E-2,2.626122832E-1,9.741779327E0,9.745505636E0
1.721398595E1,-5.563312769E-2,2.721835673E-1,9.741779327E0,9.745739757E0
1.721613318E1,-6.041877344E-2,2.673979402E-1,9.770493507E0,9.774338620E0
1.721830202E1,-6.520441920E-2,2.721835673E-1,9.741779327E0,9.745799094E0
1.722044841E1,-5.084748194E-2,2.626122832E-1,9.736993790E0,9.740667263E0
1.722261925E1,-5.563312769E-2,2.626122832E-1,9.708877563E0,9.712587904E0
1.722475460E1,-5.563312769E-2,2.626122832E-1,9.760921478E0,9.764612044E0
1.722689922E1,-5.503492057E-2,2.673979402E-1,9.827920914E0,9.831711956E0
1.722906362E1,-6.999006122E-2,2.530409992E-1,9.794421196E0,9.797939320E0
1.723125254E1,-8.434699476E-2,2.626122832E-1,9.760921478E0,9.764817855E0
1.723341320E1,-6.520441920E-2,2.721835673E-1,9.794421196E0,9.798419366E0
1.723557582E1,-6.999006122E-2,2.721835673E-1,9.794421196E0,9.798452381E0
1.723774178E1,-7.477571070E-2,2.673979402E-1,9.751350403E0,9.755302545E0
1.723987907E1,-8.913264424E-2,2.673979402E-1,9.775279045E0,9.779341833E0
1.724203509E1,-7.417750359E-2,2.673979402E-1,9.856635094E0,9.860540519E0
1.724419144E1,-6.041877344E-2,2.386840582E-1,9.775279045E0,9.778379258E0
1.724636274E1,-9.930214286E-2,2.530409992E-1,9.684949875E0,9.688763840E0
1.724850672E1,-7.896314561E-2,2.721835673E-1,9.856635094E0,9.860708618E0
1.725065567E1,-5.443671346E-2,2.817548811E-1,9.990034103E0,9.994154819E0
1.725280727E1,-6.520441920E-2,2.338984162E-1,9.789635658E0,9.792646548E0
1.725497994E1,-9.451649338E-2,2.243271172E-1,9.613762856E0,9.616844195E0
1.725714018E1,-7.896314561E-2,2.626122832E-1,9.842277527E0,9.846097060E0
1.725929204E1,-4.965107143E-2,2.961117923E-1,1.003250694E1,1.003699870E1
1.726143078E1,-6.999006122E-2,2.530409992E-1,9.789635658E0,9.793155502E0
1.726361413E1,-1.136590764E-1,2.386840582E-1,9.623334885E0,9.626965398E0
1.726576787E1,-9.391828626E-2,2.673979402E-1,9.813564301E0,9.817655860E0
1.726793006E1,-5.862415582E-2,2.961117923E-1,1.006600666E1,1.007053172E1
1.727007897E1,-5.503492057E-2,2.673979402E-1,9.889535904E0,9.893303336E0
1.727222901E1,-9.451649338E-2,2.147558331E-1,9.575477600E0,9.578351878E0
1.727439434E1,-1.034895778E-1,2.482553422E-1,9.699306488E0,9.703034946E0
1.727654108E1,-5.383851007E-2,3.056831062E-1,1.007557774E1,1.008035751E1
1.727871546E1,-3.529413417E-2,2.632105052E-1,9.999007225E0,1.000253323E1
1.728086606E1,-9.930214286E-2,2.147558331E-1,9.575477600E0,9.578400297E0
1.728300926E1,-1.184447184E-1,2.626122832E-1,9.680164337E0,9.684450214E0
1.728516544E1,-5.862415582E-2,2.775674164E-1,1.008036327E1,1.008435443E1
1.728734290E1,-5.443671346E-2,2.823530734E-1,1.004207802E1,1.004619418E1
1.728950308E1,-8.973085135E-2,2.243271172E-1,9.613762856E0,9.616798351E0
1.729166729E1,-1.190429255E-1,2.243271172E-1,9.541978836E0,9.545357719E0
1.729383529E1,-8.793623000E-2,2.679961324E-1,9.966106415E0,9.970096879E0
1.729597190E1,-3.469592705E-2,2.871387303E-1,1.014197922E1,1.014610245E1
1.729812991E1,-6.999006122E-2,2.195414752E-1,9.746564865E0,9.749288371E0
1.730028273E1,-1.238285750E-1,2.386840582E-1,9.513264656E0,9.517064044E0
1.730244071E1,-9.332008660E-2,2.673979402E-1,9.856635094E0,9.860703102E0
1.730458877E1,-4.905286431E-2,2.871387303E-1,1.011386299E1,1.011805710E1
1.730674195E1,-7.477571070E-2,2.386840582E-1,9.803992271E0,9.807182365E0
1.730890226E1,-1.184447184E-1,2.386840582E-1,9.580264091E0,9.583968870E0
1.731106236E1,-8.913264424E-2,2.721835673E-1,9.784850121E0,9.789040832E0
1.731323169E1,-5.862415582E-2,2.871387303E-1,1.007079220E1,1.007505538E1
1.731537924E1,-6.939185411E-2,2.632105052E-1,9.913464546E0,9.917200931E0
1.731755004E1,-1.040877849E-1,2.386840582E-1,9.604191780E0,9.607721067E0
1.731970277E1,-1.136590764E-1,2.530409992E-1,9.680164337E0,9.684138048E0
1.732186381E1,-9.272187948E-2,2.775674164E-1,9.975677490E0,9.979969058E0
1.732401689E1,-6.400800496E-2,2.913261652E-1,9.985248566E0,9.989702542E0
1.732617402E1,-9.391828626E-2,2.626122832E-1,9.723235130E0,9.727234307E0
1.732833240E1,-1.232303679E-1,2.530409992E-1,9.632905960E0,9.637016795E0
1.733049186E1,-9.332008660E-2,2.769692242E-1,9.861420631E0,9.865750730E0
1.733264905E1,-7.836493850E-2,3.008974493E-1,9.994820595E0,9.999655947E0
1.733480588E1,-7.896314561E-2,2.673979402E-1,9.842277527E0,9.846225863E0
1.733695866E1,-1.040877849E-1,2.530409992E-1,9.651450157E0,9.655327760E0
1.733910711E1,-1.082752272E-1,2.626122832E-1,9.694520950E0,9.698681621E0
1.734127754E1,-9.332008660E-2,2.817548811E-1,9.894321442E0,9.898772209E0
1.734343235E1,-8.853443712E-2,2.530409992E-1,9.870991707E0,9.874631404E0
1.734558245E1,-8.434699476E-2,2.673979402E-1,9.736993790E0,9.741029932E0
1.734774758E1,-1.040877849E-1,2.434697002E-1,9.651450157E0,9.655081662E0
1.734989429E1,-1.082752272E-1,2.769692242E-1,9.789635658E0,9.794151408E0
1.735205974E1,-7.417750359E-2,3.008974493E-1,9.923035622E0,9.927873767E0
1.735422204E1,-6.939185411E-2,2.626122832E-1,9.832706451E0,9.836457523E0
1.735638377E1,-9.930214286E-2,2.434697002E-1,9.637691498E0,9.641277707E0
1.735853333E1,-9.870393574E-2,2.626122832E-1,9.694520950E0,9.698579491E0
1.736066944E1,-6.939185411E-2,2.817548811E-1,9.918250084E0,9.922493929E0
1.736283859E1,-5.503492057E-2,2.865405083E-1,9.889535904E0,9.893839230E0
1.736501015E1,-9.451649338E-2,2.578266263E-1,9.641879082E0,9.645788727E0
1.736717297E1,-9.451649338E-2,2.482553422E-1,9.594620705E0,9.598297273E0
1.736932790E1,-6.520441920E-2,2.673979402E-1,9.794421196E0,9.798287597E0
1.737148097E1,-3.589234129E-2,2.865405083E-1,9.913464546E0,9.917669738E0
1.737363449E1,-6.101697683E-2,2.626122832E-1,9.670592308E0,9.674349791E0
1.737577672E1,-8.554340899E-2,2.386840582E-1,9.532406807E0,9.535778274E0
1.737795434E1,-6.999006122E-2,2.626122832E-1,9.751948357E0,9.755734753E0
1.738010764E1,-3.529413417E-2,2.865405083E-1,9.946963310E0,9.951152206E0
1.738226629E1,-6.520441920E-2,2.626122832E-1,9.728020668E0,9.731783133E0
1.738444312E1,-9.511470050E-2,2.386840582E-1,9.475577354E0,9.479060243E0
1.738657139E1,-7.537391037E-2,2.626122832E-1,9.651450157E0,9.655316493E0
1.738874390E1,-4.486542568E-2,3.056831062E-1,9.951749802E0,9.956544540E0
1.739089626E1,-4.546362907E-2,2.769692242E-1,9.818349838E0,9.822360838E0
1.739307439E1,-7.597211748E-2,2.530409992E-1,9.508479118E0,9.512148898E0
1.739523791E1,-8.973085135E-2,2.482553422E-1,9.594620705E0,9.598251341E0
1.739736722E1,-3.589234129E-2,2.817548811E-1,9.889535904E0,9.893613822E0
1.739951246E1,-4.067798331E-2,2.721835673E-1,9.847063065E0,9.850908059E0
1.740167722E1,-6.640082598E-2,2.291127741E-1,9.522835732E0,9.525822909E0
1.740384960E1,-8.075776696E-2,2.338984162E-1,9.498908043E0,9.502130513E0
1.740599082E1,-4.546362907E-2,2.769692242E-1,9.851848602E0,9.855845970E0
1.740815988E1,-2.093719877E-2,2.913261652E-1,9.956535339E0,9.960818504E0
1.741031288E1,-4.666004330E-2,2.386840582E-1,9.594022751E0,9.597104760E0
1.741247679E1,-9.511470050E-2,2.338984162E-1,9.475577354E0,9.478940947E0
1.741463026E1,-6.460621208E-2,2.913261652E-1,9.842277527E0,9.846800080E0
1.741678972E1,-1.794616925E-3,2.721835673E-1,9.942177773E0,9.945902974E0
1.741894624E1,-6.640082598E-2,2.243271172E-1,9.522835732E0,9.525709007E0
1.742110288E1,-1.046859920E-1,2.434697002E-1,9.461220741E0,9.464931831E0
1.742325627E1,-4.546362907E-2,2.673979402E-1,9.865608215E0,9.869336050E0
1.742540260E1,-4.007977992E-2,2.913261652E-1,9.937392235E0,9.941742390E0
1.742755846E1,-5.204389244E-2,2.195414752E-1,9.537193298E0,9.539861793E0
1.742971624E1,-1.046859920E-1,2.338984162E-1,9.461220741E0,9.464690462E0
1.743187358E1,-6.460621208E-2,2.961117923E-1,9.856635094E0,9.861293603E0
1.743403874E1,-2.153540403E-2,2.626122832E-1,9.889535904E0,9.893045506E0
1.743620457E1,-8.554340899E-2,2.291127741E-1,9.518050194E0,9.521191618E0
1.743834882E1,-9.511470050E-2,2.386840582E-1,9.480362892E0,9.483844023E0
1.744052252E1,-4.546362907E-2,2.721835673E-1,9.884750366E0,9.888601551E0
1.744267708E1,-3.529413417E-2,2.865405083E-1,9.980463028E0,9.984637870E0
1.744483844E1,-5.623133108E-2,2.147558331E-1,9.627521515E0,9.630080610E0
1.744698883E1,-9.990034252E-2,2.243271172E-1,9.475577354E0,9.478758829E0
1.744913688E1,-8.434699476E-2,2.578266263E-1,9.699306488E0,9.703099264E0
1.745131306E1,-5.503492057E-2,2.817548811E-1,9.903892517E0,9.908052364E0
1.745346535E1,-7.477571070E-2,2.626122832E-1,9.747162819E0,9.750986598E0
1.745562534E1,-6.580262631E-2,2.482553422E-1,9.622735977E0,9.626162703E0
1.745777722E1,-8.015955985E-2,2.291127741E-1,9.646664619E0,9.649717949E0
1.745994087E1,-1.076770201E-1,2.721835673E-1,9.823135376E0,9.827495452E0
1.746211131E1,-7.417750359E-2,2.769692242E-1,9.870991707E0,9.875155266E0
1.746425182E1,-5.623133108E-2,2.338984162E-1,9.651450157E0,9.654447709E0
1.746640843E1,-9.511470050E-2,2.243271172E-1,9.508479118E0,9.511600528E0
1.746856193E1,-7.477571070E-2,2.482553422E-1,9.775279045E0,9.778716814E0
1.747071905E1,-6.879365444E-2,2.578266263E-1,1.000439167E1,1.000794983E1
1.747286564E1,-6.999006122E-2,2.626122832E-1,9.770493507E0,9.774272720E0
1.747502607E1,-9.511470050E-2,2.243271172E-1,9.513264656E0,9.516384496E0
1.747719726E1,-8.494520187E-2,2.626122832E-1,9.684949875E0,9.688882029E0
1.747935594E1,-4.486542568E-2,2.865405083E-1,9.961320877E0,9.965542232E0
1.748151250E1,-5.982056633E-2,2.673979402E-1,9.851848602E0,9.855658326E0
1.748366069E1,-1.088734269E-1,2.578266263E-1,9.623334885E0,9.627403715E0
1.748582671E1,-7.537391037E-2,2.482553422E-1,9.656235695E0,9.659720479E0
1.748798411E1,-4.606183618E-2,2.338984162E-1,9.808777809E0,9.811674285E0
1.749014269E1,-7.417750359E-2,2.769692242E-1,9.856635094E0,9.860804715E0
1.749229764E1,-6.939185411E-2,2.530409992E-1,9.827920914E0,9.831422810E0
1.749445345E1,-6.580262631E-2,2.578266263E-1,9.656235695E0,9.659901260E0
1.749660064E1,-9.451649338E-2,2.434697002E-1,9.656235695E0,9.659767008E0
1.749876753E1,-5.503492057E-2,2.817548811E-1,9.842277527E0,9.846463404E0
1.750091369E1,-5.982056633E-2,2.721835673E-1,9.899106979E0,9.903028899E0
1.750308548E1,-8.913264424E-2,2.530409992E-1,9.689735413E0,9.693448651E0
1.750522408E1,-8.973085135E-2,2.338984162E-1,9.680164337E0,9.683405480E0
1.750737479E1,-5.982056633E-2,2.626122832E-1,9.842277527E0,9.845962148E0
1.750953051E1,-5.503492057E-2,2.673979402E-1,9.865608215E0,9.869384781E0
1.751170194E1,-7.956135273E-2,2.673979402E-1,9.751350403E0,9.755340401E0
1.751385676E1,-7.477571070E-2,2.482553422E-1,9.723235130E0,9.726691294E0
1.751600224E1,-6.041877344E-2,2.434697002E-1,9.770493507E0,9.773713281E0
1.751817357E1,-7.956135273E-2,2.673979402E-1,9.799206734E0,9.803177254E0
1.752033235E1,-5.503492057E-2,2.769692242E-1,9.827920914E0,9.831976926E0
1.752249334E1,-8.434699476E-2,2.530409992E-1,9.794421196E0,9.798052395E0
1.752464123E1,-9.870393574E-2,2.482553422E-1,9.747162819E0,9.750823360E0
1.752679443E1,-8.853443712E-2,2.721835673E-1,9.818349838E0,9.822520847E0
1.752896142E1,-5.982056633E-2,2.817548811E-1,9.847063065E0,9.851274806E0
1.753111902E1,-9.870393574E-2,2.673979402E-1,9.732806206E0,9.736979037E0
1.753327626E1,-1.226321608E-1,2.434697002E-1,9.718449593E0,9.722272297E0
1.753542296E1,-8.374879509E-2,2.673979402E-1,9.942177773E0,9.946125596E0
1.753759164E1,-7.417750359E-2,2.817548811E-1,9.927821159E0,9.932095503E0
1.753974902E1,-1.040877849E-1,2.530409992E-1,9.680164337E0,9.684030442E0
1.754190887E1,-1.184447184E-1,2.626122832E-1,9.670592308E0,9.674882426E0
1.754406284E1,-9.332008660E-2,2.673979402E-1,9.885348320E0,9.889404517E0
1.754622208E1,-9.272187948E-2,2.865405083E-1,9.961320877E0,9.965872587E0
1.754837771E1,-9.870393574E-2,2.578266263E-1,9.766305923E0,9.770207184E0
1.755051868E1,-1.040877849E-1,2.530409992E-1,9.665806770E0,9.669678616E0
1.755269247E1,-1.076770201E-1,2.817548811E-1,9.818349838E0,9.822981915E0
1.755485012E1,-9.750752151E-2,3.008974493E-1,9.951749802E0,9.956775136E0
1.755701290E1,-1.082752272E-1,2.769692242E-1,9.803992271E0,9.808501411E0
1.755916333E1,-9.930214286E-2,2.530409992E-1,9.656235695E0,9.660060997E0
1.756131214E1,-1.034895778E-1,2.626122832E-1,9.771091461E0,9.775167704E0
1.756348145E1,-6.939185411E-2,3.008974493E-1,9.927821159E0,9.932622387E0
1.756563704E1,-6.939185411E-2,2.721835673E-1,9.890133858E0,9.894121833E0
1.756779824E1,-7.477571070E-2,2.578266263E-1,9.718449593E0,9.722156575E0
1.756995207E1,-7.477571070E-2,2.673979402E-1,9.694520950E0,9.698496251E0
1.757211070E1,-5.563312769E-2,2.386840582E-1,9.799206734E0,9.802271050E0
1.757426792E1,-7.956135273E-2,3.104687333E-1,9.799206734E0,9.804446616E0
1.757642520E1,-6.999006122E-2,2.530409992E-1,9.742377281E0,9.745914192E0
1.757858178E1,-6.041877344E-2,2.721835673E-1,9.741779327E0,9.745768250E0
1.758073734E1,-4.127619043E-2,2.817548811E-1,9.784850121E0,9.788992870E0
1.758288582E1,-6.041877344E-2,2.626122832E-1,9.760921478E0,9.764640482E0
1.758505311E1,-7.956135273E-2,2.578266263E-1,9.756733894E0,9.760464173E0
1.758721144E1,-5.084748194E-2,2.721835673E-1,9.775279045E0,9.779199853E0
1.758937273E1,-3.649054468E-2,2.769692242E-1,9.751350403E0,9.755351259E0
1.759152631E1,-6.580262631E-2,2.434697002E-1,9.684949875E0,9.688233150E0
1.759367807E1,-5.084748194E-2,2.626122832E-1,9.728020668E0,9.731697529E0
1.759584163E1,-5.084748194E-2,2.721835673E-1,9.794421196E0,9.798334344E0
1.759799699E1,-4.606183618E-2,2.865405083E-1,9.784850121E0,9.789153132E0
1.760014848E1,-5.144568533E-2,2.721835673E-1,9.665806770E0,9.669775130E0
1.760231184E1,-7.537391037E-2,2.578266263E-1,9.670592308E0,9.674322270E0
1.760446033E1,-5.982056633E-2,3.104687333E-1,9.842277527E0,9.847354784E0
1.760663200E1,-4.546362907E-2,2.721835673E-1,9.837491989E0,9.841361668E0
1.760878683E1,-7.058826834E-2,2.673979402E-1,9.670592308E0,9.674545982E0
1.761094706E1,-7.537391037E-2,2.626122832E-1,9.689735413E0,9.693586478E0
1.761310062E1,-5.563312769E-2,2.530409992E-1,9.803992271E0,9.807415014E0
1.761525877E1,-6.999006122E-2,2.530409992E-1,9.761520386E0,9.765050363E0
1.761741550E1,-8.973085135E-2,2.626122832E-1,9.684949875E0,9.688925168E0
1.761957390E1,-6.999006122E-2,2.865405083E-1,9.746564865E0,9.751027163E0
1.762173031E1,-6.520441920E-2,2.673979402E-1,9.760921478E0,9.764801144E0
1.762388910E1,-1.040877849E-1,2.721835673E-1,9.689735413E0,9.694116284E0
1.762604641E1,-1.034895778E-1,2.721835673E-1,9.713663101E0,9.718026797E0
1.762820383E1,-7.477571070E-2,2.769692242E-1,9.808777809E0,9.812972305E0
1.763036040E1,-9.391828626E-2,2.673979402E-1,9.770493507E0,9.774603096E0
1.763251932E1,-9.451649338E-2,2.482553422E-1,9.684949875E0,9.688592166E0
1.763467498E1,-1.034895778E-1,2.291127741E-1,9.713663101E0,9.716915848E0
1.763683346E1,-6.520441920E-2,2.434697002E-1,9.765707016E0,9.768959138E0
1.763898968E1,-6.999006122E-2,2.626122832E-1,9.794421196E0,9.798191179E0
1.764114856E1,-8.434699476E-2,2.578266263E-1,9.718449593E0,9.722234901E0
1.764330574E1,-1.040877849E-1,2.721835673E-1,9.661021233E0,9.665415119E0
1.764546319E1,-8.434699476E-2,2.530409992E-1,9.699306488E0,9.702973282E0
1.764761722E1,-7.956135273E-2,2.769692242E-1,9.789635658E0,9.793876060E0
1.764976819E1,-6.939185411E-2,2.530409992E-1,9.823135376E0,9.826638977E0
1.765193451E1,-6.520441920E-2,2.434697002E-1,9.713663101E0,9.716932641E0
1.765409288E1,-8.973085135E-2,2.386840582E-1,9.646664619E0,9.650034196E0
1.765625174E1,-6.999006122E-2,2.530409992E-1,9.718449593E0,9.721995209E0
1.765840456E1,-5.563312769E-2,2.530409992E-1,9.765707016E0,9.769143172E0
1.766055152E1,-5.084748194E-2,2.530409992E-1,9.727422714E0,9.730846205E0
1.766272271E1,-7.477571070E-2,2.626122832E-1,9.689735413E0,9.693581845E0
1.766487916E1,-6.041877344E-2,2.530409992E-1,9.708877563E0,9.712362417E0
1.766704073E1,-7.477571070E-2,2.769692242E-1,9.718449593E0,9.722683058E0
1.766919746E1,-5.563312769E-2,2.530409992E-1,9.756135941E0,9.759575466E0
1.767136977E1,-4.606183618E-2,2.578266263E-1,9.746564865E0,9.750083227E0
1.767352565E1,-4.606183618E-2,2.338984162E-1,9.699306488E0,9.702235645E0
1.767568417E1,-6.101697683E-2,2.434697002E-1,9.641879082E0,9.645145556E0
1.767783796E1,-3.649054468E-2,2.386840582E-1,9.713065147E0,9.716065881E0
1.768000033E1,-3.649054468E-2,2.434697002E-1,9.760921478E0,9.764025664E0
1.768217275E1,-4.606183618E-2,2.530409992E-1,9.736993790E0,9.740390110E0
1.768430667E1,-4.666004330E-2,2.434697002E-1,9.665806770E0,9.668985220E0
1.768644918E1,-6.101697683E-2,2.434697002E-1,9.675378799E0,9.678633968E0
1.768860127E1,-4.127619043E-2,2.578266263E-1,9.760921478E0,9.764413264E0
1.769078144E1,-4.546362907E-2,2.530409992E-1,9.808777809E0,9.812146493E0
1.769293741E1,-6.041877344E-2,2.530409992E-1,9.765707016E0,9.769171597E0
1.769507882E1,-6.999006122E-2,2.386840582E-1,9.713663101E0,9.716847201E0
1.769725141E1,-7.058826834E-2,2.243271172E-1,9.684949875E0,9.687804676E0
1.769939844E1,-7.477571070E-2,2.291127741E-1,9.732806206E0,9.735789681E0
1.770157618E1,-6.999006122E-2,2.530409992E-1,9.803992271E0,9.807506962E0
1.770372299E1,-7.477571070E-2,2.434697002E-1,9.742377281E0,9.745705926E0
1.770587219E1,-9.391828626E-2,2.482553422E-1,9.704092026E0,9.707721329E0
1.770802882E1,-8.434699476E-2,2.482553422E-1,9.756733894E0,9.760256217E0
1.771019992E1,-8.853443712E-2,2.913261652E-1,9.851848602E0,9.856552651E0
1.771236010E1,-7.896314561E-2,2.769692242E-1,9.818349838E0,9.822573017E0
1.771451693E1,-9.391828626E-2,2.530409992E-1,9.708877563E0,9.712628580E0
1.771667041E1,-8.494520187E-2,2.386840582E-1,9.689735413E0,9.693046896E0
1.771882956E1,-8.913264424E-2,2.482553422E-1,9.794421196E0,9.797972337E0
1.772098895E1,-7.896314561E-2,2.578266263E-1,9.818349838E0,9.822051888E0
1.772314070E1,-9.870393574E-2,2.578266263E-1,9.766305923E0,9.770207184E0
1.772528855E1,-9.870393574E-2,2.626122832E-1,9.732806206E0,9.736848788E0
1.772745776E1,-8.913264424E-2,2.578266263E-1,9.756733894E0,9.760546884E0
1.772958968E1,-8.374879509E-2,2.913261652E-1,9.818349838E0,9.823027962E0
1.773176083E1,-6.460621208E-2,2.769692242E-1,9.837491989E0,9.841602235E0
1.773391231E1,-9.391828626E-2,2.626122832E-1,9.742377281E0,9.746368603E0
1.773607515E1,-8.973085135E-2,2.578266263E-1,9.675378799E0,9.679229365E0
1.773821934E1,-8.913264424E-2,2.434697002E-1,9.794421196E0,9.797852249E0
1.774037839E1,-6.939185411E-2,2.673979402E-1,9.870991707E0,9.874856666E0
1.774253508E1,-8.434699476E-2,2.530409992E-1,9.794421196E0,9.798052395E0
1.774469606E1,-9.870393574E-2,2.721835673E-1,9.689735413E0,9.694059971E0
1.774685319E1,-7.956135273E-2,2.626122832E-1,9.732806206E0,9.736673552E0
1.774900879E1,-7.477571070E-2,2.769692242E-1,9.765707016E0,9.769920004E0
1.775116128E1,-7.477571070E-2,2.673979402E-1,9.803992271E0,9.807923201E0
1.775332495E1,-8.434699476E-2,2.817548811E-1,9.799206734E0,9.803619374E0
1.775548170E1,-7.956135273E-2,2.530409992E-1,9.756733894E0,9.760338931E0
1.775764147E1,-8.913264424E-2,2.626122832E-1,9.756733894E0,9.760674471E0
1.775979607E1,-7.477571070E-2,2.626122832E-1,9.780064583E0,9.783875503E0
1.776195475E1,-6.041877344E-2,2.578266263E-1,9.789635658E0,9.793216597E0
1.776411220E1,-7.477571070E-2,2.721835673E-1,9.765707016E0,9.769785505E0
1.776627006E1,-6.999006122E-2,2.721835673E-1,9.732806206E0,9.736862900E0
1.776842650E1,-7.956135273E-2,2.673979402E-1,9.746564865E0,9.750556822E0
1.777058502E1,-7.956135273E-2,2.817548811E-1,9.803992271E0,9.808362773E0
1.777274052E1,-7.417750359E-2,2.769692242E-1,9.832706451E0,9.836886215E0
1.777489917E1,-7.956135273E-2,2.769692242E-1,9.751350403E0,9.755607446E0
1.777705563E1,-9.870393574E-2,2.865405083E-1,9.732806206E0,9.737523534E0
1.777921479E1,-8.434699476E-2,2.913261652E-1,9.789635658E0,9.794332630E0
1.778137190E1,-8.434699476E-2,2.530409992E-1,9.789635658E0,9.793268631E0
1.778352892E1,-1.082752272E-1,2.578266263E-1,9.737591743E0,9.741606185E0
1.778568566E1,-9.391828626E-2,2.673979402E-1,9.780064583E0,9.784170151E0
1.778784417E1,-6.939185411E-2,2.578266263E-1,9.813564301E0,9.817195836E0
1.779000090E1,-7.956135273E-2,2.865405083E-1,9.756135941E0,9.760667188E0
1.779215931E1,-9.391828626E-2,2.673979402E-1,9.708877563E0,9.713013222E0
1.779431486E1,-7.956135273E-2,2.769692242E-1,9.784850121E0,9.789092595E0
1.779647456E1,-6.939185411E-2,2.817548811E-1,9.837491989E0,9.841770658E0
1.779863154E1,-7.477571070E-2,2.578266263E-1,9.760921478E0,9.764612336E0
1.780078880E1,-8.913264424E-2,2.578266263E-1,9.699306488E0,9.703142045E0
1.780294524E1,-8.434699476E-2,2.817548811E-1,9.789635658E0,9.794052611E0
1.780510288E1,-6.460621208E-2,2.578266263E-1,9.813564301E0,9.817163175E0
1.780726030E1,-7.956135273E-2,2.578266263E-1,9.732806206E0,9.736545651E0
1.780941816E1,-7.477571070E-2,2.626122832E-1,9.718449593E0,9.722284665E0
1.781157475E1,-6.520441920E-2,2.769692242E-1,9.765707016E0,9.769851436E0
1.781373362E1,-6.520441920E-2,2.626122832E-1,9.751350403E0,9.755103870E0
1.781589070E1,-7.956135273E-2,2.626122832E-1,9.751350403E0,9.755210397E0
1.781804873E1,-6.041877344E-2,2.578266263E-1,9.775279045E0,9.778865241E0
1.782020471E1,-5.563312769E-2,2.673979402E-1,9.770493507E0,9.774310210E0
1.782236301E1,-7.477571070E-2,2.626122832E-1,9.694520950E0,9.698365485E0
1.782451862E1,-6.520441920E-2,2.482553422E-1,9.684949875E0,9.688350552E0
1.782667697E1,-6.520441920E-2,2.482553422E-1,9.736993790E0,9.740376296E0
1.782883456E1,-6.041877344E-2,2.578266263E-1,9.775279045E0,9.778865241E0
1.783099347E1,-4.606183618E-2,2.434697002E-1,9.756135941E0,9.759282129E0
1.783315053E1,-6.041877344E-2,2.578266263E-1,9.689735413E0,9.693353257E0
1.783530714E1,-6.999006122E-2,2.578266263E-1,9.723235130E0,9.726904676E0
1.783746372E1,-5.563312769E-2,2.626122832E-1,9.784850121E0,9.788531664E0
1.783962354E1,-3.649054468E-2,2.721835673E-1,9.770493507E0,9.774352093E0
1.784177928E1,-6.041877344E-2,2.530409992E-1,9.722636223E0,9.726116147E0
1.784393750E1,-7.956135273E-2,2.721835673E-1,9.689735413E0,9.693883962E0
1.784609636E1,-6.520441920E-2,2.482553422E-1,9.741779327E0,9.745160173E0
1.784826076E1,-6.460621208E-2,2.578266263E-1,9.818349838E0,9.821946960E0
1.785040490E1,-6.041877344E-2,2.530409992E-1,9.784850121E0,9.788307926E0
1.785257919E1,-7.058826834E-2,2.386840582E-1,9.675378799E0,9.678579839E0
1.785473313E1,-9.451649338E-2,2.721835673E-1,9.675378799E0,9.679667979E0
1.785689558E1,-9.391828626E-2,2.578266263E-1,9.760921478E0,9.764777689E0
1.785904806E1,-6.520441920E-2,2.721835673E-1,9.803992271E0,9.807986540E0
1.786120667E1,-9.391828626E-2,2.530409992E-1,9.732806206E0,9.736548004E0
1.786336046E1,-8.913264424E-2,2.578266263E-1,9.684949875E0,9.688791115E0
1.786551177E1,-7.477571070E-2,2.482553422E-1,9.713663101E0,9.717122669E0
1.786767903E1,-1.082752272E-1,2.721835673E-1,9.770493507E0,9.774883672E0
1.786983440E1,-8.913264424E-2,2.386840582E-1,9.775279045E0,9.778598832E0
1.787198748E1,-8.434699476E-2,2.482553422E-1,9.728020668E0,9.731553383E0
1.787415101E1,-9.870393574E-2,2.578266263E-1,9.694520950E0,9.698451087E0
1.787630779E1,-9.870393574E-2,2.578266263E-1,9.737591743E0,9.741504504E0
1.787846810E1,-8.913264424E-2,2.434697002E-1,9.780064583E0,9.783500670E0
1.788062003E1,-9.870393574E-2,2.865405083E-1,9.784850121E0,9.789542370E0
1.788277172E1,-9.391828626E-2,2.530409992E-1,9.760921478E0,9.764652503E0
1.788493849E1,-1.082752272E-1,2.530409992E-1,9.704092026E0,9.707994402E0
1.788709571E1,-9.391828626E-2,2.673979402E-1,9.737591743E0,9.741715212E0
1.788925443E1,-7.896314561E-2,2.673979402E-1,9.813564301E0,9.817524185E0
1.789140952E1,-9.391828626E-2,2.434697002E-1,9.770493507E0,9.773977774E0
1.789356420E1,-7.537391037E-2,2.530409992E-1,9.675378799E0,9.678980622E0
1.789572558E1,-6.999006122E-2,2.386840582E-1,9.699306488E0,9.702495300E0
1.789787965E1,-4.127619043E-2,2.482553422E-1,9.732208252E0,9.735461566E0
1.790003114E1,-4.606183618E-2,2.530409992E-1,9.741779327E0,9.745173980E0
1.790219845E1,-6.520441920E-2,2.626122832E-1,9.708877563E0,9.712647444E0
1.790435721E1,-6.520441920E-2,2.578266263E-1,9.694520950E0,9.698168004E0
1.790651460E1,-4.127619043E-2,2.434697002E-1,9.746564865E0,9.749692707E0
1.790867080E1,-3.170489892E-2,2.673979402E-1,9.765707016E0,9.769418631E0
1.791082586E1,-3.649054468E-2,2.434697002E-1,9.680164337E0,9.683294411E0
1.791298492E1,-3.230310604E-2,2.434697002E-1,9.656235695E0,9.659358611E0
1.791514108E1,-1.734796353E-2,2.530409992E-1,9.693922997E0,9.697240523E0
1.791729778E1,-1.256231871E-2,2.482553422E-1,9.698708534E0,9.701893411E0
1.791944726E1,-2.751746029E-2,2.338984162E-1,9.670592308E0,9.673459633E0
1.792161476E1,-3.170489892E-2,2.578266263E-1,9.689137459E0,9.692619072E0
1.792377109E1,-4.606183618E-2,2.578266263E-1,9.741779327E0,9.745299417E0
1.792593179E1,-3.649054468E-2,2.578266263E-1,9.732208252E0,9.735691223E0
1.792808608E1,-4.127619043E-2,2.721835673E-1,9.708279610E0,9.712182072E0
1.793024446E1,-4.606183618E-2,2.530409992E-1,9.680164337E0,9.683580590E0
1.793240091E1,-5.084748194E-2,2.482553422E-1,9.689735413E0,9.693048465E0
1.793455695E1,-6.041877344E-2,2.626122832E-1,9.741779327E0,9.745505636E0
1.793670327E1,-6.041877344E-2,2.578266263E-1,9.727422714E0,9.731026547E0
1.793886118E1,-9.930214286E-2,2.291127741E-1,9.651450157E0,9.654679887E0
1.794103077E1,-9.391828626E-2,2.482553422E-1,9.704092026E0,9.707721329E0
1.794318863E1,-8.434699476E-2,2.626122832E-1,9.803992271E0,9.807871537E0
1.794533776E1,-9.332008660E-2,2.721835673E-1,9.818349838E0,9.822565148E0
1.794750385E1,-1.226321608E-1,2.578266263E-1,9.732806206E0,9.736992855E0
1.794966027E1,-1.322034448E-1,2.530409992E-1,9.737591743E0,9.741776042E0
1.795182562E1,-1.369891018E-1,2.578266263E-1,9.809376717E0,9.813720607E0
1.795399268E1,-1.220339537E-1,2.673979402E-1,9.837491989E0,9.841882065E0
1.795615006E1,-1.369891018E-1,2.721835673E-1,9.771091461E0,9.775841562E0
1.795830311E1,-1.322034448E-1,2.530409992E-1,9.728020668E0,9.732209082E0
1.796044320E1,-1.417747438E-1,2.673979402E-1,9.723235130E0,9.727944446E0
1.796259557E1,-1.369891018E-1,2.673979402E-1,9.790233612E0,9.794842615E0
1.796477701E1,-1.274178028E-1,2.673979402E-1,9.785448074E0,9.789930080E0
1.796693607E1,-1.274178028E-1,2.673979402E-1,9.761520386E0,9.766013373E0
1.796909385E1,-1.417747438E-1,2.626122832E-1,9.756733894E0,9.761297126E0
1.797123542E1,-1.130608693E-1,2.626122832E-1,9.771091461E0,9.775273721E0
1.797340216E1,-1.417747438E-1,2.769692242E-1,9.766305923E0,9.771261097E0
1.797554679E1,-1.130608693E-1,2.673979402E-1,9.761520386E0,9.765836608E0
1.797772511E1,-1.130608693E-1,2.530409992E-1,9.771091461E0,9.775021271E0
1.797987768E1,-9.391828626E-2,2.626122832E-1,9.751948357E0,9.755935763E0
1.798203665E1,-9.391828626E-2,2.626122832E-1,9.747162819E0,9.751152182E0
1.798417629E1,-6.999006122E-2,2.865405083E-1,9.760921478E0,9.765377216E0
1.798633839E1,-5.084748194E-2,2.817548811E-1,9.770493507E0,9.774687446E0
1.798850833E1,-6.999006122E-2,2.817548811E-1,9.760921478E0,9.765237966E0
1.799066439E1,-4.606183618E-2,2.626122832E-1,9.741779327E0,9.745427203E0
1.799280488E1,-4.606183618E-2,2.578266263E-1,9.732208252E0,9.735731802E0
1.799496772E1,-4.606183618E-2,2.673979402E-1,9.760921478E0,9.764692082E0
1.799714098E1,-2.691925503E-2,2.578266263E-1,9.760921478E0,9.764363129E0
1.799931405E1,-5.563312769E-2,2.673979402E-1,9.751350403E0,9.755174595E0
1.800145341E1,-4.606183618E-2,2.626122832E-1,9.746564865E0,9.750210950E0
1.800359547E1,-2.691925503E-2,2.673979402E-1,9.732208252E0,9.735918229E0
1.800573544E1,-4.127619043E-2,2.721835673E-1,9.765707016E0,9.769586539E0
1.800789870E1,-5.563312769E-2,2.865405083E-1,9.794421196E0,9.798769671E0
1.801006790E1,-5.563312769E-2,2.769692242E-1,9.775279045E0,9.779360276E0
1.801222425E1,-5.084748194E-2,2.769692242E-1,9.751350403E0,9.755415527E0
1.801436575E1,-6.520441920E-2,2.769692242E-1,9.780064583E0,9.784202922E0
1.801653907E1,-4.606183618E-2,2.817548811E-1,9.799206734E0,9.803364734E0
1.801869866E1,-5.563312769E-2,2.721835673E-1,9.784850121E0,9.788793124E0
1.802086182E1,-6.041877344E-2,2.578266263E-1,9.751350403E0,9.754945396E0
1.802301431E1,-6.041877344E-2,2.578266263E-1,9.751350403E0,9.754945396E0
1.802516744E1,-6.041877344E-2,2.721835673E-1,9.775279045E0,9.779254303E0
1.802732124E1,-6.460621208E-2,2.769692242E-1,9.823135376E0,9.827251626E0
1.802948613E1,-5.563312769E-2,2.817548811E-1,9.813564301E0,9.817765792E0
1.803164339E1,-9.391828626E-2,2.626122832E-1,9.780662537E0,9.784638241E0
1.803380290E1,-8.913264424E-2,2.721835673E-1,9.780662537E0,9.784855041E0
1.803596017E1,-8.374879509E-2,2.721835673E-1,9.827920914E0,9.832045934E0
1.803812638E1,-7.417750359E-2,2.721835673E-1,9.837491989E0,9.841536203E0
1.804027368E1,-1.034895778E-1,2.673979402E-1,9.790233612E0,9.794431373E0
1.804243093E1,-1.082752272E-1,2.626122832E-1,9.775876999E0,9.780003059E0
1.804458510E1,-8.913264424E-2,2.530409992E-1,9.799206734E0,9.802878505E0
1.804674665E1,-9.870393574E-2,2.530409992E-1,9.808777809E0,9.812537609E0
1.804889970E1,-1.130608693E-1,2.578266263E-1,9.795019150E0,9.799064112E0
1.805104807E1,-8.434699476E-2,2.626122832E-1,9.808777809E0,9.812655183E0
1.805320687E1,-8.434699476E-2,2.578266263E-1,9.813564301E0,9.817312935E0
1.805537630E1,-1.082752272E-1,2.721835673E-1,9.780662537E0,9.785048139E0
1.805753560E1,-9.332008660E-2,2.721835673E-1,9.832706451E0,9.836915609E0
1.805969058E1,-1.034895778E-1,2.482553422E-1,9.818349838E0,9.822033107E0
1.806183488E1,-8.913264424E-2,2.530409992E-1,9.794421196E0,9.798094761E0
1.806399491E1,-8.913264424E-2,2.626122832E-1,9.775876999E0,9.779809862E0
1.806616183E1,-8.434699476E-2,2.673979402E-1,9.794421196E0,9.798433683E0
1.806832249E1,-9.870393574E-2,2.530409992E-1,9.803992271E0,9.807753906E0
1.807047917E1,-6.520441920E-2,2.721835673E-1,9.799206734E0,9.803202952E0
1.807263773E1,-8.913264424E-2,2.386840582E-1,9.751948357E0,9.755276083E0
1.807480194E1,-7.956135273E-2,2.530409992E-1,9.766305923E0,9.769907428E0
1.807694995E1,-8.913264424E-2,2.578266263E-1,9.808777809E0,9.812570576E0
1.807910632E1,-8.434699476E-2,2.578266263E-1,9.789635658E0,9.793393452E0
1.808126227E1,-8.434699476E-2,2.578266263E-1,9.751948357E0,9.755720667E0
1.808342132E1,-6.999006122E-2,2.578266263E-1,9.775279045E0,9.778929061E0
1.808557972E1,-6.041877344E-2,2.482553422E-1,9.789635658E0,9.792969287E0
1.808773607E1,-6.041877344E-2,2.530409992E-1,9.775279045E0,9.778740235E0
1.808989474E1,-6.520441920E-2,2.434697002E-1,9.770493507E0,9.773744036E0
1.809204870E1,-5.084748194E-2,2.578266263E-1,9.760921478E0,9.764458415E0
1.809419620E1,-7.477571070E-2,2.673979402E-1,9.751350403E0,9.755302545E0
1.809636580E1,-6.520441920E-2,2.626122832E-1,9.756135941E0,9.759887567E0
1.809852406E1,-5.563312769E-2,2.530409992E-1,9.756135941E0,9.759575466E0
1.810068394E1,-5.563312769E-2,2.530409992E-1,9.760921478E0,9.764359318E0
1.810283802E1,-5.563312769E-2,2.530409992E-1,9.756135941E0,9.759575466E0
1.810499078E1,-6.520441920E-2,2.482553422E-1,9.737591743E0,9.740974042E0
1.810715441E1,-6.041877344E-2,2.386840582E-1,9.728020668E0,9.731135937E0
1.810931159E1,-5.084748194E-2,2.530409992E-1,9.723235130E0,9.726660095E0
1.811147005E1,-4.606183618E-2,2.482553422E-1,9.718449593E0,9.721729007E0
1.811362472E1,-6.041877344E-2,2.530409992E-1,9.728020668E0,9.731498666E0
1.811578113E1,-5.084748194E-2,2.482553422E-1,9.751350403E0,9.754642529E0
1.811794033E1,-5.563312769E-2,2.434697002E-1,9.723235130E0,9.726441998E0
1.812009852E1,-5.084748194E-2,2.578266263E-1,9.727422714E0,9.730971827E0
1.812225135E1,-6.041877344E-2,2.578266263E-1,9.732806206E0,9.736408046E0
1.812439619E1,-6.999006122E-2,2.386840582E-1,9.718449593E0,9.721632125E0
1.812657231E1,-6.999006122E-2,2.530409992E-1,9.704092026E0,9.707642886E0
1.812872832E1,-6.520441920E-2,2.482553422E-1,9.732806206E0,9.736190167E0
1.813088925E1,-7.956135273E-2,2.578266263E-1,9.737591743E0,9.741329352E0
1.813304015E1,-8.434699476E-2,2.434697002E-1,9.723235130E0,9.726648617E0
1.813518952E1,-5.084748194E-2,2.482553422E-1,9.732208252E0,9.735506851E0
1.813735801E1,-7.477571070E-2,2.434697002E-1,9.708877563E0,9.712217689E0
1.813951454E1,-7.058826834E-2,2.434697002E-1,9.675378799E0,9.678699040E0
1.814167584E1,-7.477571070E-2,2.578266263E-1,9.713663101E0,9.717371909E0
1.814383056E1,-6.520441920E-2,2.530409992E-1,9.728020668E0,9.731529555E0
1.814598779E1,-8.913264424E-2,2.721835673E-1,9.718449593E0,9.722668924E0
1.814813960E1,-6.999006122E-2,2.626122832E-1,9.742377281E0,9.746167396E0
1.815028399E1,-6.999006122E-2,2.386840582E-1,9.737591743E0,9.740768022E0
1.815245913E1,-8.434699476E-2,2.530409992E-1,9.747162819E0,9.750811617E0
1.815461758E1,-7.956135273E-2,2.482553422E-1,9.728020668E0,9.731513081E0
1.815677864E1,-7.956135273E-2,2.673979402E-1,9.728020668E0,9.732020231E0
1.815893017E1,-7.956135273E-2,2.626122832E-1,9.718449593E0,9.722322650E0
1.816108289E1,-8.913264424E-2,2.578266263E-1,9.713663101E0,9.717492992E0
1.816326231E1,-9.391828626E-2,2.578266263E-1,9.718449593E0,9.722322649E0
1.816541520E1,-8.913264424E-2,2.817548811E-1,9.756733894E0,9.761208262E0
1.816758096E1,-8.913264424E-2,2.673979402E-1,9.728020668E0,9.732103185E0
1.816972884E1,-9.930214286E-2,2.721835673E-1,9.684949875E0,9.689282682E0
1.817187924E1,-7.956135273E-2,2.769692242E-1,9.708877563E0,9.713153221E0
1.817404369E1,-7.477571070E-2,2.769692242E-1,9.756135941E0,9.760353060E0
1.817619202E1,-7.956135273E-2,2.769692242E-1,9.728020668E0,9.732287916E0
1.817836556E1,-7.477571070E-2,2.721835673E-1,9.723235130E0,9.727331428E0
1.818051651E1,-7.477571070E-2,2.721835673E-1,9.737591743E0,9.741682004E0
1.818266725E1,-6.999006122E-2,2.721835673E-1,9.732208252E0,9.736265196E0
1.818483570E1,-6.520441920E-2,2.769692242E-1,9.751350403E0,9.755500922E0
1.818699108E1,-5.563312769E-2,2.673979402E-1,9.741779327E0,9.745607275E0
1.818914978E1,-6.999006122E-2,2.721835673E-1,9.728020668E0,9.732079357E0
1.819129380E1,-6.999006122E-2,2.721835673E-1,9.713663101E0,9.717727787E0
1.819346164E1,-6.041877344E-2,2.673979402E-1,9.751350403E0,9.755203061E0
1.819560904E1,-7.477571070E-2,2.817548811E-1,9.770493507E0,9.774841206E0
1.819777617E1,-4.606183618E-2,2.769692242E-1,9.751350403E0,9.755391756E0
1.819991148E1,-6.041877344E-2,2.673979402E-1,9.708877563E0,9.712747069E0
1.820209731E1,-5.084748194E-2,2.817548811E-1,9.736993790E0,9.741202151E0
1.820425112E1,-5.563312769E-2,2.626122832E-1,9.775279045E0,9.778964192E0
1.820640770E1,-5.084748194E-2,2.721835673E-1,9.756135941E0,9.760064439E0
1.820854938E1,-5.563312769E-2,2.530409992E-1,9.722636223E0,9.726087595E0
1.821071102E1,-5.084748194E-2,2.769692242E-1,9.741779327E0,9.745848443E0
1.821287736E1,-4.606183618E-2,2.626122832E-1,9.751350403E0,9.754994699E0
1.821501895E1,-5.084748194E-2,2.626122832E-1,9.746564865E0,9.750234733E0
1.821719358E1,-6.041877344E-2,2.673979402E-1,9.736993790E0,9.740852126E0
1.821935356E1,-6.520441920E-2,2.673979402E-1,9.723235130E0,9.727129827E0
1.822151548E1,-6.520441920E-2,2.769692242E-1,9.722636223E0,9.726798995E0
1.822366900E1,-5.084748194E-2,2.721835673E-1,9.756135941E0,9.760064439E0
1.822581811E1,-5.563312769E-2,2.673979402E-1,9.775279045E0,9.779093880E0
1.822796744E1,-7.477571070E-2,2.626122832E-1,9.760921478E0,9.764739870E0
1.823012803E1,-7.477571070E-2,2.626122832E-1,9.756135941E0,9.759956204E0
1.823229933E1,-6.520441920E-2,2.530409992E-1,9.780064583E0,9.783554804E0
1.823445830E1,-7.956135273E-2,2.578266263E-1,9.794421196E0,9.798137126E0
1.823661612E1,-7.477571070E-2,2.482553422E-1,9.789635658E0,9.793068388E0
1.823876937E1,-7.477571070E-2,2.530409992E-1,9.780064583E0,9.783623276E0
1.824092809E1,-6.999006122E-2,2.673979402E-1,9.770493507E0,9.774402470E0
1.824308126E1,-8.434699476E-2,2.721835673E-1,9.770493507E0,9.774647906E0
1.824523051E1,-9.391828626E-2,2.530409992E-1,9.789635658E0,9.793355743E0
1.824739244E1,-7.956135273E-2,2.530409992E-1,9.780064583E0,9.783661022E0
1.824951815E1,-9.391828626E-2,2.434697002E-1,9.780662537E0,9.784143181E0
1.825168692E1,-9.391828626E-2,2.578266263E-1,9.808777809E0,9.812615213E0
1.825387333E1,-9.332008660E-2,2.578266263E-1,9.827920914E0,9.831745150E0
1.825603711E1,-1.034895778E-1,2.578266263E-1,9.789635658E0,9.793577027E0
1.825819512E1,-8.434699476E-2,2.434697002E-1,9.780064583E0,9.783458241E0
1.826033745E1,-9.870393574E-2,2.578266263E-1,9.813564301E0,9.817446782E0
1.826247895E1,-8.434699476E-2,2.386840582E-1,9.799206734E0,9.802476070E0
1.826465997E1,-9.870393574E-2,2.482553422E-1,9.808777809E0,9.812415365E0
1.826681728E1,-1.034895778E-1,2.578266263E-1,9.799206734E0,9.803144254E0
1.826897953E1,-1.130608693E-1,2.673979402E-1,9.794421196E0,9.798722926E0
1.827112845E1,-8.913264424E-2,2.530409992E-1,9.813564301E0,9.817230702E0
1.827327224E1,-8.434699476E-2,2.673979402E-1,9.808777809E0,9.812784426E0
1.827543421E1,-9.870393574E-2,2.386840582E-1,9.813564301E0,9.816962709E0
1.827760328E1,-8.913264424E-2,2.673979402E-1,9.765707016E0,9.769773785E0
1.827976737E1,-8.913264424E-2,2.482553422E-1,9.799206734E0,9.802756141E0
1.828192731E1,-6.939185411E-2,2.626122832E-1,9.837491989E0,9.841241237E0
1.828406076E1,-7.956135273E-2,2.530409992E-1,9.784850121E0,9.788444802E0
1.828622015E1,-9.870393574E-2,2.578266263E-1,9.737591743E0,9.741504504E0
1.828838906E1,-6.520441920E-2,2.626122832E-1,9.784850121E0,9.788590742E0
1.829055110E1,-6.520441920E-2,2.626122832E-1,9.803992271E0,9.807725592E0
1.829270425E1,-8.434699476E-2,2.626122832E-1,9.765707016E0,9.769601484E0
1.829484139E1,-6.999006122E-2,2.482553422E-1,9.751350403E0,9.754761094E0
1.829702129E1,-6.520441920E-2,2.530409992E-1,9.780064583E0,9.783554804E0
1.829917706E1,-6.520441920E-2,2.578266263E-1,9.760921478E0,9.764543732E0
1.830134146E1,-6.041877344E-2,2.578266263E-1,9.756135941E0,9.759729171E0
1.830348929E1,-3.649054468E-2,2.482553422E-1,9.756135941E0,9.759362211E0
1.830563855E1,-4.606183618E-2,2.578266263E-1,9.736993790E0,9.740515609E0
1.830780780E1,-5.563312769E-2,2.530409992E-1,9.722636223E0,9.726087595E0
1.830996580E1,-4.127619043E-2,2.434697002E-1,9.751350403E0,9.754476711E0
1.831212554E1,-4.127619043E-2,2.482553422E-1,9.765707016E0,9.768949174E0
1.831427634E1,-4.127619043E-2,2.578266263E-1,9.765707016E0,9.769197092E0
1.831641661E1,-5.084748194E-2,2.626122832E-1,9.717850685E0,9.721531393E0
1.831857974E1,-3.649054468E-2,2.530409992E-1,9.717850685E0,9.721213054E0
1.832073587E1,-6.041877344E-2,2.434697002E-1,9.723235130E0,9.726470548E0
1.832290038E1,-5.084748194E-2,2.530409992E-1,9.770493507E0,9.773901912E0
1.832505436E1,-4.606183618E-2,2.386840582E-1,9.732208252E0,9.735243666E0
1.832721494E1,-4.127619043E-2,2.530409992E-1,9.722636223E0,9.726016070E0
1.832938166E1,-4.606183618E-2,2.386840582E-1,9.717850685E0,9.720890582E0
1.833154374E1,-3.170489892E-2,2.673979402E-1,9.751350403E0,9.755067480E0
1.833370082E1,-5.563312769E-2,2.530409992E-1,9.727422714E0,9.730872389E0
1.833585019E1,-4.606183618E-2,2.578266263E-1,9.713065147E0,9.716595639E0
1.833798921E1,-5.563312769E-2,2.482553422E-1,9.727422714E0,9.730749119E0
1.834016993E1,-6.520441920E-2,2.673979402E-1,9.741779327E0,9.745666613E0
1.834232656E1,-6.041877344E-2,2.721835673E-1,9.736993790E0,9.740984672E0
1.834448705E1,-6.999006122E-2,2.434697002E-1,9.728020668E0,9.731318627E0
1.834662453E1,-7.956135273E-2,2.673979402E-1,9.694520950E0,9.698534329E0
1.834878406E1,-7.477571070E-2,2.530409992E-1,9.737591743E0,9.741165953E0
1.835094098E1,-6.041877344E-2,2.482553422E-1,9.736993790E0,9.740345436E0
1.835310492E1,-6.999006122E-2,2.626122832E-1,9.741779327E0,9.745569675E0
1.835527423E1,-8.434699476E-2,2.578266263E-1,9.708877563E0,9.712666602E0
1.835743746E1,-8.913264424E-2,2.673979402E-1,9.732806206E0,9.736886716E0
1.835960628E1,-8.434699476E-2,2.721835673E-1,9.742377281E0,9.746543664E0
1.836172834E1,-8.434699476E-2,2.530409992E-1,9.742377281E0,9.746027870E0
1.836388788E1,-8.913264424E-2,2.626122832E-1,9.704092026E0,9.708053970E0
1.836605425E1,-7.956135273E-2,2.673979402E-1,9.718449593E0,9.722453093E0
1.836821974E1,-7.477571070E-2,2.721835673E-1,9.746564865E0,9.750651361E0
1.837037367E1,-9.391828626E-2,2.626122832E-1,9.728020668E0,9.732017878E0
1.837251743E1,-9.391828626E-2,2.530409992E-1,9.713663101E0,9.717412271E0
1.837469140E1,-7.477571070E-2,2.673979402E-1,9.770493507E0,9.774437909E0
1.837684534E1,-8.434699476E-2,2.578266263E-1,9.760921478E0,9.764690322E0
1.837900704E1,-8.913264424E-2,2.673979402E-1,9.723235130E0,9.727319656E0
1.838115525E1,-6.999006122E-2,2.578266263E-1,9.713663101E0,9.717336262E0
1.838330004E1,-8.434699476E-2,2.482553422E-1,9.751948357E0,9.755472407E0
1.838546431E1,-8.434699476E-2,2.626122832E-1,9.760921478E0,9.764817855E0
1.838762058E1,-8.434699476E-2,2.578266263E-1,9.718449593E0,9.722234901E0
1.838979465E1,-7.956135273E-2,2.578266263E-1,9.718449593E0,9.722194560E0
1.839194796E1,-7.956135273E-2,2.626122832E-1,9.751350403E0,9.755210397E0
1.839409204E1,-7.956135273E-2,2.721835673E-1,9.736993790E0,9.741122213E0
1.839625018E1,-6.041877344E-2,2.434697002E-1,9.704092026E0,9.707333824E0
1.839841649E1,-6.520441920E-2,2.626122832E-1,9.746564865E0,9.750320174E0
1.840056559E1,-6.999006122E-2,2.434697002E-1,9.741779327E0,9.745072630E0
1.840272244E1,-5.084748194E-2,2.769692242E-1,9.727422714E0,9.731497833E0
1.840487668E1,-6.520441920E-2,2.578266263E-1,9.741779327E0,9.745408696E0
1.840703602E1,-6.041877344E-2,2.578266263E-1,9.770493507E0,9.774081459E0
1.840919450E1,-5.563312769E-2,2.482553422E-1,9.736993790E0,9.740316926E0
1.841135128E1,-5.563312769E-2,2.673979402E-1,9.713065147E0,9.716904407E0
1.841350718E1,-6.520441920E-2,2.482553422E-1,9.694520950E0,9.697918271E0
1.841565618E1,-5.084748194E-2,2.482553422E-1,9.746564865E0,9.749858607E0
1.841782471E1,-4.127619043E-2,2.673979402E-1,9.760921478E0,9.764670680E0
1.841998201E1,-6.520441920E-2,2.530409992E-1,9.708877563E0,9.712393367E0
1.842213917E1,-7.956135273E-2,2.673979402E-1,9.718449593E0,9.722453093E0
1.842428295E1,-5.503492057E-2,2.817548811E-1,9.803992271E0,9.808194488E0
1.842644394E1,-5.084748194E-2,2.626122832E-1,9.770493507E0,9.774154391E0
1.842861064E1,-7.956135273E-2,2.578266263E-1,9.689735413E0,9.693491473E0
1.843077157E1,-7.956135273E-2,2.626122832E-1,9.751350403E0,9.755210397E0
1.843292788E1,-7.956135273E-2,2.578266263E-1,9.789635658E0,9.793353404E0
1.843508384E1,-9.391828626E-2,2.578266263E-1,9.770493507E0,9.774345942E0
1.843724062E1,-8.913264424E-2,2.673979402E-1,9.756135941E0,9.760206697E0
1.843939891E1,-7.956135273E-2,2.482553422E-1,9.775279045E0,9.778754580E0
1.844155259E1,-9.391828626E-2,2.626122832E-1,9.756135941E0,9.760121636E0
1.844370355E1,-8.434699476E-2,2.769692242E-1,9.780064583E0,9.784349218E0
1.844586994E1,-9.870393574E-2,2.626122832E-1,9.813564301E0,9.817573629E0
1.844803096E1,-1.034895778E-1,2.721835673E-1,9.775279045E0,9.779615248E0
1.845019749E1,-9.391828626E-2,2.673979402E-1,9.775279045E0,9.779386623E0
1.845234362E1,-9.332008660E-2,2.673979402E-1,9.818349838E0,9.822433703E0
1.845450095E1,-9.870393574E-2,2.673979402E-1,9.808777809E0,9.812918334E0
1.845665566E1,-1.130608693E-1,2.626122832E-1,9.789635658E0,9.793809999E0
1.845881494E1,-1.130608693E-1,2.769692242E-1,9.771091461E0,9.775669954E0
1.846097382E1,-9.870393574E-2,2.865405083E-1,9.813564301E0,9.818242827E0
1.846312942E1,-9.810572863E-2,2.721835673E-1,9.832706451E0,9.836962173E0
1.846528783E1,-1.130608693E-1,2.626122832E-1,9.799206734E0,9.803376999E0
1.846744420E1,-1.034895778E-1,2.721835673E-1,9.780064583E0,9.784398665E0
1.846960540E1,-9.870393574E-2,2.626122832E-1,9.799206734E0,9.803221934E0
1.847177107E1,-1.082752272E-1,2.530409992E-1,9.790233612E0,9.794101666E0
1.847392345E1,-1.034895778E-1,2.626122832E-1,9.780662537E0,9.784734792E0
1.847607411E1,-9.391828626E-2,2.578266263E-1,9.771091461E0,9.774943660E0
1.847822993E1,-9.870393574E-2,2.578266263E-1,9.784850121E0,9.788743991E0
1.848039033E1,-9.870393574E-2,2.673979402E-1,9.799206734E0,9.803351301E0
1.848255866E1,-7.477571070E-2,2.530409992E-1,9.813564301E0,9.817110850E0
1.848470389E1,-8.434699476E-2,2.530409992E-1,9.780064583E0,9.783701110E0
1.848686262E1,-9.391828626E-2,2.817548811E-1,9.765707016E0,9.770222105E0
1.848901709E1,-7.956135273E-2,2.626122832E-1,9.770493507E0,9.774345942E0
1.849117604E1,-6.999006122E-2,2.482553422E-1,9.742377281E0,9.745791113E0
1.849332936E1,-7.956135273E-2,2.769692242E-1,9.741779327E0,9.746040551E0
1.849549173E1,-6.520441920E-2,2.482553422E-1,9.746564865E0,9.749944051E0
1.849764587E1,-8.434699476E-2,2.626122832E-1,9.784850121E0,9.788736972E0
1.849979768E1,-6.999006122E-2,2.578266263E-1,9.775279045E0,9.778929061E0
1.850196072E1,-6.999006122E-2,2.530409992E-1,9.756135941E0,9.759667866E0
1.850410948E1,-6.999006122E-2,2.578266263E-1,9.756135941E0,9.759793116E0
1.850627188E1,-5.084748194E-2,2.673979402E-1,9.760921478E0,9.764715829E0
1.850843707E1,-6.999006122E-2,2.673979402E-1,9.723235130E0,9.727163084E0
1.851059564E1,-7.956135273E-2,2.721835673E-1,9.732806206E0,9.736936404E0
1.851275377E1,-7.477571070E-2,2.721835673E-1,9.789635658E0,9.793704183E0
1.851490788E1,-6.041877344E-2,2.482553422E-1,9.732208252E0,9.735561545E0
1.851706649E1,-7.956135273E-2,2.865405083E-1,9.723235130E0,9.727781704E0
1.851922262E1,-6.041877344E-2,2.578266263E-1,9.770493507E0,9.774081459E0
1.852138149E1,-6.999006122E-2,2.721835673E-1,9.751350403E0,9.755399386E0
1.852353874E1,-1.034895778E-1,2.626122832E-1,9.728020668E0,9.732114951E0
1.852569353E1,-6.999006122E-2,2.626122832E-1,9.760921478E0,9.764704395E0
1.852784248E1,-8.913264424E-2,2.673979402E-1,9.751948357E0,9.756020861E0
1.853001170E1,-9.870393574E-2,2.578266263E-1,9.728020668E0,9.731937277E0
1.853216744E1,-7.477571070E-2,2.769692242E-1,9.756135941E0,9.760353060E0
1.853432848E1,-8.913264424E-2,2.626122832E-1,9.747162819E0,9.751107263E0
1.853647967E1,-8.913264424E-2,2.769692242E-1,9.723235130E0,9.727587470E0
1.853863103E1,-8.434699476E-2,2.434697002E-1,9.737591743E0,9.741000199E0
1.854079806E1,-7.956135273E-2,2.673979402E-1,9.770493507E0,9.774475692E0
1.854295554E1,-9.870393574E-2,2.626122832E-1,9.756733894E0,9.760766566E0
1.854511460E1,-6.999006122E-2,2.673979402E-1,9.751350403E0,9.755267036E0
1.854726733E1,-8.434699476E-2,2.578266263E-1,9.732806206E0,9.736585933E0
1.854941534E1,-9.391828626E-2,2.673979402E-1,9.718449593E0,9.722581179E0
1.855158531E1,-7.477571070E-2,2.578266263E-1,9.770493507E0,9.774180751E0
1.855374200E1,-8.913264424E-2,2.578266263E-1,9.737591743E0,9.741412226E0
1.855590334E1,-8.913264424E-2,2.769692242E-1,9.713663101E0,9.718019727E0
1.855805776E1,-6.999006122E-2,2.482553422E-1,9.742377281E0,9.745791113E0
1.856021490E1,-7.956135273E-2,2.578266263E-1,9.737591743E0,9.741329352E0
1.856237134E1,-7.956135273E-2,2.673979402E-1,9.732806206E0,9.736803803E0
1.856452948E1,-6.520441920E-2,2.769692242E-1,9.746564865E0,9.750717422E0
1.856668798E1,-7.956135273E-2,2.482553422E-1,9.732806206E0,9.736296902E0
1.856884720E1,-7.477571070E-2,2.769692242E-1,9.713663101E0,9.717898652E0
1.857098227E1,-6.520441920E-2,2.578266263E-1,9.760921478E0,9.764543732E0
1.857315994E1,-5.563312769E-2,2.673979402E-1,9.713663101E0,9.717502125E0
1.857531525E1,-6.041877344E-2,2.578266263E-1,9.723235130E0,9.726840515E0
1.857747920E1,-4.127619043E-2,2.530409992E-1,9.736993790E0,9.740368655E0
1.857962838E1,-5.084748194E-2,2.673979402E-1,9.694520950E0,9.698341280E0
1.858177914E1,-6.999006122E-2,2.626122832E-1,9.708877563E0,9.712680751E0
1.858394588E1,-3.649054468E-2,2.769692242E-1,9.775279045E0,9.779270112E0
1.858610422E1,-5.084748194E-2,2.578266263E-1,9.717850685E0,9.721403292E0
1.858826306E1,-5.623133108E-2,2.482553422E-1,9.665806770E0,9.669157833E0
1.859041934E1,-4.606183618E-2,2.530409992E-1,9.736993790E0,9.740390110E0
1.859257657E1,-3.170489892E-2,2.530409992E-1,9.760921478E0,9.764252304E0
1.859473400E1,-5.084748194E-2,2.386840582E-1,9.694520950E0,9.697592072E0
1.859688568E1,-6.520441920E-2,2.434697002E-1,9.694520950E0,9.697796944E0
1.859902994E1,-6.041877344E-2,2.578266263E-1,9.751350403E0,9.754945396E0
1.860120518E1,-6.999006122E-2,2.482553422E-1,9.751350403E0,9.754761094E0
1.860335942E1,-6.999006122E-2,2.386840582E-1,9.689735413E0,9.692927373E0
1.860550770E1,-7.477571070E-2,2.530409992E-1,9.713663101E0,9.717246112E0
1.860767834E1,-7.956135273E-2,2.578266263E-1,9.756135941E0,9.759866447E0
1.860983397E1,-6.041877344E-2,2.578266263E-1,9.756135941E0,9.759729171E0
1.861199766E1,-7.956135273E-2,2.530409992E-1,9.728020668E0,9.731636341E0
1.861414728E1,-7.477571070E-2,2.721835673E-1,9.760921478E0,9.765001967E0
1.861629848E1,-7.956135273E-2,2.626122832E-1,9.770493507E0,9.774345942E0
1.861846481E1,-8.913264424E-2,2.243271172E-1,9.747162819E0,9.750151296E0
1.862062320E1,-8.434699476E-2,2.626122832E-1,9.751948357E0,9.755848317E0
1.862278138E1,-7.477571070E-2,2.434697002E-1,9.789635658E0,9.792948240E0
1.862493192E1,-9.870393574E-2,2.673979402E-1,9.742377281E0,9.746546015E0
1.862708084E1,-9.391828626E-2,2.626122832E-1,9.747162819E0,9.751152182E0
1.862925277E1,-8.434699476E-2,2.578266263E-1,9.765707016E0,9.769474014E0
1.863140997E1,-1.034895778E-1,2.673979402E-1,9.766305923E0,9.770513965E0
1.863357117E1,-1.130608693E-1,2.626122832E-1,9.775876999E0,9.780057212E0
1.863572301E1,-9.391828626E-2,2.626122832E-1,9.780064583E0,9.784040530E0
1.863787792E1,-9.391828626E-2,2.530409992E-1,9.784850121E0,9.788572024E0
1.864003897E1,-8.434699476E-2,2.434697002E-1,9.765707016E0,9.769105662E0
1.864219755E1,-1.034895778E-1,2.338984162E-1,9.780662537E0,9.784006246E0
1.864435591E1,-9.391828626E-2,2.482553422E-1,9.789635658E0,9.793233260E0
1.864651233E1,-1.034895778E-1,2.626122832E-1,9.766305923E0,9.770384163E0
1.864866616E1,-9.391828626E-2,2.578266263E-1,9.803992271E0,9.807831548E0
1.865081704E1,-8.374879509E-2,2.626122832E-1,9.818349838E0,9.822218315E0
1.865298698E1,-8.434699476E-2,2.482553422E-1,9.775279045E0,9.778794687E0
1.865515900E1,-9.391828626E-2,2.434697002E-1,9.742377281E0,9.745871599E0
1.865731758E1,-8.434699476E-2,2.673979402E-1,9.770493507E0,9.774515817E0
1.865947360E1,-7.956135273E-2,2.578266263E-1,9.803992271E0,9.807704575E0
1.866162725E1,-7.956135273E-2,2.578266263E-1,9.770493507E0,9.774218534E0
1.866378476E1,-9.870393574E-2,2.530409992E-1,9.766305923E0,9.770082067E0
1.866594167E1,-7.417750359E-2,2.721835673E-1,9.832706451E0,9.836752633E0
1.866810051E1,-7.477571070E-2,2.578266263E-1,9.803992271E0,9.807666921E0
1.867025454E1,-8.913264424E-2,2.626122832E-1,9.751350403E0,9.755293154E0
1.867240495E1,-8.913264424E-2,2.482553422E-1,9.765707016E0,9.769268594E0
1.867456394E1,-7.956135273E-2,2.673979402E-1,9.794421196E0,9.798393656E0
1.867674990E1,-8.913264424E-2,2.530409992E-1,9.770493507E0,9.774176065E0
1.867888881E1,-8.434699476E-2,2.578266263E-1,9.765707016E0,9.769474014E0
1.868104318E1,-7.956135273E-2,2.626122832E-1,9.780064583E0,9.783913249E0
1.868317949E1,-8.913264424E-2,2.626122832E-1,9.789635658E0,9.793562996E0
1.868535892E1,-8.434699476E-2,2.626122832E-1,9.765707016E0,9.769601484E0
1.868751596E1,-7.477571070E-2,2.386840582E-1,9.732806206E0,9.736019624E0
1.868967822E1,-7.477571070E-2,2.721835673E-1,9.751350403E0,9.755434894E0
1.869182364E1,-8.913264424E-2,2.673979402E-1,9.794421196E0,9.798476047E0
1.869395907E1,-7.956135273E-2,2.769692242E-1,9.765707016E0,9.769957804E0
1.869613071E1,-1.034895778E-1,2.578266263E-1,9.775876999E0,9.779823913E0
1.869829156E1,-8.434699476E-2,2.769692242E-1,9.794421196E0,9.798699553E0
1.870046654E1,-8.913264424E-2,2.721835673E-1,9.770493507E0,9.774690374E0
1.870262005E1,-7.477571070E-2,2.721835673E-1,9.751350403E0,9.755434894E0
1.870477249E1,-8.434699476E-2,2.721835673E-1,9.775279045E0,9.779431411E0
1.870693358E1,-8.434699476E-2,2.530409992E-1,9.765707016E0,9.769348887E0
1.870909490E1,-9.391828626E-2,2.578266263E-1,9.761520386E0,9.765376360E0
1.871127016E1,-8.913264424E-2,2.530409992E-1,9.780064583E0,9.783743538E0
1.871340252E1,-8.434699476E-2,2.578266263E-1,9.751350403E0,9.755122945E0
1.871554700E1,-8.913264424E-2,2.673979402E-1,9.756135941E0,9.760206697E0
1.871770159E1,-1.034895778E-1,2.817548811E-1,9.789635658E0,9.794236174E0
1.871987816E1,-9.870393574E-2,2.673979402E-1,9.780064583E0,9.784217259E0
1.872203768E1,-9.391828626E-2,2.626122832E-1,9.747162819E0,9.751152182E0
1.872419303E1,-8.913264424E-2,2.673979402E-1,9.760921478E0,9.764990240E0
1.872633868E1,-9.391828626E-2,2.626122832E-1,9.770493507E0,9.774473348E0
1.872851169E1,-8.913264424E-2,2.578266263E-1,9.747162819E0,9.750979552E0
1.873065288E1,-8.434699476E-2,2.673979402E-1,9.741779327E0,9.745813488E0
1.873282653E1,-9.391828626E-2,2.721835673E-1,9.747162819E0,9.751414644E0
1.873498035E1,-8.434699476E-2,2.626122832E-1,9.737591743E0,9.741497451E0
1.873715154E1,-7.477571070E-2,2.721835673E-1,9.765707016E0,9.769785505E0
1.873929386E1,-8.913264424E-2,2.673979402E-1,9.765707016E0,9.769773785E0
1.874145079E1,-7.956135273E-2,2.626122832E-1,9.760921478E0,9.764777689E0
1.874360686E1,-7.956135273E-2,2.626122832E-1,9.736993790E0,9.740859473E0
1.874576463E1,-8.913264424E-2,2.721835673E-1,9.737591743E0,9.741802784E0
1.874791057E1,-6.520441920E-2,2.578266263E-1,9.760921478E0,9.764543732E0
1.875006928E1,-6.041877344E-2,2.578266263E-1,9.751350403E0,9.754945396E0
1.875223990E1,-7.956135273E-2,2.626122832E-1,9.718449593E0,9.722322650E0
1.875439978E1,-6.999006122E-2,2.530409992E-1,9.756135941E0,9.759667866E0
1.875655680E1,-6.999006122E-2,2.626122832E-1,9.751350403E0,9.755137031E0
1.875870750E1,-7.477571070E-2,2.673979402E-1,9.713663101E0,9.717630571E0
1.876085167E1,-7.477571070E-2,2.626122832E-1,9.746564865E0,9.750388879E0
1.876302267E1,-5.084748194E-2,2.673979402E-1,9.765707016E0,9.769499509E0
1.876516537E1,-6.999006122E-2,2.530409992E-1,9.723235130E0,9.726779002E0
1.876734610E1,-6.520441920E-2,2.673979402E-1,9.722636223E0,9.726531159E0
1.876949807E1,-5.084748194E-2,2.530409992E-1,9.732208252E0,9.735630060E0
1.877165973E1,-7.477571070E-2,2.530409992E-1,9.718449593E0,9.722030839E0
1.877380503E1,-5.084748194E-2,2.626122832E-1,9.722636223E0,9.726315119E0
1.877595931E1,-5.084748194E-2,2.673979402E-1,9.708279610E0,9.712094527E0
1.877812804E1,-5.084748194E-2,2.817548811E-1,9.732208252E0,9.736418681E0
1.878028447E1,-6.041877344E-2,2.578266263E-1,9.732208252E0,9.735810313E0
1.878243374E1,-6.041877344E-2,2.721835673E-1,9.722636223E0,9.726632996E0
1.878460482E1,-6.999006122E-2,2.673979402E-1,9.704092026E0,9.708027725E0
1.878677189E1,-5.084748194E-2,2.673979402E-1,9.717850685E0,9.721661847E0
1.878891911E1,-6.520441920E-2,2.817548811E-1,9.717850685E0,9.722153021E0
1.879107488E1,-6.041877344E-2,2.817548811E-1,9.741779327E0,9.746040258E0
1.879323498E1,-6.041877344E-2,2.626122832E-1,9.727422714E0,9.731154520E0
1.879537772E1,-6.041877344E-2,2.673979402E-1,9.699306488E0,9.703179811E0
1.879753914E1,-6.999006122E-2,2.626122832E-1,9.708877563E0,9.712680751E0
1.879967383E1,-6.520441920E-2,2.578266263E-1,9.741779327E0,9.745408696E0
1.880186541E1,-6.999006122E-2,2.530409992E-1,9.727422714E0,9.730965061E0
1.880402729E1,-7.477571070E-2,2.673979402E-1,9.699306488E0,9.703279828E0
1.880618288E1,-6.999006122E-2,2.578266263E-1,9.736993790E0,9.740658152E0
1.880833214E1,-6.999006122E-2,2.530409992E-1,9.751350403E0,9.754884061E0
1.881048774E1,-6.999006122E-2,2.530409992E-1,9.732208252E0,9.735748857E0
1.881264684E1,-5.563312769E-2,2.626122832E-1,9.727422714E0,9.731125984E0
1.881481108E1,-5.563312769E-2,2.626122832E-1,9.746564865E0,9.750260865E0
1.881698553E1,-6.999006122E-2,2.673979402E-1,9.727422714E0,9.731348978E0
1.881912011E1,-5.084748194E-2,2.530409992E-1,9.717850685E0,9.721277547E0
1.882127522E1,-5.563312769E-2,2.530409992E-1,9.751350403E0,9.754791616E0
1.882342144E1,-6.999006122E-2,2.578266263E-1,9.760921478E0,9.764576861E0
1.882557650E1,-6.520441920E-2,2.578266263E-1,9.727422714E0,9.731057437E0
1.882773331E1,-7.956135273E-2,2.673979402E-1,9.736993790E0,9.740989669E0
1.882989444E1,-6.999006122E-2,2.482553422E-1,9.775279045E0,9.778681390E0
1.883206833E1,-6.520441920E-2,2.530409992E-1,9.770493507E0,9.773987147E0
1.883422574E1,-6.999006122E-2,2.434697002E-1,9.751350403E0,9.754640474E0
1.883638274E1,-8.434699476E-2,2.530409992E-1,9.737591743E0,9.741244126E0
1.883853564E1,-8.913264424E-2,2.434697002E-1,9.747162819E0,9.750610501E0
1.884069415E1,-9.391828626E-2,2.530409992E-1,9.784850121E0,9.788572024E0
1.884285098E1,-7.956135273E-2,2.434697002E-1,9.756135941E0,9.759497733E0
1.884500923E1,-9.391828626E-2,2.578266263E-1,9.751948357E0,9.755808114E0
1.884716547E1,-1.034895778E-1,2.482553422E-1,9.771091461E0,9.774792537E0
1.884931950E1,-7.956135273E-2,2.434697002E-1,9.808777809E0,9.812121565E0
1.885146857E1,-8.434699476E-2,2.434697002E-1,9.789635658E0,9.793026000E0
1.885363942E1,-8.434699476E-2,2.626122832E-1,9.746564865E0,9.750466978E0
1.885579613E1,-8.434699476E-2,2.578266263E-1,9.742377281E0,9.746153296E0
1.885795679E1,-7.477571070E-2,2.530409992E-1,9.803992271E0,9.807542282E0
1.886011019E1,-7.956135273E-2,2.482553422E-1,9.794421196E0,9.797889941E0
1.886226908E1,-9.870393574E-2,2.673979402E-1,9.775279045E0,9.779433753E0
1.886442508E1,-8.434699476E-2,2.673979402E-1,9.780064583E0,9.784082957E0
1.886658390E1,-6.999006122E-2,2.626122832E-1,9.803992271E0,9.807758576E0
1.886874113E1,-8.434699476E-2,2.482553422E-1,9.775279045E0,9.778794687E0
1.887089540E1,-7.477571070E-2,2.482553422E-1,9.751350403E0,9.754796605E0
1.887304331E1,-7.477571070E-2,2.626122832E-1,9.756135941E0,9.759956204E0
1.887521394E1,-6.999006122E-2,2.578266263E-1,9.794421196E0,9.798064081E0
1.887736976E1,-6.999006122E-2,2.578266263E-1,9.780064583E0,9.783712814E0
1.887953121E1,-6.999006122E-2,2.434697002E-1,9.756733894E0,9.760022151E0
1.888167971E1,-6.999006122E-2,2.673979402E-1,9.775279045E0,9.779186095E0
1.888382347E1,-6.520441920E-2,2.626122832E-1,9.760921478E0,9.764671266E0
1.888600076E1,-6.041877344E-2,2.673979402E-1,9.780064583E0,9.783905934E0
1.888815791E1,-6.520441920E-2,2.578266263E-1,9.756135941E0,9.759759970E0
1.889031947E1,-6.520441920E-2,2.578266263E-1,9.784850121E0,9.788463519E0
1.889246905E1,-4.606183618E-2,2.626122832E-1,9.784850121E0,9.788481945E0
1.889461590E1,-6.520441920E-2,2.578266263E-1,9.775279045E0,9.778895980E0
1.889678736E1,-5.084748194E-2,2.673979402E-1,9.741779327E0,9.745581131E0
1.889894386E1,-6.520441920E-2,2.626122832E-1,9.784850121E0,9.788590742E0
1.890110619E1,-5.084748194E-2,2.626122832E-1,9.789635658E0,9.793289386E0
1.890325561E1,-6.041877344E-2,2.626122832E-1,9.756135941E0,9.759856768E0
1.890539505E1,-4.606183618E-2,2.482553422E-1,9.765707016E0,9.768970567E0
1.890755780E1,-5.563312769E-2,2.673979402E-1,9.799206734E0,9.803012257E0
1.890971559E1,-5.563312769E-2,2.530409992E-1,9.770493507E0,9.773927981E0
1.891187708E1,-5.084748194E-2,2.482553422E-1,9.741779327E0,9.745074686E0
1.891403012E1,-5.563312769E-2,2.578266263E-1,9.760921478E0,9.764484509E0
1.891617531E1,-6.041877344E-2,2.434697002E-1,9.765707016E0,9.768928367E0
1.891834928E1,-6.041877344E-2,2.530409992E-1,9.741779327E0,9.745252415E0
1.892050613E1,-6.999006122E-2,2.626122832E-1,9.784850121E0,9.788623790E0
1.892266489E1,-5.503492057E-2,2.673979402E-1,9.813564301E0,9.817360887E0
1.892480961E1,-6.041877344E-2,2.673979402E-1,9.789635658E0,9.793473256E0
1.892697829E1,-7.477571070E-2,2.673979402E-1,9.765707016E0,9.769653350E0
1.892913501E1,-6.999006122E-2,2.578266263E-1,9.780064583E0,9.783712814E0
1.893129609E1,-6.041877344E-2,2.578266263E-1,9.813564301E0,9.817136511E0
1.893344982E1,-6.999006122E-2,2.626122832E-1,9.732806206E0,9.736600046E0
1.893560850E1,-5.084748194E-2,2.578266263E-1,9.765707016E0,9.769242220E0
1.893776565E1,-5.563312769E-2,2.578266263E-1,9.780064583E0,9.783620642E0
1.893992320E1,-4.606183618E-2,2.530409992E-1,9.746564865E0,9.749957852E0
1.894207978E1,-4.606183618E-2,2.530409992E-1,9.741779327E0,9.745173980E0
1.894423871E1,-6.041877344E-2,2.578266263E-1,9.741779327E0,9.745377851E0
1.894639572E1,-5.084748194E-2,2.673979402E-1,9.784850121E0,9.788635196E0
1.894855586E1,-7.477571070E-2,2.578266263E-1,9.742377281E0,9.746075162E0
1.895069582E1,-6.999006122E-2,2.673979402E-1,9.708877563E0,9.712811324E0
1.895285539E1,-6.999006122E-2,2.530409992E-1,9.780064583E0,9.783587869E0
1.895502371E1,-6.999006122E-2,2.769692242E-1,9.784850121E0,9.789019483E0
1.895718509E1,-6.041877344E-2,2.482553422E-1,9.751350403E0,9.754697116E0
1.895934223E1,-6.041877344E-2,2.530409992E-1,9.746564865E0,9.750036248E0
1.896149745E1,-6.520441920E-2,2.721835673E-1,9.784850121E0,9.788852200E0
1.896365377E1,-7.956135273E-2,2.626122832E-1,9.780064583E0,9.783913249E0
1.896581231E1,-7.477571070E-2,2.434697002E-1,9.718449593E0,9.721786430E0
1.896796859E1,-6.999006122E-2,2.434697002E-1,9.732806206E0,9.736102544E0
1.897012595E1,-6.999006122E-2,2.482553422E-1,9.765707016E0,9.769112695E0
1.897227630E1,-7.477571070E-2,2.578266263E-1,9.742377281E0,9.746075162E0
1.897443254E1,-7.956135273E-2,2.673979402E-1,9.732806206E0,9.736803803E0
1.897659844E1,-6.041877344E-2,2.578266263E-1,9.746564865E0,9.750161623E0
1.897875819E1,-8.434699476E-2,2.673979402E-1,9.756733894E0,9.760761874E0
1.898091322E1,-6.999006122E-2,2.721835673E-1,9.765707016E0,9.769750049E0
1.898305922E1,-6.999006122E-2,2.673979402E-1,9.737591743E0,9.741513909E0
1.898521594E1,-6.999006122E-2,2.482553422E-1,9.728020668E0,9.731439536E0
1.898737507E1,-7.477571070E-2,2.578266263E-1,9.751948357E0,9.755642610E0
1.898953458E1,-6.520441920E-2,2.578266263E-1,9.789635658E0,9.793247291E0
1.899169190E1,-8.913264424E-2,2.530409992E-1,9.761520386E0,9.765206327E0
1.899384802E1,-7.956135273E-2,2.530409992E-1,9.694520950E0,9.698149113E0
1.899600664E1,-6.999006122E-2,2.530409992E-1,9.708877563E0,9.712426674E0
1.899816364E1,-5.563312769E-2,2.578266263E-1,9.784850121E0,9.788404441E0
1.900032205E1,-6.520441920E-2,2.626122832E-1,9.723235130E0,9.726999446E0
1.900248044E1,-9.391828626E-2,2.769692242E-1,9.694520950E0,9.698931336E0
1.900464485E1,-7.956135273E-2,2.626122832E-1,9.737591743E0,9.741457190E0
1.900679379E1,-9.391828626E-2,2.721835673E-1,9.784850121E0,9.789085576E0
1.900895168E1,-8.913264424E-2,2.721835673E-1,9.751948357E0,9.756153201E0
1.901110639E1,-8.434699476E-2,2.482553422E-1,9.704092026E0,9.707633449E0
1.901326594E1,-6.041877344E-2,2.626122832E-1,9.727422714E0,9.731154520E0
1.901541845E1,-5.563312769E-2,2.578266263E-1,9.780064583E0,9.783620642E0
1.901758218E1,-7.477571070E-2,2.482553422E-1,9.723235130E0,9.726691294E0
1.901973761E1,-7.956135273E-2,2.578266263E-1,9.713663101E0,9.717409913E0
1.902189710E1,-6.520441920E-2,2.386840582E-1,9.727422714E0,9.730569066E0
1.902405257E1,-6.041877344E-2,2.482553422E-1,9.751350403E0,9.754697116E0
1.902621123E1,-7.956135273E-2,2.434697002E-1,9.741779327E0,9.745146072E0
1.902836752E1,-6.999006122E-2,2.673979402E-1,9.741779327E0,9.745699807E0
1.903052596E1,-9.391828626E-2,2.626122832E-1,9.728020668E0,9.732017878E0
1.903268281E1,-8.434699476E-2,2.530409992E-1,9.746564865E0,9.750213887E0
1.903484061E1,-8.434699476E-2,2.769692242E-1,9.756135941E0,9.760431079E0
1.903699780E1,-8.434699476E-2,2.482553422E-1,9.737591743E0,9.741120987E0
1.903915561E1,-6.999006122E-2,2.434697002E-1,9.732208252E0,9.735504792E0
1.904131300E1,-7.477571070E-2,2.530409992E-1,9.732208252E0,9.735784438E0
1.904347044E1,-8.434699476E-2,2.578266263E-1,9.789635658E0,9.793393452E0
1.904562655E1,-6.999006122E-2,2.769692242E-1,9.789635658E0,9.793802984E0
1.904778530E1,-7.477571070E-2,2.482553422E-1,9.708877563E0,9.712338836E0
1.904994140E1,-8.913264424E-2,2.482553422E-1,9.704092026E0,9.707676209E0
1.905210062E1,-6.520441920E-2,2.344966233E-1,9.789635658E0,9.792660854E0
1.905425639E1,-6.999006122E-2,2.578266263E-1,9.780064583E0,9.783712814E0
1.905641536E1,-7.477571070E-2,2.291127741E-1,9.728020668E0,9.731005610E0
1.905857091E1,-8.913264424E-2,2.482553422E-1,9.737591743E0,9.741163601E0
1.906072407E1,-6.999006122E-2,2.769692242E-1,9.751350403E0,9.755534083E0
1.906288696E1,-7.956135273E-2,2.626122832E-1,9.736993790E0,9.740859473E0
1.906504438E1,-8.434699476E-2,2.530409992E-1,9.760921478E0,9.764565135E0
1.906720256E1,-7.956135273E-2,2.578266263E-1,9.780064583E0,9.783785966E0
1.906935874E1,-7.956135273E-2,2.626122832E-1,9.756135941E0,9.759994043E0
1.907151248E1,-6.520441920E-2,2.530409992E-1,9.746564865E0,9.750067078E0
1.907367477E1,-6.041877344E-2,2.626122832E-1,9.765707016E0,9.769424198E0
1.907583219E1,-6.520441920E-2,2.626122832E-1,9.732208252E0,9.735969099E0
1.907798958E1,-7.956135273E-2,2.578266263E-1,9.723235130E0,9.726978255E0
1.908014547E1,-7.956135273E-2,2.482553422E-1,9.775279045E0,9.778754580E0
1.908230693E1,-6.999006122E-2,2.530409992E-1,9.780064583E0,9.783587869E0
1.908447273E1,-7.956135273E-2,2.626122832E-1,9.765707016E0,9.769561338E0
1.908663111E1,-7.477571070E-2,2.578266263E-1,9.736993790E0,9.740693714E0
1.908878726E1,-8.434699476E-2,2.626122832E-1,9.728020668E0,9.731930217E0
1.909094353E1,-7.477571070E-2,2.578266263E-1,9.741779327E0,9.745477435E0
1.909310077E1,-8.434699476E-2,2.673979402E-1,9.770493507E0,9.774515817E0
1.909525831E1,-7.956135273E-2,2.626122832E-1,9.803992271E0,9.807831548E0
1.909741231E1,-7.956135273E-2,2.626122832E-1,9.794421196E0,9.798264223E0
1.909956351E1,-7.477571070E-2,2.386840582E-1,9.742377281E0,9.745587544E0
1.910172960E1,-7.956135273E-2,2.578266263E-1,9.713663101E0,9.717409913E0
1.910388706E1,-7.956135273E-2,2.578266263E-1,9.760921478E0,9.764650157E0
1.910604304E1,-8.434699476E-2,2.626122832E-1,9.780064583E0,9.783953335E0
1.910820325E1,-9.391828626E-2,2.626122832E-1,9.760921478E0,9.764905220E0
1.911036045E1,-7.477571070E-2,2.434697002E-1,9.770493507E0,9.773812576E0
1.911251870E1,-8.374879509E-2,2.769692242E-1,9.813564301E0,9.817829195E0
1.911467415E1,-6.460621208E-2,2.482553422E-1,9.813564301E0,9.816916469E0
1.911683234E1,-9.391828626E-2,2.530409992E-1,9.708877563E0,9.712628580E0
1.911898890E1,-8.434699476E-2,2.578266263E-1,9.689735413E0,9.693531934E0
1.912114747E1,-6.939185411E-2,2.769692242E-1,9.818349838E0,9.822500737E0
1.912330412E1,-5.982056633E-2,2.721835673E-1,9.832706451E0,9.836654846E0
1.912546103E1,-6.520441920E-2,2.626122832E-1,9.756135941E0,9.759887567E0
1.912760952E1,-6.999006122E-2,2.721835673E-1,9.741779327E0,9.745832287E0
1.912977723E1,-6.041877344E-2,2.865405083E-1,9.789635658E0,9.794014612E0
1.913193337E1,-6.520441920E-2,2.769692242E-1,9.770493507E0,9.774635898E0
1.913409440E1,-6.520441920E-2,2.721835673E-1,9.717850685E0,9.721880345E0
1.913624867E1,-6.999006122E-2,2.578266263E-1,9.770493507E0,9.774145311E0
1.913840783E1,-6.460621208E-2,2.913261652E-1,9.856036186E0,9.860552429E0
1.914056354E1,-6.520441920E-2,2.482553422E-1,9.803992271E0,9.807351671E0
1.914272199E1,-7.477571070E-2,2.578266263E-1,9.732806206E0,9.736507722E0
1.914487917E1,-8.434699476E-2,2.578266263E-1,9.732806206E0,9.736585933E0
1.914703408E1,-5.563312769E-2,2.721835673E-1,9.775279045E0,9.779225907E0
1.914918050E1,-6.041877344E-2,2.530409992E-1,9.732208252E0,9.735684754E0
1.915134213E1,-9.870393574E-2,2.530409992E-1,9.699306488E0,9.703108706E0
1.915350789E1,-6.041877344E-2,2.673979402E-1,9.794421196E0,9.798256919E0
1.915566897E1,-7.956135273E-2,2.626122832E-1,9.794421196E0,9.798264223E0
1.915782281E1,-7.477571070E-2,2.721835673E-1,9.713663101E0,9.717763433E0
1.915997192E1,-6.999006122E-2,2.530409992E-1,9.741779327E0,9.745316456E0
1.916213869E1,-8.913264424E-2,2.626122832E-1,9.765707016E0,9.769643973E0
1.916429603E1,-7.956135273E-2,2.626122832E-1,9.704092026E0,9.707970811E0
1.916645484E1,-9.870393574E-2,2.482553422E-1,9.732806206E0,9.736472144E0
1.916860896E1,-8.434699476E-2,2.673979402E-1,9.794421196E0,9.798433683E0
1.917076053E1,-8.913264424E-2,2.578266263E-1,9.765707016E0,9.769516504E0
1.917292588E1,-8.913264424E-2,2.578266263E-1,9.723235130E0,9.727061252E0
1.917508219E1,-7.956135273E-2,2.913261652E-1,9.746564865E0,9.751242363E0
1.917724278E1,-8.434699476E-2,2.626122832E-1,9.728020668E0,9.731930217E0
1.917940168E1,-7.956135273E-2,2.769692242E-1,9.713663101E0,9.717936654E0
1.918157194E1,-1.034895778E-1,2.673979402E-1,9.775279045E0,9.779483226E0
1.918373124E1,-7.477571070E-2,2.626122832E-1,9.780064583E0,9.783875503E0
1.918589846E1,-1.034895778E-1,2.530409992E-1,9.699306488E0,9.703158568E0
1.918804017E1,-8.913264424E-2,2.578266263E-1,9.747162819E0,9.750979552E0
1.919019837E1,-7.956135273E-2,2.530409992E-1,9.803992271E0,9.807579937E0
1.919235024E1,-7.956135273E-2,2.626122832E-1,9.741779327E0,9.745643113E0
1.919450700E1,-8.494520187E-2,2.434697002E-1,9.670592308E0,9.674029604E0
1.919667079E1,-7.477571070E-2,2.434697002E-1,9.751350403E0,9.754675985E0
1.919882476E1,-6.939185411E-2,2.721835673E-1,9.808777809E0,9.812798848E0
1.920096556E1,-8.913264424E-2,2.338984162E-1,9.751948357E0,9.755160165E0
1.920311018E1,-8.973085135E-2,2.338984162E-1,9.680164337E0,9.683405480E0
1.920528226E1,-6.999006122E-2,2.482553422E-1,9.751350403E0,9.754761094E0
1.920742956E1,-6.520441920E-2,2.578266263E-1,9.770493507E0,9.774112214E0
1.920962227E1,-8.434699476E-2,2.530409992E-1,9.684949875E0,9.688622102E0
1.921177567E1,-8.913264424E-2,2.482553422E-1,9.689735413E0,9.693324905E0
1.921393519E1,-7.477571070E-2,2.578266263E-1,9.760921478E0,9.764612336E0
1.921607479E1,-7.477571070E-2,2.578266263E-1,9.799206734E0,9.802883177E0
1.921824458E1,-6.041877344E-2,2.482553422E-1,9.756135941E0,9.759481013E0
1.922040293E1,-6.999006122E-2,2.434697002E-1,9.737591743E0,9.740886462E0
1.922255890E1,-6.520441920E-2,2.482553422E-1,9.775279045E0,9.778648308E0
1.922470128E1,-6.041877344E-2,2.578266263E-1,9.784850121E0,9.788432810E0
1.922685716E1,-6.041877344E-2,2.338984162E-1,9.718449593E0,9.721451609E0
1.922901608E1,-7.477571070E-2,2.530409992E-1,9.694520950E0,9.698111033E0
1.923118018E1,-5.563312769E-2,2.338984162E-1,9.713663101E0,9.716638017E0
1.923335058E1,-5.084748194E-2,2.673979402E-1,9.746564865E0,9.750364803E0
1.923550338E1,-7.477571070E-2,2.721835673E-1,9.784850121E0,9.788920634E0
1.923764824E1,-6.520441920E-2,2.626122832E-1,9.722636223E0,9.726400771E0
1.923980575E1,-8.494520187E-2,2.530409992E-1,9.656235695E0,9.659924080E0
1.924197704E1,-6.999006122E-2,2.721835673E-1,9.770493507E0,9.774534561E0
1.924413732E1,-5.503492057E-2,2.530409992E-1,9.842277527E0,9.845683598E0
1.924629688E1,-8.913264424E-2,2.530409992E-1,9.704092026E0,9.707799772E0
1.924844721E1,-8.494520187E-2,2.578266263E-1,9.680164337E0,9.683969839E0
1.925059407E1,-5.084748194E-2,2.673979402E-1,9.775279045E0,9.779067825E0
1.925275016E1,-7.477571070E-2,2.626122832E-1,9.784850121E0,9.788659178E0
1.925492096E1,-7.477571070E-2,2.769692242E-1,9.736993790E0,9.741219196E0
1.925708008E1,-6.999006122E-2,2.626122832E-1,9.775279045E0,9.779056408E0
1.925923606E1,-7.956135273E-2,2.769692242E-1,9.799206734E0,9.803442996E0
1.926138009E1,-6.520441920E-2,2.769692242E-1,9.784850121E0,9.788986436E0
1.926355189E1,-8.913264424E-2,2.578266263E-1,9.756733894E0,9.760546884E0
1.926570862E1,-9.870393574E-2,2.769692242E-1,9.775279045E0,9.779700140E0
1.926786926E1,-7.477571070E-2,2.673979402E-1,9.784850121E0,9.788788737E0
1.927002236E1,-8.434699476E-2,2.673979402E-1,9.713663101E0,9.717708934E0
1.927218193E1,-9.391828626E-2,2.578266263E-1,9.751948357E0,9.755808114E0
1.927434317E1,-5.084748194E-2,2.578266263E-1,9.765707016E0,9.769242220E0
1.927650276E1,-9.391828626E-2,2.626122832E-1,9.756733894E0,9.760719345E0
1.927865256E1,-8.434699476E-2,2.482553422E-1,9.728020668E0,9.731553383E0
1.928080990E1,-5.982056633E-2,2.721835673E-1,9.808777809E0,9.812735832E0
1.928296663E1,-6.520441920E-2,2.530409992E-1,9.789635658E0,9.793122469E0
1.928512597E1,-7.956135273E-2,2.578266263E-1,9.751350403E0,9.755082740E0
1.928728422E1,-6.999006122E-2,2.434697002E-1,9.727422714E0,9.730720876E0
1.928944101E1,-7.477571070E-2,2.626122832E-1,9.775279045E0,9.779091830E0
1.929159660E1,-4.606183618E-2,2.626122832E-1,9.760921478E0,9.764562203E0
1.929375123E1,-6.520441920E-2,2.721835673E-1,9.736993790E0,9.741015531E0
1.929589836E1,-6.520441920E-2,2.530409992E-1,9.717850685E0,9.721363243E0
1.929806610E1,-6.520441920E-2,2.626122832E-1,9.751350403E0,9.755103870E0
1.930021090E1,-6.520441920E-2,2.578266263E-1,9.794421196E0,9.798031065E0
1.930238476E1,-5.563312769E-2,2.817548811E-1,9.756135941E0,9.760362153E0
1.930452541E1,-4.127619043E-2,2.386840582E-1,9.746564865E0,9.749574374E0
1.930669194E1,-5.563312769E-2,2.530409992E-1,9.751350403E0,9.754791616E0
1.930885344E1,-6.999006122E-2,2.578266263E-1,9.751350403E0,9.755009372E0
1.931100510E1,-6.041877344E-2,2.482553422E-1,9.775279045E0,9.778617569E0
1.931317124E1,-5.982056633E-2,2.721835673E-1,9.851250648E0,9.855191613E0
1.931531370E1,-5.563312769E-2,2.626122832E-1,9.780064583E0,9.783747927E0
1.931747273E1,-8.913264424E-2,2.626122832E-1,9.704092026E0,9.708053970E0
1.931964435E1,-6.520441920E-2,2.769692242E-1,9.784850121E0,9.788986436E0
1.932180300E1,-6.520441920E-2,2.673979402E-1,9.784850121E0,9.788720302E0
1.932395777E1,-1.034895778E-1,2.578266263E-1,9.694520950E0,9.698500973E0
1.932609962E1,-7.417750359E-2,2.721835673E-1,9.808777809E0,9.812833857E0
1.932825794E1,-5.982056633E-2,2.488535494E-1,9.856635094E0,9.859957503E0
1.933041510E1,-8.913264424E-2,2.392822653E-1,9.799206734E0,9.802533001E0
1.933258085E1,-8.434699476E-2,2.530409992E-1,9.760921478E0,9.764565135E0
1.933475028E1,-6.999006122E-2,2.434697002E-1,9.756135941E0,9.759424399E0
1.933690698E1,-8.913264424E-2,2.626122832E-1,9.728020668E0,9.731972871E0
1.933906297E1,-7.956135273E-2,2.482553422E-1,9.708877563E0,9.712376860E0
1.934121835E1,-8.434699476E-2,2.386840582E-1,9.699306488E0,9.702609486E0
1.934337285E1,-9.870393574E-2,2.482553422E-1,9.789635658E0,9.793280324E0
1.934552413E1,-9.332008660E-2,2.488535494E-1,9.837491989E0,9.841081514E0
1.934768002E1,-9.870393574E-2,2.626122832E-1,9.775279045E0,9.779304070E0
1.934981641E1,-1.130608693E-1,2.721835673E-1,9.742377281E0,9.746834447E0
1.935199496E1,-6.520441920E-2,2.626122832E-1,9.784850121E0,9.788590742E0
1.935416396E1,-8.434699476E-2,2.578266263E-1,9.732806206E0,9.736585933E0
1.935632719E1,-8.434699476E-2,2.673979402E-1,9.713663101E0,9.717708934E0
1.935847998E1,-5.503492057E-2,2.578266263E-1,9.818349838E0,9.821888666E0
1.936062624E1,-6.939185411E-2,2.578266263E-1,9.827920914E0,9.831547146E0
1.936279388E1,-8.913264424E-2,2.578266263E-1,9.747162819E0,9.750979552E0
1.936494973E1,-7.956135273E-2,2.530409992E-1,9.747162819E0,9.750771394E0
1.936711015E1,-8.434699476E-2,2.721835673E-1,9.751350403E0,9.755512954E0
1.936926204E1,-9.870393574E-2,2.626122832E-1,9.747162819E0,9.751199449E0
1.937140905E1,-6.520441920E-2,2.769692242E-1,9.780064583E0,9.784202922E0
1.937357281E1,-7.956135273E-2,2.578266263E-1,9.813564301E0,9.817272985E0
1.937572670E1,-6.520441920E-2,2.721835673E-1,9.803992271E0,9.807986540E0
1.937789732E1,-8.434699476E-2,2.530409992E-1,9.732806206E0,9.736460384E0
1.938005886E1,-8.494520187E-2,2.434697002E-1,9.680164337E0,9.683598235E0
1.938223055E1,-6.041877344E-2,2.386840582E-1,9.689735413E0,9.692862986E0
1.938435602E1,-6.041877344E-2,2.482553422E-1,9.718449593E0,9.721807632E0
1.938652524E1,-6.041877344E-2,2.338984162E-1,9.694520950E0,9.697530374E0
1.938867661E1,-7.537391037E-2,2.434697002E-1,9.684949875E0,9.688302885E0
1.939084410E1,-6.520441920E-2,2.530409992E-1,9.789635658E0,9.793122469E0
1.939299856E1,-6.520441920E-2,2.530409992E-1,9.780064583E0,9.783554804E0
1.939512203E1,-8.913264424E-2,2.578266263E-1,9.689735413E0,9.693574757E0
1.939730655E1,-9.870393574E-2,2.578266263E-1,9.694520950E0,9.698451087E0
1.939944196E1,-6.041877344E-2,2.673979402E-1,9.775279045E0,9.779122276E0
1.940161668E1,-8.434699476E-2,2.530409992E-1,9.799206734E0,9.802836160E0
1.940375683E1,-7.956135273E-2,2.626122832E-1,9.732806206E0,9.736673552E0
1.940591788E1,-7.477571070E-2,2.434697002E-1,9.737591743E0,9.740922023E0
1.940807235E1,-6.999006122E-2,2.482553422E-1,9.708877563E0,9.712303170E0
1.941023309E1,-7.477571070E-2,2.338984162E-1,9.689735413E0,9.692846447E0
1.941238959E1,-8.434699476E-2,2.530409992E-1,9.756733894E0,9.760379114E0
1.941454908E1,-6.041877344E-2,2.530409992E-1,9.775279045E0,9.778740235E0
1.941670762E1,-8.913264424E-2,2.626122832E-1,9.732806206E0,9.736756466E0
1.941886369E1,-9.391828626E-2,2.578266263E-1,9.708877563E0,9.712754437E0
1.942102058E1,-8.434699476E-2,2.578266263E-1,9.803992271E0,9.807744565E0
1.942317816E1,-9.332008660E-2,2.769692242E-1,9.823135376E0,9.827482343E0
1.942533822E1,-9.391828626E-2,2.578266263E-1,9.718449593E0,9.722322649E0
1.942749396E1,-1.040877849E-1,2.578266263E-1,9.670592308E0,9.674588592E0
1.942965151E1,-8.434699476E-2,2.913261652E-1,9.780064583E0,9.784766149E0
1.943180792E1,-8.374879509E-2,2.865405083E-1,9.837491989E0,9.842020522E0
1.943396361E1,-1.034895778E-1,2.578266263E-1,9.694520950E0,9.698500973E0
1.943612195E1,-8.973085135E-2,2.769692242E-1,9.670592308E0,9.674973859E0
1.943827951E1,-7.956135273E-2,2.721835673E-1,9.780064583E0,9.784174832E0
1.944043760E1,-6.999006122E-2,2.817548811E-1,9.775279045E0,9.779589195E0
1.944259352E1,-9.870393574E-2,2.434697002E-1,9.742377281E0,9.745918892E0
1.944475174E1,-9.870393574E-2,2.721835673E-1,9.756135941E0,9.760431079E0
1.944690866E1,-8.434699476E-2,2.817548811E-1,9.803992271E0,9.808402759E0
1.944906786E1,-9.391828626E-2,2.434697002E-1,9.756733894E0,9.760223072E0
1.945122665E1,-7.956135273E-2,2.817548811E-1,9.751350403E0,9.755744487E0
1.945339527E1,-7.477571070E-2,2.673979402E-1,9.780064583E0,9.784005126E0
1.945555207E1,-8.913264424E-2,2.626122832E-1,9.713663101E0,9.717621143E0
1.945770681E1,-7.956135273E-2,2.913261652E-1,9.770493507E0,9.775159555E0
1.945985314E1,-5.563312769E-2,2.721835673E-1,9.780064583E0,9.784009515E0
1.946202142E1,-5.563312769E-2,2.530409992E-1,9.694520950E0,9.697982329E0
1.946417813E1,-7.477571070E-2,2.530409992E-1,9.723235130E0,9.726814615E0
1.946633655E1,-4.067798331E-2,2.721835673E-1,9.803992271E0,9.807854151E0
1.946848275E1,-5.084748194E-2,2.769692242E-1,9.784850121E0,9.788901333E0
1.947065105E1,-6.999006122E-2,2.530409992E-1,9.689735413E0,9.693291532E0
1.947280903E1,-7.477571070E-2,2.530409992E-1,9.732208252E0,9.735784438E0
1.947496889E1,-5.982056633E-2,2.865405083E-1,9.870393753E0,9.874733252E0
1.947712292E1,-5.563312769E-2,2.530409992E-1,9.803992271E0,9.807415014E0
1.947928093E1,-7.477571070E-2,2.817548811E-1,9.708877563E0,9.713252841E0
1.948143757E1,-6.520441920E-2,2.626122832E-1,9.727422714E0,9.731185410E0
1.948359616E1,-5.503492057E-2,2.961117923E-1,9.813564301E0,9.818184930E0
1.948575240E1,-6.520441920E-2,2.482553422E-1,9.727422714E0,9.730808548E0
1.948791120E1,-8.494520187E-2,2.578266263E-1,9.670592308E0,9.674401576E0
1.949006845E1,-7.477571070E-2,2.530409992E-1,9.789635658E0,9.793190873E0
1.949222331E1,-5.024927482E-2,2.578266263E-1,9.851250648E0,9.854752097E0
1.949437232E1,-8.434699476E-2,2.626122832E-1,9.770493507E0,9.774386068E0
1.949654097E1,-8.434699476E-2,2.721835673E-1,9.736993790E0,9.741162475E0
1.949869452E1,-8.434699476E-2,2.769692242E-1,9.799206734E0,9.803483002E0
1.950085816E1,-6.999006122E-2,2.626122832E-1,9.789635658E0,9.793407484E0
1.950301081E1,-6.939185411E-2,2.530409992E-1,9.808777809E0,9.812286537E0
1.950516482E1,-6.041877344E-2,2.482553422E-1,9.765707016E0,9.769048811E0
1.950731774E1,-8.434699476E-2,2.482553422E-1,9.742377281E0,9.745904792E0
1.950948512E1,-7.956135273E-2,2.482553422E-1,9.751350403E0,9.754834463E0
1.951164267E1,-6.520441920E-2,2.721835673E-1,9.770493507E0,9.774501465E0
1.951380244E1,-8.434699476E-2,2.482553422E-1,9.756135941E0,9.759658479E0
1.951595648E1,-6.520441920E-2,2.482553422E-1,9.780064583E0,9.783432198E0
1.951811488E1,-7.477571070E-2,2.673979402E-1,9.789635658E0,9.793572351E0
1.952027132E1,-8.434699476E-2,2.386840582E-1,9.780064583E0,9.783340316E0
1.952243290E1,-6.041877344E-2,2.482553422E-1,9.794421196E0,9.797753197E0
1.952459848E1,-8.913264424E-2,2.673979402E-1,9.770493507E0,9.774558285E0
1.952674459E1,-6.520441920E-2,2.673979402E-1,9.717850685E0,9.721747539E0
1.952890116E1,-7.956135273E-2,2.673979402E-1,9.723235130E0,9.727236661E0
1.953105657E1,-8.434699476E-2,2.673979402E-1,9.780064583E0,9.784082957E0
1.953321601E1,-7.956135273E-2,2.434697002E-1,9.803992271E0,9.807337659E0
1.953537452E1,-7.477571070E-2,2.578266263E-1,9.732208252E0,9.735909995E0
1.953753099E1,-9.391828626E-2,2.482553422E-1,9.756135941E0,9.759745891E0
1.953968963E1,-4.067798331E-2,2.536391914E-1,9.827322960E0,9.830679737E0
1.954184675E1,-6.041877344E-2,2.338984162E-1,9.727422714E0,9.730421962E0
1.954400404E1,-7.537391037E-2,2.673979402E-1,9.637093544E0,9.641097181E0
1.954616050E1,-5.563312769E-2,2.578266263E-1,9.732208252E0,9.735781791E0
1.954831879E1,-3.589234129E-2,2.626122832E-1,9.812965393E0,9.816544365E0
1.955047537E1,-8.913264424E-2,2.530409992E-1,9.789635658E0,9.793311018E0
1.955263387E1,-7.956135273E-2,2.482553422E-1,9.765707016E0,9.769185956E0
1.955479029E1,-6.520441920E-2,2.626122832E-1,9.756135941E0,9.759887567E0
1.955694902E1,-1.034895778E-1,2.386840582E-1,9.728020668E0,9.731498666E0
1.955910376E1,-6.999006122E-2,2.386840582E-1,9.704092026E0,9.707279265E0
1.956125341E1,-6.999006122E-2,2.482553422E-1,9.784850121E0,9.788249139E0
1.956342034E1,-7.477571070E-2,2.769692242E-1,9.775279045E0,9.779487909E0
1.956557926E1,-8.015955985E-2,2.338984162E-1,9.661021233E0,9.664184667E0
1.956773746E1,-8.434699476E-2,2.721835673E-1,9.746564865E0,9.750729459E0
1.956989528E1,-7.417750359E-2,2.817548811E-1,9.870991707E0,9.875290648E0
1.957205682E1,-7.477571070E-2,2.626122832E-1,9.765707016E0,9.769523537E0
1.957420524E1,-1.088734269E-1,2.530409992E-1,9.608977318E0,9.612925063E0
1.957636574E1,-8.913264424E-2,2.673979402E-1,9.770493507E0,9.774558285E0
1.957852110E1,-6.939185411E-2,2.578266263E-1,9.894321442E0,9.897923347E0
1.958067839E1,-1.082752272E-1,2.338984162E-1,9.728020668E0,9.731434535E0
1.958282546E1,-9.930214286E-2,2.434697002E-1,9.632308006E0,9.635896219E0
1.958497831E1,-8.434699476E-2,2.530409992E-1,9.742377281E0,9.746027870E0
1.958715282E1,-8.434699476E-2,2.865405083E-1,9.794421196E0,9.798974765E0
1.958931126E1,-9.391828626E-2,2.721835673E-1,9.718449593E0,9.722713974E0
1.959147111E1,-9.391828626E-2,2.721835673E-1,9.732806206E0,9.737064300E0
1.959362154E1,-7.956135273E-2,2.673979402E-1,9.784850121E0,9.788826464E0
1.959578246E1,-8.913264424E-2,2.626122832E-1,9.794421196E0,9.798346616E0
1.959793889E1,-9.870393574E-2,2.578266263E-1,9.789635658E0,9.793527626E0
1.960009798E1,-7.956135273E-2,2.721835673E-1,9.751350403E0,9.755472750E0
1.960225129E1,-9.451649338E-2,2.434697002E-1,9.684949875E0,9.688470723E0
1.960440227E1,-8.434699476E-2,2.721835673E-1,9.723235130E0,9.727409712E0
1.960656854E1,-7.956135273E-2,2.626122832E-1,9.794421196E0,9.798264223E0
1.960872665E1,-6.520441920E-2,2.721835673E-1,9.784850121E0,9.788852200E0
1.961088705E1,-7.956135273E-2,2.626122832E-1,9.751350403E0,9.755210397E0
1.961304312E1,-7.956135273E-2,2.626122832E-1,9.742377281E0,9.746240830E0
1.961520320E1,-7.896314561E-2,3.008974493E-1,9.818349838E0,9.823276846E0
1.961735666E1,-6.520441920E-2,2.482553422E-1,9.746564865E0,9.749944051E0
1.961951323E1,-8.973085135E-2,2.769692242E-1,9.656235695E0,9.660623757E0
1.962166809E1,-7.477571070E-2,2.530409992E-1,9.737591743E0,9.741165953E0
1.962381808E1,-3.110669367E-2,2.578266263E-1,9.889535904E0,9.892945092E0
1.962598431E1,-6.041877344E-2,2.530409992E-1,9.727422714E0,9.730900926E0
1.962813389E1,-6.580262631E-2,2.338984162E-1,9.617950439E0,9.621019131E0
1.963030394E1,-5.084748194E-2,2.769692242E-1,9.741779327E0,9.745848443E0
1.963245811E1,-3.110669367E-2,2.865405083E-1,9.822537422E0,9.826765210E0
1.963461950E1,-7.058826834E-2,2.626122832E-1,9.656235695E0,9.660063960E0
1.963676910E1,-9.451649338E-2,2.626122832E-1,9.594620705E0,9.598679339E0
1.963892000E1,-5.563312769E-2,2.626122832E-1,9.751350403E0,9.755044589E0
1.964110431E1,-3.110669367E-2,2.721835673E-1,9.817750931E0,9.821572423E0
1.964326169E1,-6.041877344E-2,2.386840582E-1,9.736993790E0,9.740106189E0
1.964541974E1,-5.144568533E-2,2.578266263E-1,9.637093544E0,9.640679084E0
1.964757414E1,-6.041877344E-2,2.338984162E-1,9.684949875E0,9.687962272E0
1.964973118E1,-4.606183618E-2,2.482553422E-1,9.770493507E0,9.773755460E0
1.965188953E1,-6.460621208E-2,2.673979402E-1,9.818349838E0,9.822202867E0
1.965404560E1,-6.520441920E-2,2.721835673E-1,9.789635658E0,9.793635782E0
1.965620342E1,-6.041877344E-2,2.865405083E-1,9.713065147E0,9.717478606E0
1.965835574E1,-1.088734269E-1,2.530409992E-1,9.661021233E0,9.664947720E0
1.966049811E1,-8.913264424E-2,2.865405083E-1,9.741779327E0,9.746400082E0
1.966266460E1,-7.896314561E-2,2.440679073E-1,9.861420631E0,9.864756520E0
1.966483407E1,-7.956135273E-2,2.721835673E-1,9.732208252E0,9.736338704E0
1.966699447E1,-8.015955985E-2,2.482553422E-1,9.651450157E0,9.654975215E0
1.966915078E1,-8.853443712E-2,2.769692242E-1,9.837491989E0,9.841788401E0
1.967130687E1,-6.400800496E-2,2.817548811E-1,9.946963310E0,9.951158824E0
1.967347613E1,-8.434699476E-2,2.530409992E-1,9.704092026E0,9.707757012E0
1.967563179E1,-1.184447184E-1,2.530409992E-1,9.565906525E0,9.569985712E0
1.967777841E1,-1.034895778E-1,2.530409992E-1,9.789635658E0,9.793452209E0
1.967993019E1,-6.460621208E-2,2.721835673E-1,9.865608215E0,9.869573614E0
1.968207137E1,-1.088734269E-1,2.243271172E-1,9.684949875E0,9.688159276E0
1.968422172E1,-1.184447184E-1,2.626122832E-1,9.646664619E0,9.650965374E0
1.968640742E1,-8.374879509E-2,2.626122832E-1,9.870991707E0,9.874839561E0
1.968856733E1,-8.374879509E-2,2.721835673E-1,9.818349838E0,9.822478878E0
1.969072946E1,-1.184447184E-1,2.434697002E-1,9.670592308E0,9.674381749E0
1.969287285E1,-1.130608693E-1,2.578266263E-1,9.713663101E0,9.717741928E0
1.969501233E1,-7.896314561E-2,2.626122832E-1,9.827920914E0,9.831746024E0
1.969719540E1,-9.870393574E-2,2.578266263E-1,9.766305923E0,9.770207184E0
1.969935192E1,-1.130608693E-1,2.530409992E-1,9.713663101E0,9.717616135E0
1.970151532E1,-8.434699476E-2,2.578266263E-1,9.765707016E0,9.769474014E0
1.970366034E1,-1.034895778E-1,2.817548811E-1,9.770493507E0,9.775103032E0
1.970579407E1,-8.913264424E-2,2.530409992E-1,9.756135941E0,9.759823916E0
1.970798411E1,-1.028913707E-1,2.530409992E-1,9.832706451E0,9.836500015E0
1.971014459E1,-8.853443712E-2,2.392822653E-1,9.870991707E0,9.874288411E0
1.971230460E1,-9.870393574E-2,2.386840582E-1,9.766305923E0,9.769720771E0
1.971444694E1,-8.913264424E-2,2.338984162E-1,9.742377281E0,9.745592244E0
1.971657998E1,-5.563312769E-2,2.434697002E-1,9.799206734E0,9.802388747E0
1.971876861E1,-6.520441920E-2,2.386840582E-1,9.760921478E0,9.764057036E0
1.972092612E1,-8.913264424E-2,2.386840582E-1,9.704092026E0,9.707436158E0
1.972308748E1,-8.913264424E-2,2.626122832E-1,9.737591743E0,9.741540063E0
1.972522539E1,-6.460621208E-2,2.578266263E-1,9.818349838E0,9.821946960E0
1.972738517E1,-8.913264424E-2,2.482553422E-1,9.760921478E0,9.764484802E0
1.972955707E1,-7.477571070E-2,2.578266263E-1,9.760921478E0,9.764612336E0
1.973171724E1,-6.520441920E-2,2.434697002E-1,9.784850121E0,9.788095882E0
1.973387448E1,-6.041877344E-2,2.578266263E-1,9.751350403E0,9.754945396E0
1.973602747E1,-5.563312769E-2,2.434697002E-1,9.722636223E0,9.725843288E0
1.973818578E1,-5.084748194E-2,2.482553422E-1,9.746564865E0,9.749858607E0
1.974034288E1,-6.520441920E-2,2.865405083E-1,9.756135941E0,9.760560720E0
1.974249785E1,-7.058826834E-2,2.578266263E-1,9.675378799E0,9.679070833E0
1.974464130E1,-7.477571070E-2,2.626122832E-1,9.756135941E0,9.759956204E0
1.974680004E1,-4.546362907E-2,2.673979402E-1,9.841679573E0,9.845416468E0
1.974896151E1,-5.084748194E-2,2.578266263E-1,9.751350403E0,9.754890810E0
1.975113545E1,-8.494520187E-2,2.434697002E-1,9.670592308E0,9.674029604E0
1.975327727E1,-7.956135273E-2,2.673979402E-1,9.770493507E0,9.774475692E0
1.975544900E1,-6.460621208E-2,2.769692242E-1,9.823135376E0,9.827251626E0
1.975759804E1,-7.477571070E-2,2.721835673E-1,9.699306488E0,9.703412887E0
1.975974529E1,-8.015955985E-2,2.721835673E-1,9.637093544E0,9.641269700E0
1.976188746E1,-8.434699476E-2,2.817548811E-1,9.775279045E0,9.779702482E0
1.976407557E1,-5.503492057E-2,3.008974493E-1,9.884750366E0,9.889482187E0
1.976623580E1,-5.563312769E-2,2.769692242E-1,9.789635658E0,9.793710906E0
1.976839739E1,-6.520441920E-2,2.817548811E-1,9.680164337E0,9.684483415E0
1.977054615E1,-8.434699476E-2,2.530409992E-1,9.727422714E0,9.731078914E0
1.977269959E1,-7.477571070E-2,2.817548811E-1,9.784850121E0,9.789191443E0
1.977484849E1,-7.477571070E-2,2.392822653E-1,9.775279045E0,9.778493126E0
1.977702007E1,-7.477571070E-2,2.530409992E-1,9.722636223E0,9.726215928E0
1.977917711E1,-7.477571070E-2,2.392822653E-1,9.736993790E0,9.740220504E0
1.978133495E1,-5.084748194E-2,2.769692242E-1,9.765707016E0,9.769766166E0
1.978347569E1,-6.520441920E-2,2.817548811E-1,9.784850121E0,9.789123010E0
1.978563686E1,-7.477571070E-2,2.913261652E-1,9.746564865E0,9.751204490E0
1.978780622E1,-7.477571070E-2,3.104687333E-1,9.760921478E0,9.766144088E0
1.978996747E1,-7.956135273E-2,2.769692242E-1,9.775279045E0,9.779525672E0
1.979211893E1,-6.999006122E-2,2.673979402E-1,9.770493507E0,9.774402470E0
1.979425590E1,-7.956135273E-2,2.440679073E-1,9.770493507E0,9.773865281E0
1.979642402E1,-6.041877344E-2,2.440679073E-1,9.736993790E0,9.740239609E0
1.979859121E1,-7.956135273E-2,2.434697002E-1,9.704092026E0,9.707471841E0
1.980074430E1,-5.563312769E-2,2.440679073E-1,9.713065147E0,9.716290380E0
1.980290764E1,-5.563312769E-2,2.440679073E-1,9.698708534E0,9.701938539E0
1.980504895E1,-8.913264424E-2,2.578266263E-1,9.732208252E0,9.736030847E0
1.980722707E1,-7.417750359E-2,2.679961324E-1,9.803992271E0,9.807934986E0
1.980937732E1,-6.460621208E-2,2.769692242E-1,9.799206734E0,9.803333031E0
1.981153050E1,-9.391828626E-2,2.482553422E-1,9.708877563E0,9.712505079E0
1.981369198E1,-8.434699476E-2,2.673979402E-1,9.751350403E0,9.755380605E0
1.981584176E1,-9.870393574E-2,2.721835673E-1,9.751350403E0,9.755647648E0
1.981801609E1,-9.391828626E-2,2.673979402E-1,9.728020668E0,9.732148191E0
1.982016841E1,-9.391828626E-2,2.626122832E-1,9.751350403E0,9.755338053E0
1.982232489E1,-8.853443712E-2,2.721835673E-1,9.803992271E0,9.808169386E0
1.982447021E1,-8.434699476E-2,2.392822653E-1,9.803992271E0,9.807274590E0
1.982663669E1,-7.956135273E-2,2.721835673E-1,9.746564865E0,9.750689236E0
1.982878559E1,-7.956135273E-2,2.673979402E-1,9.694520950E0,9.698534329E0
1.983095834E1,-6.520441920E-2,2.673979402E-1,9.713065147E0,9.716963921E0
1.983311395E1,-7.477571070E-2,2.488535494E-1,9.746564865E0,9.750028008E0
1.983527174E1,-1.034895778E-1,2.626122832E-1,9.742377281E0,9.746465533E0
1.983741528E1,-1.034895778E-1,2.392822653E-1,9.765707016E0,9.769186231E0
1.983956583E1,-8.853443712E-2,2.769692242E-1,9.827920914E0,9.832221508E0
1.984171441E1,-9.332008660E-2,2.673979402E-1,9.808777809E0,9.812865657E0
1.984387300E1,-9.391828626E-2,2.578266263E-1,9.718449593E0,9.722322649E0
1.984603249E1,-1.082752272E-1,2.913261652E-1,9.699306488E0,9.704284662E0
1.984819146E1,-6.999006122E-2,2.626122832E-1,9.760921478E0,9.764704395E0
1.985034971E1,-5.084748194E-2,2.769692242E-1,9.770493507E0,9.774550670E0
1.985250757E1,-8.434699476E-2,2.434697002E-1,9.732208252E0,9.735618592E0
1.985466463E1,-6.520441920E-2,2.626122832E-1,9.727422714E0,9.731185410E0
1.985682128E1,-6.520441920E-2,2.392822653E-1,9.760921478E0,9.764071678E0
1.985897936E1,-6.999006122E-2,2.578266263E-1,9.746564865E0,9.750225631E0
1.986113647E1,-5.084748194E-2,2.105683982E-1,9.694520950E0,9.696940805E0
1.986329488E1,-7.956135273E-2,2.249253243E-1,9.741779327E0,9.744700399E0
1.986545058E1,-6.999006122E-2,2.344966233E-1,9.765707016E0,9.768772738E0
1.986760983E1,-7.956135273E-2,2.482553422E-1,9.727422714E0,9.730915342E0
1.986976479E1,-6.939185411E-2,2.584248483E-1,9.808777809E0,9.812426853E0
1.987192085E1,-3.110669367E-2,2.727817893E-1,9.808179855E0,9.812021688E0
1.987408686E1,-7.537391037E-2,2.434697002E-1,9.661021233E0,9.664382545E0
1.987623927E1,-8.494520187E-2,2.626122832E-1,9.656235695E0,9.660179537E0
1.987839694E1,-5.024927482E-2,2.727817893E-1,9.827322960E0,9.831236517E0
1.988055170E1,-4.546362907E-2,2.488535494E-1,9.803992271E0,9.807255451E0
1.988270545E1,-8.434699476E-2,2.482553422E-1,9.689735413E0,9.693282081E0
1.988486963E1,-7.477571070E-2,2.297109663E-1,9.723235130E0,9.726235651E0
1.988702664E1,-5.503492057E-2,2.249253243E-1,9.818349838E0,9.821080072E0
1.988918619E1,-7.956135273E-2,2.344966233E-1,9.803992271E0,9.807119003E0
1.989134030E1,-6.520441920E-2,2.201396823E-1,9.727422714E0,9.730131847E0
1.989349845E1,-8.913264424E-2,2.338984162E-1,9.704092026E0,9.707319668E0
1.989565447E1,-8.913264424E-2,2.673979402E-1,9.770493507E0,9.774558285E0
1.989781329E1,-8.434699476E-2,2.536391914E-1,9.780064583E0,9.783716599E0
1.989996954E1,-1.082752272E-1,2.817548811E-1,9.751350403E0,9.756020911E0
1.990212861E1,-8.913264424E-2,2.769692242E-1,9.756135941E0,9.760473609E0
1.990428507E1,-1.034895778E-1,2.721835673E-1,9.760921478E0,9.765264056E0
1.990644354E1,-9.870393574E-2,2.769692242E-1,9.746564865E0,9.750998979E0
1.990859966E1,-7.477571070E-2,2.482553422E-1,9.741779327E0,9.745228914E0
1.991075924E1,-1.034895778E-1,2.530409992E-1,9.742377281E0,9.746212338E0
1.991291478E1,-8.913264424E-2,2.769692242E-1,9.756135941E0,9.760473609E0
1.991507514E1,-7.477571070E-2,2.578266263E-1,9.808777809E0,9.812450667E0
1.991723386E1,-7.956135273E-2,2.721835673E-1,9.732208252E0,9.736338704E0
1.991938814E1,-9.391828626E-2,2.626122832E-1,9.799206734E0,9.803174918E0
1.992154540E1,-5.024927482E-2,2.482553422E-1,9.865608215E0,9.868859162E0
1.992370123E1,-8.853443712E-2,2.769692242E-1,9.813564301E0,9.817871184E0
1.992585898E1,-1.040877849E-1,2.626122832E-1,9.675378799E0,9.679501764E0
1.992801721E1,-8.434699476E-2,2.626122832E-1,9.704092026E0,9.708011211E0
1.993017400E1,-1.028913707E-1,2.817548811E-1,9.856635094E0,9.861198092E0
1.993233303E1,-6.520441920E-2,2.817548811E-1,9.756135941E0,9.760421401E0
1.993448905E1,-9.391828626E-2,2.817548811E-1,9.694520950E0,9.699069178E0
1.993664728E1,-6.999006122E-2,2.865405083E-1,9.751350403E0,9.755810512E0
1.993880430E1,-5.503492057E-2,2.769692242E-1,9.818349838E0,9.822409803E0
1.994096186E1,-6.520441920E-2,2.817548811E-1,9.784850121E0,9.789123010E0
1.994311837E1,-6.041877344E-2,2.626122832E-1,9.736993790E0,9.740721929E0
1.994527592E1,-7.477571070E-2,2.386840582E-1,9.784850121E0,9.788046453E0
1.994743313E1,-6.520441920E-2,2.626122832E-1,9.780064583E0,9.783807034E0
1.994959106E1,-6.520441920E-2,2.386840582E-1,9.775279045E0,9.778409999E0
1.995174831E1,-6.041877344E-2,2.578266263E-1,9.722636223E0,9.726241829E0
1.995390783E1,-7.537391037E-2,2.434697002E-1,9.656235695E0,9.659598673E0
1.995606463E1,-9.870393574E-2,2.721835673E-1,9.728020668E0,9.732328215E0
1.995822154E1,-7.417750359E-2,2.913261652E-1,9.837491989E0,9.842084224E0
1.996037720E1,-8.374879509E-2,2.721835673E-1,9.851848602E0,9.855963608E0
1.996253591E1,-7.537391037E-2,2.530409992E-1,9.680164337E0,9.683764380E0
1.996469273E1,-7.477571070E-2,2.673979402E-1,9.713663101E0,9.717630571E0
1.996685128E1,-5.024927482E-2,2.530409992E-1,9.827920914E0,9.831306333E0
1.996900843E1,-2.691925503E-2,2.386840582E-1,9.746564865E0,9.749524163E0
1.997116590E1,-7.058826834E-2,2.386840582E-1,9.656235695E0,9.659443078E0
1.997332340E1,-6.041877344E-2,2.578266263E-1,9.717850685E0,9.721458066E0
1.997548049E1,-5.024927482E-2,2.578266263E-1,9.813564301E0,9.817079191E0
1.997763791E1,-7.477571070E-2,2.769692242E-1,9.741779327E0,9.746002659E0
1.997979656E1,-8.434699476E-2,2.721835673E-1,9.751350403E0,9.755512954E0
1.998195146E1,-4.127619043E-2,2.721835673E-1,9.784850121E0,9.788722057E0
1.998410987E1,-6.999006122E-2,2.769692242E-1,9.717850685E0,9.722048781E0
1.998626685E1,-7.477571070E-2,2.578266263E-1,9.704092026E0,9.707804490E0
1.998842668E1,-4.546362907E-2,2.626122832E-1,9.813564301E0,9.817182714E0
1.999058346E1,-6.041877344E-2,2.626122832E-1,9.780064583E0,9.783776310E0
1.999274282E1,-6.101697683E-2,2.434697002E-1,9.661021233E0,9.664281237E0
1.999490380E1,-7.477571070E-2,2.434697002E-1,9.699306488E0,9.702649909E0
1.999705501E1,-6.460621208E-2,2.530409992E-1,9.813564301E0,9.817038657E0
1.999921114E1,-7.477571070E-2,2.434697002E-1,9.780064583E0,9.783380405E0
2.000136862E1,-9.451649338E-2,2.434697002E-1,9.675378799E0,9.678903129E0
2.000352597E1,-7.956135273E-2,2.482553422E-1,9.813564301E0,9.817026281E0
2.000568324E1,-7.896314561E-2,2.673979402E-1,9.823135376E0,9.827091403E0
2.000784229E1,-9.391828626E-2,2.673979402E-1,9.723235130E0,9.727364684E0
2.001000035E1,-9.391828626E-2,2.578266263E-1,9.728020668E0,9.731889916E0
2.001216004E1,-6.520441920E-2,2.530409992E-1,9.808777809E0,9.812257817E0
2.001432495E1,-7.956135273E-2,2.578266263E-1,9.789635658E0,9.793353404E0
2.001647524E1,-8.434699476E-2,2.338984162E-1,9.728020668E0,9.731197717E0
2.001864108E1,-8.434699476E-2,2.434697002E-1,9.742377281E0,9.745784063E0
2.002079529E1,-7.477571070E-2,2.338984162E-1,9.751350403E0,9.754441786E0
2.002295611E1,-8.913264424E-2,2.338984162E-1,9.742377281E0,9.745592244E0
2.002510688E1,-8.434699476E-2,2.434697002E-1,9.723235130E0,9.726648617E0
2.002725086E1,-6.999006122E-2,2.434697002E-1,9.760921478E0,9.764208325E0
2.002942579E1,-8.434699476E-2,2.338984162E-1,9.728020668E0,9.731197717E0
2.003158344E1,-9.391828626E-2,2.338984162E-1,9.751948357E0,9.755205065E0
2.003374456E1,-6.999006122E-2,2.578266263E-1,9.799206734E0,9.802847841E0
2.003589836E1,-6.999006122E-2,2.673979402E-1,9.741779327E0,9.745699807E0
2.003805486E1,-1.082752272E-1,2.578266263E-1,9.713663101E0,9.717687427E0
2.004021376E1,-7.956135273E-2,2.721835673E-1,9.756135941E0,9.760256267E0
2.004237091E1,-9.870393574E-2,2.673979402E-1,9.780064583E0,9.784217259E0
2.004452817E1,-9.391828626E-2,2.721835673E-1,9.775279045E0,9.779518646E0
2.004668725E1,-9.332008660E-2,2.865405083E-1,9.808777809E0,9.813405943E0
2.004885342E1,-7.477571070E-2,2.673979402E-1,9.756135941E0,9.760086145E0
2.005099948E1,-8.434699476E-2,2.721835673E-1,9.680164337E0,9.684357485E0
2.005315810E1,-9.391828626E-2,2.626122832E-1,9.723235130E0,9.727234307E0
2.005531193E1,-6.041877344E-2,2.632105052E-1,9.789635658E0,9.793359818E0
2.005747117E1,-7.477571070E-2,2.578266263E-1,9.694520950E0,9.698237079E0
2.005962237E1,-7.956135273E-2,2.297109663E-1,9.713663101E0,9.716704584E0
2.006178777E1,-6.939185411E-2,2.536391914E-1,9.808777809E0,9.812301982E0
2.006394414E1,-8.434699476E-2,2.673979402E-1,9.736993790E0,9.741029932E0
2.006610431E1,-1.136590764E-1,2.578266263E-1,9.651450157E0,9.655562288E0
2.006825896E1,-9.870393574E-2,2.865405083E-1,9.704092026E0,9.708823305E0
2.007041479E1,-7.956135273E-2,2.626122832E-1,9.789635658E0,9.793480563E0
2.007256357E1,-7.956135273E-2,2.817548811E-1,9.765707016E0,9.770094644E0
2.007473262E1,-9.870393574E-2,2.482553422E-1,9.713663101E0,9.717336262E0
2.007688983E1,-4.546362907E-2,2.865405083E-1,9.808179855E0,9.812469846E0
2.007904972E1,-5.563312769E-2,2.488535494E-1,9.784850121E0,9.788172200E0
2.008120367E1,-9.870393574E-2,2.482553422E-1,9.684949875E0,9.688633921E0
2.008335930E1,-9.391828626E-2,2.673979402E-1,9.736993790E0,9.741117511E0
2.008550833E1,-6.939185411E-2,2.536391914E-1,9.813564301E0,9.817086755E0
2.008767434E1,-9.391828626E-2,2.626122832E-1,9.723235130E0,9.727234307E0
2.008982300E1,-1.130608693E-1,2.434697002E-1,9.732806206E0,9.736507428E0
2.009199107E1,-6.939185411E-2,2.775674164E-1,9.856036186E0,9.860188041E0
2.009413517E1,-6.939185411E-2,2.440679073E-1,9.818349838E0,9.821628069E0
2.009630932E1,-9.391828626E-2,2.626122832E-1,9.689735413E0,9.693748409E0
2.009846291E1,-8.434699476E-2,2.673979402E-1,9.760921478E0,9.764947730E0
2.010062481E1,-4.067798331E-2,2.584248483E-1,9.832108498E0,9.835588219E0
2.010277441E1,-6.520441920E-2,2.386840582E-1,9.680164337E0,9.683326045E0
2.010492265E1,-9.870393574E-2,2.673979402E-1,9.680164337E0,9.684359851E0
2.010709270E1,-5.503492057E-2,2.769692242E-1,9.827322960E0,9.831379219E0
2.010925141E1,-5.084748194E-2,2.536391914E-1,9.760921478E0,9.764348745E0
2.011141220E1,-1.040877849E-1,2.530409992E-1,9.665806770E0,9.669678616E0
2.011356475E1,-6.999006122E-2,2.434697002E-1,9.722636223E0,9.725936008E0
2.011571770E1,-4.067798331E-2,2.536391914E-1,9.832108498E0,9.835463642E0
2.011788168E1,-4.606183618E-2,2.434697002E-1,9.746564865E0,9.749714142E0
2.012003737E1,-7.477571070E-2,2.434697002E-1,9.684949875E0,9.688298250E0
2.012219448E1,-3.649054468E-2,2.392822653E-1,9.770493507E0,9.773491236E0
2.012434184E1,-4.606183618E-2,2.440679073E-1,9.789635658E0,9.792785975E0
2.012651078E1,-8.434699476E-2,2.434697002E-1,9.684949875E0,9.688376850E0
2.012867144E1,-6.999006122E-2,2.482553422E-1,9.708877563E0,9.712303170E0
2.013084442E1,-5.982056633E-2,2.865405083E-1,9.823135376E0,9.827495743E0
2.013299821E1,-7.477571070E-2,2.721835673E-1,9.799206734E0,9.803271286E0
2.013515619E1,-9.870393574E-2,2.769692242E-1,9.732806206E0,9.737246585E0
2.013730823E1,-6.939185411E-2,2.865405083E-1,9.808777809E0,9.813207569E0
2.013946230E1,-7.896314561E-2,2.769692242E-1,9.837491989E0,9.841706954E0
2.014162214E1,-8.913264424E-2,2.673979402E-1,9.760921478E0,9.764990240E0
2.014377045E1,-7.956135273E-2,2.482553422E-1,9.718449593E0,9.721945444E0
2.014594239E1,-6.999006122E-2,2.578266263E-1,9.803992271E0,9.807631602E0
2.014809471E1,-6.999006122E-2,2.440679073E-1,9.803992271E0,9.807279552E0
2.015024705E1,-9.870393574E-2,2.386840582E-1,9.723235130E0,9.726665099E0
2.015242012E1,-1.034895778E-1,2.386840582E-1,9.704092026E0,9.707578597E0
2.015456970E1,-1.034895778E-1,2.530409992E-1,9.742377281E0,9.746212338E0
2.015673091E1,-1.082752272E-1,2.482553422E-1,9.775279045E0,9.779030353E0
2.015887443E1,-1.130608693E-1,2.673979402E-1,9.732806206E0,9.737135157E0
2.016101158E1,-1.274178028E-1,2.673979402E-1,9.694520950E0,9.699044974E0
2.016320008E1,-1.034895778E-1,2.673979402E-1,9.789635658E0,9.793833676E0
2.016535745E1,-9.810572863E-2,2.817548811E-1,9.861420631E0,9.865932668E0
2.016752161E1,-8.913264424E-2,2.769692242E-1,9.751350403E0,9.755690199E0
2.016967264E1,-1.040877849E-1,2.578266263E-1,9.680164337E0,9.684156671E0
2.017182244E1,-7.417750359E-2,2.536391914E-1,9.818349838E0,9.821905553E0
2.017395566E1,-7.896314561E-2,2.392822653E-1,9.847063065E0,9.850286401E0
2.017612273E1,-8.913264424E-2,2.482553422E-1,9.723235130E0,9.726812260E0
2.017830227E1,-8.434699476E-2,2.243271172E-1,9.708877563E0,9.711835080E0
2.018046309E1,-7.477571070E-2,2.578266263E-1,9.732208252E0,9.735909995E0
2.018260926E1,-9.870393574E-2,2.530409992E-1,9.770493507E0,9.774268034E0
2.018477417E1,-8.913264424E-2,2.769692242E-1,9.799206734E0,9.803525345E0
2.018693271E1,-9.391828626E-2,2.913261652E-1,9.789635658E0,9.794419733E0
2.018909168E1,-8.434699476E-2,2.865405083E-1,9.736993790E0,9.741574202E0
2.019124822E1,-6.520441920E-2,2.434697002E-1,9.760921478E0,9.764175194E0
2.019340652E1,-9.332008660E-2,2.673979402E-1,9.813564301E0,9.817650156E0
2.019554886E1,-9.391828626E-2,2.530409992E-1,9.742377281E0,9.746115405E0
2.019771629E1,-8.434699476E-2,2.243271172E-1,9.718449593E0,9.721404197E0
2.019986176E1,-6.520441920E-2,2.338984162E-1,9.770493507E0,9.773510294E0
2.020203765E1,-7.477571070E-2,2.291127741E-1,9.751350403E0,9.754328206E0
2.020419668E1,-6.999006122E-2,2.530409992E-1,9.713663101E0,9.717210464E0
2.020635087E1,-7.477571070E-2,2.721835673E-1,9.775279045E0,9.779353543E0
2.020850619E1,-7.477571070E-2,2.673979402E-1,9.765707016E0,9.769653350E0
2.021066082E1,-8.434699476E-2,2.769692242E-1,9.718449593E0,9.722761380E0
2.021282138E1,-6.999006122E-2,2.626122832E-1,9.756135941E0,9.759920712E0
2.021497678E1,-5.084748194E-2,2.673979402E-1,9.770493507E0,9.774284143E0
2.021712608E1,-8.434699476E-2,2.626122832E-1,9.784850121E0,9.788736972E0
2.021927786E1,-4.606183618E-2,2.530409992E-1,9.756135941E0,9.759525600E0
2.022144332E1,-6.520441920E-2,2.530409992E-1,9.775279045E0,9.778770975E0
2.022363526E1,-8.434699476E-2,2.721835673E-1,9.751350403E0,9.755512954E0
2.022575995E1,-5.563312769E-2,2.530409992E-1,9.736993790E0,9.740440075E0
2.022792462E1,-8.434699476E-2,2.673979402E-1,9.737591743E0,9.741627638E0
2.023009602E1,-3.589234129E-2,2.578266263E-1,9.808777809E0,9.812231394E0
2.023224478E1,-3.649054468E-2,2.578266263E-1,9.751350403E0,9.754826539E0
2.023439834E1,-7.537391037E-2,2.482553422E-1,9.632308006E0,9.635801444E0
2.023655130E1,-3.649054468E-2,2.338984162E-1,9.684949875E0,9.687842593E0
2.023870860E1,-2.153540403E-2,2.392822653E-1,9.822537422E0,9.825475112E0
2.024086705E1,-3.170489892E-2,2.530409992E-1,9.741779327E0,9.745116696E0
2.024301772E1,-4.127619043E-2,2.291127741E-1,9.684949875E0,9.687747440E0
2.024514920E1,-4.606183618E-2,2.482553422E-1,9.741779327E0,9.745050891E0
2.024732719E1,-4.127619043E-2,2.434697002E-1,9.765707016E0,9.768828729E0
2.024949702E1,-6.041877344E-2,2.530409992E-1,9.751350403E0,9.754820083E0
2.025165387E1,-6.041877344E-2,2.626122832E-1,9.760921478E0,9.764640482E0
2.025378296E1,-6.520441920E-2,2.482553422E-1,9.736993790E0,9.740376296E0
2.025597067E1,-7.956135273E-2,2.530409992E-1,9.699306488E0,9.702932861E0
2.025811972E1,-1.082752272E-1,2.482553422E-1,9.732806206E0,9.736573878E0
2.026026641E1,-7.417750359E-2,2.673979402E-1,9.813564301E0,9.817486860E0
2.026243971E1,-8.913264424E-2,2.530409992E-1,9.770493507E0,9.774176065E0
2.026459963E1,-1.130608693E-1,2.817548811E-1,9.718449593E0,9.723190374E0
2.026676337E1,-9.870393574E-2,2.482553422E-1,9.765707016E0,9.769360609E0
2.026891341E1,-1.028913707E-1,2.673979402E-1,9.818349838E0,9.822529299E0
2.027106319E1,-1.178465188E-1,2.673979402E-1,9.780064583E0,9.784429094E0
2.027321562E1,-1.226321608E-1,2.578266263E-1,9.742377281E0,9.746559819E0
2.027538338E1,-1.417747438E-1,2.673979402E-1,9.775876999E0,9.780560967E0
2.027754490E1,-1.226321608E-1,2.578266263E-1,9.771091461E0,9.775261713E0
2.027970342E1,-1.178465188E-1,2.721835673E-1,9.723235130E0,9.727757866E0
2.028185627E1,-1.274178028E-1,2.769692242E-1,9.747162819E0,9.751929566E0
2.028400013E1,-9.391828626E-2,2.769692242E-1,9.751350403E0,9.755735097E0
2.028616133E1,-8.434699476E-2,2.626122832E-1,9.732208252E0,9.736116119E0
2.028833031E1,-1.130608693E-1,2.769692242E-1,9.737591743E0,9.742185980E0
2.029049144E1,-8.913264424E-2,2.721835673E-1,9.799206734E0,9.803391308E0
2.029264741E1,-9.332008660E-2,2.769692242E-1,9.842277527E0,9.846616043E0
2.029479938E1,-1.082752272E-1,2.865405083E-1,9.760921478E0,9.765726655E0
2.029694983E1,-1.130608693E-1,2.386840582E-1,9.737591743E0,9.741172712E0
2.029910185E1,-8.374879509E-2,2.769692242E-1,9.818349838E0,9.822612654E0
2.030127626E1,-8.913264424E-2,2.386840582E-1,9.732806206E0,9.736140475E0
2.030343111E1,-8.494520187E-2,2.386840582E-1,9.646664619E0,9.649990883E0
2.030558047E1,-5.563312769E-2,2.626122832E-1,9.780064583E0,9.783747927E0
2.030774362E1,-5.024927482E-2,2.721835673E-1,9.827322960E0,9.831219937E0
2.030988643E1,-6.520441920E-2,2.530409992E-1,9.689735413E0,9.693258159E0
2.031206618E1,-8.434699476E-2,2.721835673E-1,9.718449593E0,9.722626229E0
2.031421312E1,-4.546362907E-2,3.104687333E-1,9.851250648E0,9.856246604E0
2.031635869E1,-6.520441920E-2,2.721835673E-1,9.799206734E0,9.803202952E0
2.031853523E1,-6.520441920E-2,2.530409992E-1,9.694520950E0,9.698041958E0
2.032069082E1,-5.563312769E-2,2.721835673E-1,9.775279045E0,9.779225907E0
2.032285208E1,-3.589234129E-2,2.727817893E-1,9.851250648E0,9.855091958E0
2.032499202E1,-5.563312769E-2,2.632105052E-1,9.751350403E0,9.755060712E0
2.032714900E1,-3.230310604E-2,2.297109663E-1,9.655637741E0,9.658423826E0
2.032931372E1,-2.691925503E-2,2.673979402E-1,9.732208252E0,9.735918229E0
2.033148248E1,-3.649054468E-2,2.536391914E-1,9.756135941E0,9.759500648E0
2.033364060E1,-3.170489892E-2,2.626122832E-1,9.717850685E0,9.721450116E0
2.033578897E1,-5.084748194E-2,2.578266263E-1,9.665208817E0,9.668780766E0
2.033791340E1,-5.563312769E-2,2.913261652E-1,9.746564865E0,9.751076487E0
2.034008198E1,-3.110669367E-2,2.632105052E-1,9.793823242E0,9.797408897E0
2.034226362E1,-3.649054468E-2,2.440679073E-1,9.756135941E0,9.759256590E0
2.034441850E1,-4.606183618E-2,2.673979402E-1,9.684351921E0,9.688152326E0
2.034658759E1,-3.170489892E-2,2.392822653E-1,9.746564865E0,9.749553214E0
2.034874161E1,-2.691925503E-2,2.727817893E-1,9.784252167E0,9.788090979E0
2.035091238E1,-4.606183618E-2,2.201396823E-1,9.741779327E0,9.744375179E0
2.035304152E1,-3.649054468E-2,2.488535494E-1,9.717850685E0,9.721104957E0
2.035521208E1,-6.520441920E-2,2.392822653E-1,9.736993790E0,9.740151728E0
2.035736403E1,-5.982056633E-2,2.584248483E-1,9.803992271E0,9.807580046E0
2.035952938E1,-4.606183618E-2,2.727817893E-1,9.784850121E0,9.788760058E0
2.036168377E1,-8.015955985E-2,2.344966233E-1,9.665806770E0,9.668983129E0
2.036384154E1,-8.913264424E-2,2.626122832E-1,9.699306488E0,9.703270386E0
2.036599765E1,-6.939185411E-2,2.775674164E-1,9.875179291E0,9.879323101E0
2.036815585E1,-8.374879509E-2,2.584248483E-1,9.832706451E0,9.836458378E0
2.037031105E1,-1.130608693E-1,2.482553422E-1,9.713663101E0,9.717492697E0
2.037246013E1,-1.172483116E-1,2.727817893E-1,9.823135376E0,9.827621568E0
2.037461713E1,-6.939185411E-2,2.775674164E-1,9.884750366E0,9.888890165E0
2.037678561E1,-1.082752272E-1,2.626122832E-1,9.742377281E0,9.746517523E0
2.037894448E1,-1.184447184E-1,2.482553422E-1,9.627521515E0,9.631450067E0
2.038110386E1,-8.913264424E-2,2.488535494E-1,9.741779327E0,9.745364908E0
2.038325974E1,-7.417750359E-2,2.536391914E-1,9.851848602E0,9.855392231E0
2.038541577E1,-1.130608693E-1,2.440679073E-1,9.723235130E0,9.726954986E0
2.038757320E1,-1.088734269E-1,2.482553422E-1,9.608379364E0,9.612202564E0
2.038972948E1,-1.034895778E-1,2.632105052E-1,9.780064583E0,9.784153162E0
2.039188698E1,-8.374879509E-2,2.775674164E-1,9.842277527E0,9.846546829E0
2.039404240E1,-1.417747438E-1,2.626122832E-1,9.704092026E0,9.708680000E0
2.039619098E1,-1.034895778E-1,2.440679073E-1,9.704092026E0,9.707712464E0
2.039836740E1,-8.853443712E-2,2.775674164E-1,9.847063065E0,9.851372139E0
2.040050373E1,-1.322034448E-1,2.392822653E-1,9.794421196E0,9.798235572E0
2.040267529E1,-1.130608693E-1,2.488535494E-1,9.780064583E0,9.783883385E0
2.040481373E1,-1.130608693E-1,2.488535494E-1,9.784850121E0,9.788667056E0
2.040697985E1,-9.870393574E-2,2.297109663E-1,9.689735413E0,9.692960433E0
2.040914046E1,-8.913264424E-2,2.536391914E-1,9.746564865E0,9.750272003E0
2.041128368E1,-7.477571070E-2,2.440679073E-1,9.784850121E0,9.788179219E0
2.041346158E1,-9.391828626E-2,2.632105052E-1,9.741779327E0,9.745787032E0
2.041560353E1,-9.332008660E-2,2.775674164E-1,9.813564301E0,9.817932399E0
2.041776928E1,-7.896314561E-2,2.679961324E-1,9.827920914E0,9.831891303E0
2.041993164E1,-9.870393574E-2,2.578266263E-1,9.699306488E0,9.703234687E0
2.042207869E1,-7.417750359E-2,2.440679073E-1,9.808777809E0,9.812094249E0
2.042423535E1,-4.067798331E-2,2.440679073E-1,9.884750366E0,9.887846765E0
2.042638903E1,-8.434699476E-2,2.679961324E-1,9.760921478E0,9.764964129E0
2.042855067E1,-8.913264424E-2,2.530409992E-1,9.675378799E0,9.679097545E0
2.043070751E1,-4.606183618E-2,2.392822653E-1,9.732208252E0,9.735258351E0
2.043286580E1,-1.178465188E-1,2.817548811E-1,9.737591743E0,9.742379924E0
2.043502222E1,-7.956135273E-2,2.817548811E-1,9.741779327E0,9.746177727E0
2.043718382E1,-5.982056633E-2,2.727817893E-1,9.794421196E0,9.798401654E0
2.043934967E1,-6.999006122E-2,2.632105052E-1,9.727422714E0,9.731234816E0
2.044149550E1,-8.434699476E-2,2.488535494E-1,9.756135941E0,9.759673714E0
2.044365179E1,-4.546362907E-2,2.536391914E-1,9.841679573E0,9.845052392E0
2.044580726E1,-6.520441920E-2,2.440679073E-1,9.727422714E0,9.730702617E0
2.044796682E1,-8.973085135E-2,2.482553422E-1,9.579665184E0,9.583301486E0
2.045012520E1,-4.606183618E-2,2.392822653E-1,9.736993790E0,9.740042390E0
2.045228175E1,-3.589234129E-2,2.344966233E-1,9.851250648E0,9.854106569E0
2.045444037E1,-4.606183618E-2,2.632105052E-1,9.708279610E0,9.711956262E0
2.045659510E1,-7.537391037E-2,2.297109663E-1,9.637093544E0,9.640125535E0
2.045874696E1,-3.170489892E-2,2.584248483E-1,9.751350403E0,9.754825641E0
2.046092005E1,-5.982056633E-2,2.769692242E-1,9.799206734E0,9.803302661E0
2.046306835E1,-5.144568533E-2,2.626122832E-1,9.641879082E0,9.645591952E0
2.046521951E1,-7.477571070E-2,2.386840582E-1,9.718449593E0,9.721667757E0
2.046738270E1,-5.982056633E-2,2.961117923E-1,9.865608215E0,9.870232325E0
2.046954105E1,-5.563312769E-2,2.297109663E-1,9.770493507E0,9.773351807E0
2.047170273E1,-7.956135273E-2,2.626122832E-1,9.727422714E0,9.731292200E0
2.047385920E1,-5.084748194E-2,2.961117923E-1,9.775279045E0,9.779895095E0
2.047601428E1,-5.563312769E-2,2.530409992E-1,9.717850685E0,9.721303757E0
2.047817077E1,-8.015955985E-2,2.578266263E-1,9.675378799E0,9.679145367E0
2.048032585E1,-5.084748194E-2,2.626122832E-1,9.784850121E0,9.788505635E0
2.048247538E1,-5.024927482E-2,2.584248483E-1,9.823135376E0,9.826662557E0
2.048464400E1,-9.391828626E-2,2.673979402E-1,9.704092026E0,9.708229723E0
2.048680060E1,-8.494520187E-2,2.913261652E-1,9.670592308E0,9.675352304E0
2.048896182E1,-8.853443712E-2,2.488535494E-1,9.813564301E0,9.817118249E0
2.049111177E1,-8.853443712E-2,2.913261652E-1,9.827920914E0,9.832636410E0
2.049325456E1,-1.561316848E-1,3.056831062E-1,9.808777809E0,9.814781779E0
2.049543024E1,-9.810572863E-2,2.578266263E-1,9.823135376E0,9.827008086E0
2.049758842E1,-8.434699476E-2,2.673979402E-1,9.794421196E0,9.798433683E0
2.049974987E1,-1.136590764E-1,2.530409992E-1,9.627521515E0,9.631516945E0
2.050190355E1,-7.477571070E-2,2.482553422E-1,9.718449593E0,9.721907457E0
2.050405750E1,-7.896314561E-2,2.865405083E-1,9.894321442E0,9.898784644E0
2.050620671E1,-6.101697683E-2,2.626122832E-1,9.661021233E0,9.664782436E0
2.050836794E1,-1.190429255E-1,2.195414752E-1,9.556335449E0,9.559598156E0
2.051053357E1,-8.374879509E-2,2.913261652E-1,9.913464546E0,9.918097807E0
2.051269214E1,-3.050848842E-2,2.679961324E-1,9.942177773E0,9.945835890E0
2.051484734E1,-1.381855011E-1,2.291127741E-1,9.551549911E0,9.555296626E0
2.051699417E1,-1.423729509E-1,2.626122832E-1,9.647262573E0,9.651886366E0
2.051916131E1,-4.486542568E-2,2.632105052E-1,1.004207802E1,1.004562709E1
2.052131278E1,-7.477571070E-2,2.482553422E-1,9.789635658E0,9.793068388E0
2.052347930E1,-1.429711580E-1,2.482553422E-1,9.485149384E0,9.489474711E0
2.052563320E1,-6.999006122E-2,2.440679073E-1,9.784850121E0,9.788143830E0
2.052778554E1,-2.572284266E-2,3.062812984E-1,9.989436150E0,9.994163521E0
2.052994976E1,-9.391828626E-2,2.482553422E-1,9.713663101E0,9.717288830E0
2.053210829E1,-1.040877849E-1,2.578266263E-1,9.665806770E0,9.669805032E0
2.053426608E1,-5.982056633E-2,2.727817893E-1,9.875179291E0,9.879127210E0
2.053642400E1,-6.939185411E-2,2.488535494E-1,9.813564301E0,9.816964276E0
2.053858512E1,-9.930214286E-2,2.338984162E-1,9.637093544E0,9.640443006E0
2.054073766E1,-8.913264424E-2,2.721835673E-1,9.760921478E0,9.765122458E0
2.054289481E1,-5.084748194E-2,2.297109663E-1,9.784850121E0,9.787678196E0
2.054505050E1,-1.034895778E-1,2.386840582E-1,9.704092026E0,9.707578597E0
2.054720839E1,-6.999006122E-2,2.769692242E-1,9.799206734E0,9.803369990E0
2.054936647E1,-3.649054468E-2,2.817548811E-1,9.770493507E0,9.774623305E0
2.055152355E1,-9.451649338E-2,2.243271172E-1,9.651450157E0,9.654519468E0
2.055368207E1,-5.982056633E-2,2.961117923E-1,9.794421196E0,9.799078898E0
2.055583845E1,-6.400800496E-2,2.775674164E-1,9.932606697E0,9.936690420E0
2.055799700E1,-6.041877344E-2,2.434697002E-1,9.713065147E0,9.716303952E0
2.056015408E1,-8.494520187E-2,2.338984162E-1,9.585049629E0,9.588279332E0
2.056231157E1,-7.477571070E-2,2.769692242E-1,9.746564865E0,9.750786124E0
2.056446802E1,-3.589234129E-2,2.775674164E-1,9.870393753E0,9.874360980E0
2.056662631E1,-4.127619043E-2,2.578266263E-1,9.674779892E0,9.678302757E0
2.056878035E1,-8.015955985E-2,2.578266263E-1,9.570094109E0,9.573902097E0
2.057093163E1,-5.024927482E-2,2.727817893E-1,9.889535904E0,9.893424851E0
2.057309787E1,-2.572284266E-2,2.679961324E-1,9.923035622E0,9.926687239E0
2.057525652E1,-1.088734269E-1,2.195414752E-1,9.613762856E0,9.616885573E0
2.057741617E1,-8.015955985E-2,2.386840582E-1,9.661021233E0,9.664301676E0
2.057957106E1,-3.589234129E-2,2.536391914E-1,9.841679573E0,9.845012845E0
2.058172742E1,-8.015955985E-2,2.338984162E-1,9.675378799E0,9.678537541E0
2.058388505E1,-9.870393574E-2,2.482553422E-1,9.694520950E0,9.698201361E0
2.058604234E1,-6.460621208E-2,2.913261652E-1,9.832108498E0,9.836635726E0
2.058820076E1,-5.563312769E-2,2.673979402E-1,9.775279045E0,9.779093880E0
2.059035749E1,-8.434699476E-2,3.056831062E-1,9.736993790E0,9.742156057E0
2.059251243E1,-5.982056633E-2,2.913261652E-1,9.832108498E0,9.836605458E0
2.059465652E1,-6.041877344E-2,2.865405083E-1,9.780064583E0,9.784447820E0
2.059681862E1,-1.034895778E-1,2.817548811E-1,9.689735413E0,9.694383336E0
2.059897978E1,-7.477571070E-2,2.578266263E-1,9.717850685E0,9.721557895E0
2.060114971E1,-6.939185411E-2,2.536391914E-1,9.808777809E0,9.812301982E0
2.060330173E1,-8.913264424E-2,2.297109663E-1,9.751350403E0,9.754462898E0
2.060545172E1,-1.136590764E-1,2.386840582E-1,9.646664619E0,9.650286356E0
2.060761657E1,-7.417750359E-2,2.632105052E-1,9.808777809E0,9.812589066E0
2.060977527E1,-8.913264424E-2,2.584248483E-1,9.784850121E0,9.788667933E0
2.061193517E1,-1.082752272E-1,2.817548811E-1,9.775279045E0,9.779938126E0
2.061408845E1,-8.374879509E-2,2.919243574E-1,9.865608215E0,9.870281615E0
2.061624066E1,-9.391828626E-2,2.679961324E-1,9.799206734E0,9.803320620E0
2.061840488E1,-1.040877849E-1,2.344966233E-1,9.670592308E0,9.673994962E0
2.062056450E1,-8.853443712E-2,2.775674164E-1,9.837491989E0,9.841805254E0
2.062273186E1,-6.999006122E-2,2.392822653E-1,9.756135941E0,9.759320832E0
2.062487103E1,-1.088734269E-1,2.434697002E-1,9.561120987E0,9.564840064E0
2.062704962E1,-8.973085135E-2,2.482553422E-1,9.661021233E0,9.664626925E0
2.062918139E1,-6.460621208E-2,2.201396823E-1,9.808777809E0,9.811460521E0
2.063136864E1,-8.434699476E-2,2.632105052E-1,9.794421196E0,9.798320302E0
2.063351811E1,-8.434699476E-2,2.344966233E-1,9.746564865E0,9.749750240E0
2.063567995E1,-5.084748194E-2,2.249253243E-1,9.756135941E0,9.758860864E0
2.063781842E1,-7.477571070E-2,2.721835673E-1,9.736993790E0,9.741084301E0
2.063998175E1,-6.520441920E-2,2.201396823E-1,9.732208252E0,9.734916053E0
2.064214917E1,-6.520441920E-2,2.488535494E-1,9.784850121E0,9.788231280E0
2.064431235E1,-8.434699476E-2,2.249253243E-1,9.732806206E0,9.735770255E0
2.064648198E1,-8.434699476E-2,2.344966233E-1,9.728020668E0,9.731212114E0
2.064864876E1,-8.853443712E-2,2.679961324E-1,9.813564301E0,9.817622144E0
2.065076548E1,-8.434699476E-2,2.344966233E-1,9.760921478E0,9.764102170E0
2.065293520E1,-9.391828626E-2,2.673979402E-1,9.708877563E0,9.713013222E0
2.065508574E1,-1.178465188E-1,2.578266263E-1,9.708877563E0,9.713015284E0
2.065725488E1,-8.434699476E-2,2.769692242E-1,9.789635658E0,9.793916106E0
2.065940798E1,-5.024927482E-2,2.679961324E-1,9.870393753E0,9.874159192E0
2.066156676E1,-8.434699476E-2,2.578266263E-1,9.704092026E0,9.707882932E0
2.066372449E1,-9.870393574E-2,2.249253243E-1,9.713663101E0,9.716768224E0
2.066588154E1,-4.486542568E-2,2.871387303E-1,9.932606697E0,9.936857519E0
2.066803820E1,-5.024927482E-2,2.626122832E-1,9.818349838E0,9.821989806E0
2.067019341E1,-9.451649338E-2,2.482553422E-1,9.575477600E0,9.579161516E0
2.067233646E1,-7.956135273E-2,2.673979402E-1,9.765707016E0,9.769691151E0
2.067449549E1,-5.982056633E-2,2.865405083E-1,9.889535904E0,9.893867007E0
2.067665090E1,-9.870393574E-2,2.530409992E-1,9.751948357E0,9.755730058E0
2.067881313E1,-1.178465188E-1,2.626122832E-1,9.751948357E0,9.756195455E0
2.068096913E1,-5.982056633E-2,2.961117923E-1,9.851250648E0,9.855881494E0
2.068312370E1,-9.391828626E-2,2.673979402E-1,9.760921478E0,9.765035095E0
2.068528407E1,-8.973085135E-2,2.434697002E-1,9.651450157E0,9.654937558E0
2.068744220E1,-6.520441920E-2,2.673979402E-1,9.765707016E0,9.769584781E0
2.068960001E1,-7.477571070E-2,2.769692242E-1,9.789635658E0,9.793838353E0
2.069175300E1,-4.666004330E-2,2.386840582E-1,9.675378799E0,9.678434902E0
2.069389614E1,-8.973085135E-2,2.865405083E-1,9.637093544E0,9.641770017E0
2.069607286E1,-5.084748194E-2,2.817548811E-1,9.770493507E0,9.774687446E0
2.069822980E1,-2.632104978E-2,2.440679073E-1,9.836894035E0,9.839956616E0
2.070039172E1,-8.434699476E-2,2.626122832E-1,9.756135941E0,9.760034227E0
2.070254099E1,-5.084748194E-2,2.530409992E-1,9.732208252E0,9.735630060E0
2.070469153E1,-5.503492057E-2,2.482553422E-1,9.832706451E0,9.835993886E0
2.070685847E1,-6.041877344E-2,2.865405083E-1,9.780064583E0,9.784447820E0
2.070901675E1,-6.580262631E-2,2.386840582E-1,9.632308006E0,9.635489484E0
2.071117585E1,-1.136590764E-1,2.578266263E-1,9.646664619E0,9.650778789E0
2.071332943E1,-5.503492057E-2,3.104687333E-1,9.808777809E0,9.813844394E0
2.071547870E1,-9.332008660E-2,2.913261652E-1,9.808777809E0,9.813546845E0
2.071764675E1,-9.870393574E-2,3.008974493E-1,9.728020668E0,9.733173576E0
2.071980304E1,-7.417750359E-2,2.961117923E-1,9.875179291E0,9.879896281E0
2.072196128E1,-5.982056633E-2,2.961117923E-1,9.856036186E0,9.860664785E0
2.072410771E1,-7.956135273E-2,2.626122832E-1,9.741779327E0,9.745643113E0
2.072627630E1,-5.563312769E-2,2.578266263E-1,9.746564865E0,9.750133142E0
2.072843283E1,-5.084748194E-2,2.434697002E-1,9.765707016E0,9.768873860E0
2.073059397E1,-8.434699476E-2,2.243271172E-1,9.751948357E0,9.754892814E0
2.073274877E1,-4.127619043E-2,2.386840582E-1,9.775279045E0,9.778279716E0
2.073490612E1,-6.520441920E-2,2.291127741E-1,9.780064583E0,9.782965170E0
2.073706294E1,-8.434699476E-2,2.673979402E-1,9.684949875E0,9.689007697E0
2.073922184E1,-9.870393574E-2,2.913261652E-1,9.727422714E0,9.732284730E0
2.074137728E1,-7.896314561E-2,2.961117923E-1,9.803992271E0,9.808780853E0
2.074353570E1,-7.477571070E-2,2.865405083E-1,9.756135941E0,9.760629353E0
2.074569175E1,-9.870393574E-2,2.721835673E-1,9.728020668E0,9.732328215E0
2.074785086E1,-6.939185411E-2,2.721835673E-1,9.803992271E0,9.808015272E0
2.075000809E1,-9.332008660E-2,2.536391914E-1,9.847063065E0,9.850771161E0
2.075216561E1,-6.041877344E-2,2.673979402E-1,9.703494072E0,9.707365724E0
2.075432191E1,-6.999006122E-2,2.386840582E-1,9.675378799E0,9.678575494E0
2.075648012E1,-6.041877344E-2,2.626122832E-1,9.746564865E0,9.750289345E0
2.075863828E1,-6.041877344E-2,2.721835673E-1,9.732208252E0,9.736201096E0
2.076080040E1,-7.956135273E-2,2.392822653E-1,9.713663101E0,9.716935569E0
2.076295167E1,-7.956135273E-2,2.536391914E-1,9.799206734E0,9.802811610E0
2.076511031E1,-9.332008660E-2,2.536391914E-1,9.832706451E0,9.836419960E0
2.076726652E1,-6.520441920E-2,2.392822653E-1,9.713065147E0,9.716230863E0
2.076942383E1,-1.034895778E-1,2.482553422E-1,9.708877563E0,9.712602347E0
2.077157982E1,-1.130608693E-1,2.817548811E-1,9.775279045E0,9.779992279E0
2.077374956E1,-8.434699476E-2,2.488535494E-1,9.746564865E0,9.750106111E0
2.077589947E1,-9.391828626E-2,2.626122832E-1,9.704092026E0,9.708099088E0
2.077807190E1,-7.956135273E-2,2.440679073E-1,9.722636223E0,9.726024587E0
2.078022075E1,-5.024927482E-2,2.440679073E-1,9.823135376E0,9.826295474E0
2.078236610E1,-9.391828626E-2,2.536391914E-1,9.775279045E0,9.779020089E0
2.078452747E1,-7.058826834E-2,2.249253243E-1,9.651450157E0,9.654328783E0
2.078669764E1,-9.391828626E-2,2.297109663E-1,9.704092026E0,9.707264796E0
2.078885825E1,-8.434699476E-2,2.626122832E-1,9.780064583E0,9.783953335E0
2.079101187E1,-7.956135273E-2,1.818545163E-1,9.760921478E0,9.762939577E0
2.079315291E1,-8.913264424E-2,2.626122832E-1,9.775279045E0,9.779212149E0
2.079531611E1,-9.391828626E-2,2.057827413E-1,9.742377281E0,9.745002938E0
2.079748032E1,-1.034895778E-1,2.482553422E-1,9.718449593E0,9.722170709E0
2.079963286E1,-1.130608693E-1,2.530409992E-1,9.761520386E0,9.765454047E0
2.080180262E1,-8.913264424E-2,2.626122832E-1,9.751350403E0,9.755293154E0
2.080395895E1,-1.178465188E-1,2.530409992E-1,9.718449593E0,9.722457510E0
2.080612486E1,-1.130608693E-1,2.632105052E-1,9.799206734E0,9.803393042E0
2.080827278E1,-7.896314561E-2,2.632105052E-1,9.841679573E0,9.845515312E0
2.081042801E1,-1.274178028E-1,2.488535494E-1,9.742377281E0,9.746387971E0
2.081258462E1,-1.034895778E-1,2.297109663E-1,9.694520950E0,9.697794269E0
2.081473716E1,-7.896314561E-2,2.488535494E-1,9.856036186E0,9.859493525E0
2.081687826E1,-9.391828626E-2,2.392822653E-1,9.775279045E0,9.778658244E0
2.081905953E1,-8.913264424E-2,2.249253243E-1,9.675378799E0,9.678403326E0
2.082121312E1,-9.870393574E-2,2.201396823E-1,9.765707016E0,9.768686578E0
2.082336305E1,-7.896314561E-2,2.488535494E-1,9.799206734E0,9.802684116E0
2.082551797E1,-1.082752272E-1,2.584248483E-1,9.713663101E0,9.717703318E0
2.082768757E1,-1.178465188E-1,2.673979402E-1,9.704092026E0,9.708490691E0
2.082984954E1,-8.853443712E-2,2.967100143E-1,9.803992271E0,9.808880652E0
2.083200573E1,-1.130608693E-1,2.536391914E-1,9.803992271E0,9.807924350E0
2.083416128E1,-9.870393574E-2,2.775674164E-1,9.756135941E0,9.760582699E0
2.083631540E1,-8.853443712E-2,2.775674164E-1,9.818349838E0,9.822671508E0
2.083846258E1,-7.956135273E-2,2.584248483E-1,9.760921478E0,9.764665971E0
2.084063303E1,-7.956135273E-2,2.584248483E-1,9.746564865E0,9.750314871E0
2.084278772E1,-7.477571070E-2,2.679961324E-1,9.775279045E0,9.779237892E0
2.084493106E1,-6.999006122E-2,2.584248483E-1,9.698708534E0,9.702403272E0
2.084707769E1,-6.999006122E-2,2.679961324E-1,9.674779892E0,9.678744056E0
2.084925846E1,-7.956135273E-2,2.536391914E-1,9.727422714E0,9.731054183E0
2.085140723E1,-7.417750359E-2,2.871387303E-1,9.841679573E0,9.846146849E0
2.085357166E1,-5.503492057E-2,2.775674164E-1,9.803394318E0,9.807477385E0
2.085573531E1,-8.434699476E-2,2.775674164E-1,9.717850685E0,9.722179798E0
2.085789233E1,-7.896314561E-2,3.104687333E-1,9.794421196E0,9.799658799E0
2.086003242E1,-4.546362907E-2,2.871387303E-1,9.832108498E0,9.836405497E0
2.086217462E1,-8.913264424E-2,2.865405083E-1,9.746564865E0,9.751183352E0
2.086436463E1,-5.084748194E-2,2.536391914E-1,9.698708534E0,9.702157777E0
2.086652471E1,-4.127619043E-2,2.913261652E-1,9.727422714E0,9.731871727E0
2.086868813E1,-5.084748194E-2,2.584248483E-1,9.684351921E0,9.687932752E0
2.087083005E1,-5.563312769E-2,2.721835673E-1,9.665208817E0,9.669200608E0
2.087296234E1,-4.606183618E-2,2.919243574E-1,9.756135941E0,9.760611150E0
2.087513836E1,-6.520441920E-2,2.536391914E-1,9.736993790E0,9.740515003E0
2.087731015E1,-7.956135273E-2,2.673979402E-1,9.722636223E0,9.726638000E0
2.087947317E1,-7.417750359E-2,2.727817893E-1,9.827920914E0,9.831985643E0
2.088162603E1,-5.503492057E-2,2.679961324E-1,9.799206734E0,9.803025216E0
2.088377185E1,-7.477571070E-2,2.673979402E-1,9.675378799E0,9.679361961E0
2.088592850E1,-7.956135273E-2,2.673979402E-1,9.703494072E0,9.707503740E0
2.088809720E1,-6.520441920E-2,2.961117923E-1,9.789635658E0,9.794329999E0
2.089025571E1,-5.084748194E-2,2.769692242E-1,9.765707016E0,9.769766166E0
2.089240812E1,-8.913264424E-2,2.673979402E-1,9.694520950E0,9.698617569E0
2.089454774E1,-6.999006122E-2,2.817548811E-1,9.746564865E0,9.750887708E0
2.089672467E1,-6.939185411E-2,2.823530734E-1,9.851250648E0,9.855540463E0
2.089888130E1,-1.082752272E-1,2.392822653E-1,9.751948357E0,9.755484420E0
2.090104554E1,-9.870393574E-2,2.530409992E-1,9.732806206E0,9.736595342E0
2.090319902E1,-9.870393574E-2,2.392822653E-1,9.760921478E0,9.764352850E0
2.090535354E1,-1.082752272E-1,2.488535494E-1,9.747162819E0,9.750940192E0
2.090750089E1,-8.374879509E-2,2.440679073E-1,9.827920914E0,9.831307771E0
2.090967061E1,-6.939185411E-2,2.727817893E-1,9.799206734E0,9.803248326E0
2.091182847E1,-1.034895778E-1,2.297109663E-1,9.689735413E0,9.693010347E0
2.091398337E1,-1.034895778E-1,2.913261652E-1,9.765707016E0,9.770599498E0
2.091612400E1,-8.374879509E-2,2.919243574E-1,9.889535904E0,9.894198001E0
2.091829996E1,-8.913264424E-2,2.673979402E-1,9.775279045E0,9.779341833E0
2.092045810E1,-1.082752272E-1,2.721835673E-1,9.737591743E0,9.741996735E0
2.092261704E1,-9.391828626E-2,2.632105052E-1,9.794421196E0,9.798407370E0
2.092475436E1,-8.913264424E-2,2.488535494E-1,9.803992271E0,9.807555107E0
2.092690069E1,-8.434699476E-2,2.488535494E-1,9.760921478E0,9.764457517E0
2.092905893E1,-1.034895778E-1,2.297109663E-1,9.775279045E0,9.778525330E0
2.093121937E1,-1.034895778E-1,2.584248483E-1,9.760921478E0,9.764890250E0
2.093338279E1,-8.434699476E-2,2.344966233E-1,9.803992271E0,9.807158994E0
2.093554800E1,-7.956135273E-2,2.488535494E-1,9.717850685E0,9.721362046E0
2.093770376E1,-7.956135273E-2,2.626122832E-1,9.732208252E0,9.736075836E0
2.093986436E1,-6.999006122E-2,2.632105052E-1,9.760921478E0,9.764720502E0
2.094201912E1,-7.477571070E-2,2.530409992E-1,9.713065147E0,9.716648379E0
2.094417680E1,-6.520441920E-2,2.584248483E-1,9.736993790E0,9.740640794E0
2.094633226E1,-6.999006122E-2,2.679961324E-1,9.770493507E0,9.774418853E0
2.094847693E1,-7.477571070E-2,2.440679073E-1,9.794421196E0,9.797747043E0
2.095063538E1,-6.041877344E-2,2.488535494E-1,9.789635658E0,9.792984470E0
2.095280561E1,-4.546362907E-2,2.344966233E-1,9.812965393E0,9.815872117E0
2.095496683E1,-6.041877344E-2,2.536391914E-1,9.727422714E0,9.730916500E0
2.095712487E1,-6.520441920E-2,2.392822653E-1,9.736993790E0,9.740151728E0
2.095927621E1,-4.606183618E-2,2.584248483E-1,9.765707016E0,9.769234290E0
2.096142564E1,-5.563312769E-2,2.344966233E-1,9.708279610E0,9.711270601E0
2.096359332E1,-6.999006122E-2,2.488535494E-1,9.689137459E0,9.692585382E0
2.096575000E1,-6.520441920E-2,2.392822653E-1,9.736993790E0,9.740151728E0
2.096791096E1,-6.520441920E-2,2.297109663E-1,9.736993790E0,9.739921294E0
2.097006240E1,-7.956135273E-2,2.392822653E-1,9.722636223E0,9.725905672E0
2.097221349E1,-6.999006122E-2,2.488535494E-1,9.765707016E0,9.769127915E0
2.097437825E1,-7.956135273E-2,2.488535494E-1,9.708279610E0,9.711794431E0
2.097652820E1,-7.477571070E-2,2.679961324E-1,9.751350403E0,9.755318960E0
2.097869721E1,-6.999006122E-2,2.584248483E-1,9.760921478E0,9.764592675E0
2.098085137E1,-7.956135273E-2,2.775674164E-1,9.775279045E0,9.779542632E0
2.098300095E1,-7.477571070E-2,2.584248483E-1,9.770493507E0,9.774196549E0
2.098514822E1,-5.563312769E-2,2.584248483E-1,9.746564865E0,9.750148979E0
2.098732431E1,-8.434699476E-2,2.727817893E-1,9.732208252E0,9.736395728E0
2.098948456E1,-7.956135273E-2,2.536391914E-1,9.760921478E0,9.764540489E0
2.099164304E1,-6.999006122E-2,2.392822653E-1,9.760921478E0,9.764104809E0
2.099378879E1,-8.913264424E-2,2.344966233E-1,9.756135941E0,9.759360726E0
2.099595425E1,-8.913264424E-2,2.632105052E-1,9.722636223E0,9.726606783E0
2.099811213E1,-1.034895778E-1,2.297109663E-1,9.742377281E0,9.745634526E0
2.100027113E1,-1.028913707E-1,2.775674164E-1,9.818349838E0,9.822811403E0
2.100242329E1,-1.034895778E-1,2.632105052E-1,9.784850121E0,9.788936701E0
2.100456486E1,-1.082752272E-1,2.769692242E-1,9.675378799E0,9.679947851E0
2.100673248E1,-9.870393574E-2,2.632105052E-1,9.713663101E0,9.717729832E0
2.100889970E1,-5.982056633E-2,2.871387303E-1,9.851250648E0,9.855615987E0
2.101106153E1,-9.391828626E-2,2.632105052E-1,9.732208252E0,9.736219897E0
2.101321405E1,-8.434699476E-2,2.440679073E-1,9.689735413E0,9.693175740E0
2.101536260E1,-6.460621208E-2,2.392822653E-1,9.808777809E0,9.811908687E0
2.101752840E1,-6.520441920E-2,2.536391914E-1,9.784850121E0,9.788354118E0
2.101968687E1,-8.913264424E-2,2.344966233E-1,9.689735413E0,9.692982289E0
2.102184322E1,-6.999006122E-2,2.201396823E-1,9.736993790E0,9.739733474E0
2.102399181E1,-7.477571070E-2,2.727817893E-1,9.784850121E0,9.788937286E0
2.102615911E1,-7.477571070E-2,2.344966233E-1,9.741779327E0,9.744888123E0
2.102831658E1,-8.913264424E-2,2.536391914E-1,9.751350403E0,9.755055722E0
2.103047543E1,-8.374879509E-2,2.775674164E-1,9.813564301E0,9.817846088E0
2.103263115E1,-6.999006122E-2,2.440679073E-1,9.756135941E0,9.759439341E0
2.103478780E1,-1.130608693E-1,2.578266263E-1,9.713663101E0,9.717741928E0
2.103694375E1,-9.391828626E-2,2.679961324E-1,9.794421196E0,9.798537092E0
2.103909279E1,-7.477571070E-2,2.536391914E-1,9.789635658E0,9.793206348E0
2.104126140E1,-9.870393574E-2,2.488535494E-1,9.732806206E0,9.736487416E0
2.104341854E1,-6.999006122E-2,2.536391914E-1,9.746564865E0,9.750115800E0
2.104557839E1,-6.939185411E-2,2.679961324E-1,9.803992271E0,9.807899959E0
2.104773228E1,-5.563312769E-2,2.727817893E-1,9.780064583E0,9.784026175E0
2.104989055E1,-6.999006122E-2,2.578266263E-1,9.727422714E0,9.731090681E0
2.105204746E1,-7.956135273E-2,2.721835673E-1,9.775279045E0,9.779391306E0
2.105420570E1,-6.460621208E-2,2.727817893E-1,9.841679573E0,9.845671165E0
2.105636383E1,-8.913264424E-2,2.727817893E-1,9.799206734E0,9.803407935E0
2.105852706E1,-8.913264424E-2,2.536391914E-1,9.756135941E0,9.759839443E0
2.106067537E1,-8.913264424E-2,2.632105052E-1,9.784850121E0,9.788795446E0
2.106283555E1,-7.956135273E-2,2.392822653E-1,9.727422714E0,9.730690555E0
2.106499009E1,-8.913264424E-2,2.482553422E-1,9.704092026E0,9.707676209E0
2.106715066E1,-5.503492057E-2,2.775674164E-1,9.822537422E0,9.826612536E0
2.106930209E1,-6.041877344E-2,2.536391914E-1,9.751350403E0,9.754835619E0
2.107144730E1,-8.434699476E-2,2.913261652E-1,9.703494072E0,9.708232720E0
2.107362195E1,-5.084748194E-2,2.865405083E-1,9.756135941E0,9.760475369E0
2.107578025E1,-3.170489892E-2,2.673979402E-1,9.722636223E0,9.726364273E0
2.107794199E1,-6.041877344E-2,2.626122832E-1,9.675378799E0,9.679130671E0
2.108009450E1,-4.127619043E-2,2.440679073E-1,9.736993790E0,9.740139677E0
2.108225066E1,-5.982056633E-2,2.584248483E-1,9.813564301E0,9.817148577E0
2.108441037E1,-5.563312769E-2,2.297109663E-1,9.780064583E0,9.782920086E0
2.108656611E1,-6.999006122E-2,2.440679073E-1,9.751350403E0,9.754655423E0
2.108872488E1,-8.434699476E-2,2.440679073E-1,9.680164337E0,9.683608065E0
2.109088097E1,-8.434699476E-2,2.673979402E-1,9.675378799E0,9.679440634E0
2.109303602E1,-8.434699476E-2,2.632105052E-1,9.746564865E0,9.750483109E0
2.109518196E1,-6.999006122E-2,2.775674164E-1,9.789635658E0,9.793819919E0
2.109735420E1,-8.913264424E-2,2.961117923E-1,9.756135941E0,9.761035566E0
2.109950855E1,-8.374879509E-2,2.727817893E-1,9.813564301E0,9.817711956E0
2.110166094E1,-8.913264424E-2,2.823530734E-1,9.775279045E0,9.779762180E0
2.110381163E1,-9.391828626E-2,2.679961324E-1,9.760921478E0,9.765051494E0
2.110597980E1,-4.127619043E-2,2.632105052E-1,9.770493507E0,9.774125376E0
2.110814255E1,-1.902294010E-1,2.201396823E-1,9.618548393E0,9.622947672E0
2.111030239E1,-5.982056633E-2,2.775674164E-1,9.846465111E0,9.850558225E0
2.111246074E1,-7.896314561E-2,2.297109663E-1,9.818349838E0,9.821354074E0
2.111462994E1,-1.130608693E-1,2.632105052E-1,9.760921478E0,9.765124200E0
2.111678632E1,-1.034895778E-1,2.536391914E-1,9.756135941E0,9.759981118E0
2.111894480E1,-1.034895778E-1,2.536391914E-1,9.789635658E0,9.793467683E0
2.112109492E1,-1.130608693E-1,2.769692242E-1,9.694520950E0,9.699135589E0
2.112324663E1,-8.913264424E-2,2.584248483E-1,9.741779327E0,9.745614013E0
2.112542006E1,-9.391828626E-2,2.584248483E-1,9.760921478E0,9.764793503E0
2.112755844E1,-8.913264424E-2,2.344966233E-1,9.732208252E0,9.735440964E0
2.112973247E1,-1.322034448E-1,2.392822653E-1,9.751948357E0,9.755779339E0
2.113188359E1,-8.853443712E-2,2.679961324E-1,9.803992271E0,9.808054075E0
2.113404619E1,-1.034895778E-1,2.536391914E-1,9.760921478E0,9.764764771E0
2.113619915E1,-1.034895778E-1,2.536391914E-1,9.708877563E0,9.712741450E0
2.113835153E1,-7.477571070E-2,2.440679073E-1,9.794421196E0,9.797747043E0
2.114051630E1,-6.939185411E-2,3.014956415E-1,9.870393753E0,9.875241146E0
2.114266920E1,-7.477571070E-2,2.488535494E-1,9.698708534E0,9.702188760E0
2.114481958E1,-6.999006122E-2,2.440679073E-1,9.708279610E0,9.711599288E0
2.114698513E1,-6.999006122E-2,2.727817893E-1,9.780064583E0,9.784118343E0
2.114913690E1,-6.520441920E-2,2.344966233E-1,9.736993790E0,9.740035336E0
2.115132393E1,-7.477571070E-2,2.344966233E-1,9.756135941E0,9.759240163E0
2.115346189E1,-7.477571070E-2,2.488535494E-1,9.780064583E0,9.783515868E0
2.115562045E1,-7.477571070E-2,2.530409992E-1,9.746564865E0,9.750135785E0
2.115776753E1,-5.084748194E-2,2.865405083E-1,9.765707016E0,9.770042193E0
2.115991483E1,-1.088734269E-1,2.291127741E-1,9.670592308E0,9.673918631E0
2.116207766E1,-6.041877344E-2,2.817548811E-1,9.741779327E0,9.746040258E0
2.116424770E1,-6.999006122E-2,2.386840582E-1,9.718449593E0,9.721632125E0
2.116640864E1,-6.999006122E-2,2.817548811E-1,9.770493507E0,9.774805768E0
2.116856476E1,-3.589234129E-2,2.721835673E-1,9.798608780E0,9.802454089E0
2.117071734E1,-5.563312769E-2,2.386840582E-1,9.694520950E0,9.697618346E0
2.117286487E1,-7.058826834E-2,2.626122832E-1,9.656235695E0,9.660063960E0
2.117502985E1,-4.606183618E-2,2.338984162E-1,9.675378799E0,9.678315198E0
2.117719838E1,-5.084748194E-2,1.627119333E-1,9.699306488E0,9.700804451E0
2.117935299E1,-9.391828626E-2,3.918247223E-1,9.661021233E0,9.669419761E0
2.118150515E1,-5.024927482E-2,2.105683982E-1,9.884750366E0,9.887120604E0
2.118364349E1,-3.649054468E-2,2.626122832E-1,9.794421196E0,9.798009152E0
2.118580760E1,-1.082752272E-1,2.721835673E-1,9.684949875E0,9.689378798E0
2.118797896E1,-7.477571070E-2,2.913261652E-1,9.770493507E0,9.775121775E0
2.119013992E1,-6.460621208E-2,2.632105052E-1,9.837491989E0,9.841224638E0
